S No.,Title,Decisions,Words
3573,Barley futures fall on subdued demand,"{""Barley futures"": ""negative""}",6
5300,Rupee little changed against dollar in early trade,"{""Rupee"": ""neutral"", ""dollar"": ""neutral""}",8
1991,"Gillette India promoters' OFS fully subscribed, stock up 5%","{""Gillette India"": ""positive""}",9
1206,Wonderla Holidays files Draft Red Herring Prospectus with SEBI for IPO,"{""Wonderla Holidays"": ""neutral"", ""SEBI"": ""neutral""}",11
4972,Euro drops back towards 2-week lows vs sterling on Ukraine news,"{""Euro"": ""negative"", ""sterling"": ""neutral""}",11
10461,"IPOs of Shree Pushkar Chemicals, ACB (India) get Sebi's nod","{""Shree Pushkar Chemicals"": ""positive"", ""ACB (India)"": ""positive""}",10
6784,"Fertiliser sector will be re-rated in a few months: Sudip Bandyopadhyay, Convexity Solutions","{""Fertiliser sector"": ""neutral"", ""Convexity Solutions"": ""neutral""}",13
3601,Monsoon Impact: Agri futures hit lower circuit,"{""Agri futures"": ""negative""}",7
6491,D-Street could move 2% on either side on Thursdays Fed outcome,"{""D-Street"": ""neutral""}",11
8610,Chinese markets bounce back over 6% on attempts to stem rout; state intervention to weigh,"{""Chinese markets"": ""positive""}",15
10731,"Gold, silver extend losses in global markets","{""Gold"": ""negative"", ""silver"": ""negative""}",7
8071,DSCL Q1 net jumps over three fold to Rs 114 crore,"{""DSCL"": ""positive""}",11
8578,"Keep UPL in your portfolio for long term returns: Deven Choksey, KR Choksey Securities","{""UPL"": ""positive"", ""KR Choksey Securities"": ""neutral""}",14
7974,Spot demand lifts lead prices by 0.69% at futures trade,"{""lead"": ""positive""}",10
1626,MRF clocks record profit in Q1,"{""MRF"": ""positive""}",6
537,BPCL hires four banks for US dollar bond offering,"{""BPCL"": ""neutral""}",9
8767,Barley futures decline on selling pressure,"{""Barley"": ""negative""}",6
7971,Sony shares hit 3-month high after Q1 profit beats estimates,"{""Sony"": ""positive""}",10
4213,Go short in metal stocks that are in green: Ashwani Gujral,"{""metal stocks"": ""negative""}",11
6457,Bank of China first Chinese bank to join gold price benchmark,"{""Bank of China"": ""neutral"", ""gold"": ""neutral"", ""Chinese bank"": ""neutral""}",11
3508,Copper futures fall 1.13% on global cues,"{""Copper futures"": ""negative""}",7
8394,"Radio Mirchi posts 16% jump in quarterly net profit, revenue grows 11.6%","{""Radio Mirchi"": ""positive""}",12
9525,Oracle Financial Services Software gains; Q1 net profit falls 16%,"{""Oracle Financial Services Software"": ""negative""}",10
7113,Infosys to beat NASSCOM estimate: Sudip Bandyopadhyay,"{""Infosys"": ""positive"", ""NASSCOM"": ""neutral""}",7
2709,Steps taken by management paying off for Tata Sponge: Dipan Mehta,"{""Tata Sponge"": ""positive""}",11
5032,"Euro on defensive after ECB bond buying report, yen soft","{""yen"": ""negative"", ""Euro"": ""neutral""}",10
6515,"Gunit Chadha, Deutsche Bank India CEO to move as co-head Asia","{""Deutsche Bank India"": ""neutral""}",11
4663,"Won't get a 2008-like opportunity where everything was so cheap: Nilesh Shah, Axis Capital","{""Axis Capital"": ""neutral""}",14
4022,Kalindee Rail slumps 10% after board okays merger with Texmaco,"{""Kalindee Rail"": ""negative"", ""Texmaco"": ""neutral""}",10
1855,Jefferies expects upside potential for Ashok Leyland,"{""Ashok Leyland"": ""positive""}",7
10139,USFDA becoming dreaded word in Dalal Street; pharma companies need to keep Street in the loop,"{""pharma companies"": ""negative"", ""USFDA"": ""neutral""}",16
2873,Oriental Bank of Commerce Q4 Net rises marginally to Rs 310 crore,"{""Oriental Bank of Commerce"": ""positive""}",12
3031,Oriental Bank of Commerce Q1 net profit rises 3% to Rs 365 crore,"{""Oriental Bank of Commerce"": ""positive""}",13
9398,Carborundum Universal Q1 net down 25% at Rs 28.78 crore,"{""Carborundum Universal"": ""negative""}",10
1646,"Markets hit all-time high levels, profit-booking likely now","{""Markets"": ""positive""}",8
3418,Industrial oil prices drop on weak demand,"{""Industrial oil"": ""negative""}",7
3477,Europe shares dip on report of stress-test failures,"{""Europe shares"": ""negative""}",8
10276,"Important to go beyond Nifty and Sensex: Arindam Ghosh, Blackridge Capital Advisors","{""Nifty"": ""neutral"", ""Sensex"": ""neutral"", ""Blackridge Capital Advisors"": ""neutral""}",12
1793,Germany's DAX outperforms European shares after strong data,"{""DAX"": ""positive"", ""European shares"": ""negative""}",8
3798,Oracle Financial Services plunges on dispute with Irish customer,"{""Oracle Financial Services"": ""negative""}",9
3369,MOIL prospects dim on falling ore prices,"{""MOIL"": ""negative"", ""ore"": ""negative""}",7
7197,62 smallcap stocks doubled investor wealth in 2015,"{""smallcap stocks"": ""positive""}",8
10374,"Select farm equipment, agri stocks available at attractive valuations: Deven Choksey","{""farm equipment"": ""positive"", ""agri stocks"": ""positive""}",11
5110,"Prefer private banking, midcap IT, pharma stocks:  Nitin Raheja","{""private banking"": ""positive"", ""midcap IT"": ""positive"", ""pharma stocks"": ""positive""}",10
6025,Euro remains range-bound against dollar ahead of ECB meeting,"{""Euro"": ""neutral"", ""dollar"": ""neutral""}",9
8796,Bharti Airtel Africa Q1 net loss widens,"{""Bharti Airtel Africa"": ""negative""}",7
10724,"Asian shares edge higher, oil nurses losses","{""Asian shares"": ""positive"", ""oil"": ""negative""}",7
127,"Sebi, exchanges to tighten grip on speculative stocks","{""Sebi"": ""neutral""}",8
5960,Airtel to raise 250 million more from bond sale,"{""Airtel"": ""neutral""}",9
3877,Transglobal sells Kingfisher Airlines shares worth Rs 7.43 cr,"{""Kingfisher Airlines"": ""negative""}",9
4452,"Nissan to brief on abnormal deployment of Takata air bag, shares sink","{""Nissan"": ""negative""}",12
7148,Ranbaxy hits 52-week high on UBS upgrade,"{""Ranbaxy"": ""positive""}",7
3532,Castor seed prices drop in futures trade,"{""Castor seed"": ""negative""}",7
828,Did IGate's Board wrong its shareholders? Law firms are examining,"{""IGate"": ""neutral""}",10
7791,Egypt unrest may fuel rally in oil & gas stocks,"{""oil"": ""positive"", ""gas"": ""positive""}",10
985,"Seeing sector rotation, investors realigning portfolios: Sanjay Dutt, Quantum Securities","{""Quantum Securities"": ""neutral""}",10
7784,Dishman Pharma shares soar over 13% on robust Q1 results,"{""Dishman Pharma"": ""positive""}",10
2444,Steady track record to drive profit numbers for Shriram Transport,"{""Shriram Transport"": ""positive""}",10
8555,"Cadila Healthcare remains preferred pick in pharma space:  Hemang Jani, Sr VP, Sharekhan","{""Cadila Healthcare"": ""positive"", ""Sharekhan"": ""neutral""}",14
346,IiAS names Hetal Dalal as COO,"{""IiAS"": ""neutral""}",6
815,Cheap valuations of public sector banks: Buy or no buy?,"{""public sector banks"": ""neutral""}",10
6167,Sebi exempts Prozone promoter trust from making open offer,"{""Sebi"": ""neutral"", ""Prozone"": ""neutral""}",9
5780,Hexaware support seen at Rs 110-115: Mitesh Thacker,"{""Hexaware"": ""neutral""}",8
2117,Silver futures up Rs 193 aided by global cues,"{""Silver futures"": ""positive""}",9
794,Amara Raja posts 13% growth; market leader Exide slips 11%,"{""Amara Raja"": ""neutral"", ""Exide"": ""neutral""}",10
6899,Results primer: Investors want some guidance on how Infosys plans to use $5.4 billion cash reserve,"{""Infosys"": ""neutral""}",16
2675,RComm hits highest level since Jan 2011; rallies 20% since June,"{""RComm"": ""positive""}",11
95,Sebi partially lifts curbs on Shantivijay Jewels,"{""Sebi"": ""neutral"", ""Shantivijay Jewels"": ""neutral""}",7
4226,Hikal Q4 net down 66.8 per cent at Rs 3.07 crore,"{""Hikal"": ""negative""}",11
3757,Infotech Enterprises Q4 profit slides 23% in March quarter,"{""Infotech Enterprises"": ""negative""}",9
2892,Replacement demand for tyres to benefit the stocks going forward: Prateek Agarwal,"{""tyres"": ""positive""}",12
2372,"Optimistic on South-based sugar companies: G Chokkalingam, Centrum Wealth Management","{""South-based sugar companies"": ""positive"", ""Centrum Wealth Management"": ""neutral""}",10
10100,Share sales to meet holding norm set by Sebi; secondary market may face severe fund crunch,"{""Sebi"": ""neutral""}",16
3229,"Supply crunch, import curbs up Arecanut prices","{""Arecanut"": ""positive""}",7
7864,Jyothy Laboratories Q3 net up 19.95% at Rs 26.45 crore,"{""Jyothy Laboratories"": ""positive""}",10
6360,Nifty unlikely to get past the 7550-7560 mark: Ashwani Gujral,"{""Nifty"": ""neutral""}",10
9897,SELL Exide Industries Ltd with a target of Rs 113: Mitesh Thacker,"{""Exide Industries"": ""negative""}",12
7327,Petronet LNG to benefit post budget: Prabhudas Lilladher,"{""Petronet LNG"": ""positive"", ""Prabhudas Lilladher"": ""neutral""}",8
6029,"Expect Nifty to trade in 8,100-8,300 range: Sandeep Wagle","{""Nifty"": ""neutral""}",9
1866,Allahabad Bank Q2 net climbs 21%,"{""Allahabad Bank"": ""positive""}",6
4613,Stay away from JSW Steel till clarity on CBI mine inquiry: Deven Choksey,"{""JSW Steel"": ""negative""}",13
2646,Novartis India Q2 net rises over 600% to Rs 104 crore,"{""Novartis India"": ""positive""}",11
2244,ENIL's charts look healthy from short-medium term perspective: Deepak Mohoni,"{""ENIL"": ""positive""}",10
5374,VLCC files IPO papers with Sebi,"{""VLCC"": ""neutral"", ""Sebi"": ""neutral""}",6
2337,Mascot Powersys to expand nine-fold to 74 outlets; plans IPO,"{""Mascot Powersys"": ""neutral""}",10
951,"Prestige Estates Rs 1,200cr IPO subscribed 1.75 times till 2pm","{""Prestige Estates"": ""neutral""}",10
1121,Leo Puri likely to become CMD of UTI Asset Management Company,"{""UTI Asset Management Company"": ""neutral""}",11
2205,Cement stocks are likely to go up higher: Vijay Bhambwani,"{""Cement stocks"": ""positive""}",10
420,Dollar steady in Asia ahead of Fed minutes,"{""Dollar"": ""neutral""}",8
923,NIF may turn co-plaintiff in Modern India suit against NSEL,"{""NSEL"": ""negative"", ""NIF"": ""neutral"", ""Modern India"": ""neutral""}",10
9447,GMR Infrastructure Q1 net loss shrinks to Rs 429 crore,"{""GMR Infrastructure"": ""negative""}",10
8670,"Month on month sales numbers of auto sector have improved: Gaurang Shah, Geojit BNP Paribas Financial Services","{""auto sector"": ""positive"", ""Geojit BNP Paribas Financial Services"": ""neutral""}",17
5409,Oilseeds rule stable in listless trade,"{""Oilseeds"": ""neutral""}",6
5789,India Infoline Finance appoints Rajashree Nambiar as CEO,"{""India Infoline Finance"": ""neutral""}",8
5743,Economist Johan Zyl appointed to Shriram Capital board,"{""Shriram Capital"": ""neutral""}",8
7668,Symphony Q3 net up 35% at Rs 36.51 crore,"{""Symphony"": ""positive""}",9
5568,Leased line users get NSE fee waiver,"{""NSE"": ""neutral""}",7
8136,Kansai Nerolac rallies over 8% as Q1 net profit jumps 19.77%,"{""Kansai Nerolac"": ""positive""}",11
1203,Why US dollar has re-emerged as preferred currency for global investors,"{""US dollar"": ""neutral""}",11
5766,Former Airtel executive director Krish Shankar joins Philips,"{""Airtel"": ""neutral"", ""Philips"": ""neutral""}",8
8390,"Private sector banks poised to outdo PSU peers: Mayuresh Joshi, Angel Broking","{""Private sector banks"": ""positive"", ""PSU"": ""negative"", ""Angel Broking"": ""neutral""}",12
1971,Emami gains 1.4% as it enters male deodorant space,"{""Emami"": ""positive""}",9
4019,Jubilant Foodworks Q1 net down 18% at Rs 27.72 crore,"{""Jubilant Foodworks"": ""negative""}",10
3688,"Copper futures fall 0.08% on Asian cues, weak demand","{""Copper futures"": ""negative""}",9
1998,Gulshan Polyols surges 20% after Reliance fund buys 6.7%,"{""Gulshan Polyols"": ""positive"", ""Reliance"": ""neutral""}",9
4034,"Modi loses, Sensex cracks? Yes, by about 3,000 points: Experts","{""Sensex"": ""negative""}",10
1249,Indian Energy Exchange in talks with FTIL for buying out technology solutions,"{""Indian Energy Exchange"": ""neutral"", ""FTIL"": ""neutral""}",12
2193,Boost in US's macro-economic situation may trigger Wipro's revenue growth,"{""Wipro"": ""positive""}",10
2713,"Surge in government spending to pump up infrastructure, related companies: Analysts","{""infrastructure"": ""positive""}",11
9185,BSE writes to Sebi on NSE 'unfair' trade practices,"{""NSE"": ""negative"", ""Sebi"": ""neutral"", ""BSE"": ""neutral""}",9
2191,BofA-ML's three positives for Indian markets; recommends 'buy' on dips,"{""BofA-ML"": ""neutral""}",10
4671,EIL down over 11% as Q2 net profit slips by 47% to Rs 58.78 crore,"{""EIL"": ""negative""}",15
5143,"TCS, Wipro, Infosys top picks among IT stocks: Mehraboon Irani","{""TCS"": ""positive"", ""Wipro"": ""positive"", ""Infosys"": ""positive""}",10
5985,BNP Paribas launches first equity index linked green bond,"{""BNP Paribas"": ""neutral""}",9
6566,Now open: Narayana Hrudayalaya IPO likely to cross the line today,"{""Narayana Hrudayalaya"": ""neutral""}",11
7805,Force Motors' promoters increase stake as row with Bajajs ends,"{""Force Motors"": ""positive"", ""Bajajs"": ""neutral""}",10
6944,Investors cheer Portuguese bank rescue,"{""Portuguese"": ""positive""}",5
9511,Natural rubber: Dull demand unlikely to help upturn in prices,"{""Natural rubber"": ""negative""}",10
2137,Telcos likely to post higher margins in Q4: Barclays,"{""Telcos"": ""positive"", ""Barclays"": ""neutral""}",9
1066,Eros International appoints Ricky Ghai as the CEO of Eros Digital,"{""Eros International"": ""neutral"", ""Eros Digital"": ""neutral""}",11
601,"IOC investor roadshows in Singapore, Hong Kong this week","{""IOC"": ""neutral""}",9
4228,HT Media Q4 consolidated net down 13.07% at Rs 34.84 crore,"{""HT Media"": ""negative""}",11
7578,MMTC surges after company sees turnaround in Q2 earnings,"{""MMTC"": ""positive""}",9
78,UK data gives battered sterling some respite,"{""sterling"": ""neutral""}",7
7547,Jeera futures surge 1.38 per cent on strong demand,"{""Jeera"": ""positive""}",9
2899,"SBI scales above Rs 2,000 levels on $1 bn fund raising plans","{""SBI"": ""positive""}",12
4821,"General Atlantic in talks to buy stakes in Just Dial, Info Edge: Sources","{""Just Dial"": ""positive"", ""Info Edge"": ""positive"", ""General Atlantic"": ""neutral""}",13
9507,"Monsoon fears, tight NPA norms weigh on Shriram Transport Finance","{""Shriram Transport Finance"": ""negative""}",10
10009,"Swiss franc drops to 2-week low on talk of SNB hand, informal band","{""Swiss franc"": ""negative"", ""SNB"": ""neutral""}",13
6414,Taj Group names P V Ramana Murthy as Global Head-HR,"{""Taj Group"": ""neutral""}",10
9445,Global weakness turned markets towards a flat day: Ashwani Gujral,"{""markets"": ""negative""}",10
9065,More exits from Ranbaxy Laboratorie top management team,"{""Ranbaxy Laboratorie"": ""negative""}",8
8008,"Wheat futures up 0.80 per cent on export, spot demand","{""Wheat"": ""positive""}",10
5469,Broking firms revive expansion plans,"{""Broking firms"": ""neutral""}",5
5952,Why investors should not eagerly await HUL results,"{""HUL"": ""neutral""}",8
3392,Lead futures extend losses on sluggish demand,"{""Lead futures"": ""negative""}",7
5416,Networkplays CEO Ampreet Singh quits,"{""Networkplays"": ""neutral""}",5
2561,"Expect pharma splendid performance to continue: Dhiraj Sachdev, HSBC AM India","{""pharma"": ""positive"", ""HSBC AM India"": ""neutral""}",11
10636,"Brokers' Call: ONGC, DRL, Cipla and Coal India","{""ONGC"": ""positive"", ""DRL"": ""positive"", ""Cipla"": ""positive"", ""Coal India"": ""positive""}",8
8163,NFL share sale subscribed 1.55 times; govt gets Rs 101 cr,"{""NFL"": ""positive""}",11
2636,"Mundra Port looking very attractive: Deven Choksey, MD, KR Choksey Securities","{""Mundra Port"": ""positive"", ""KR Choksey Securities"": ""neutral""}",11
5257,"Gold, silver up on scattered buying, global cues","{""Gold"": ""positive"", ""silver"": ""positive""}",8
3531,Caustic soda prices decline on reduced offtake,"{""Caustic soda"": ""negative""}",7
8568,"Forget Iraq woes, Sensex can still rally another 2,000 points ahead of Budget 2014","{""Sensex"": ""positive""}",14
1909,ADF Foods gains 8% after domestic HNIs buy stake,"{""ADF Foods"": ""positive""}",9
236,Kuldip Singh named new CMD of MTNL,"{""MTNL"": ""neutral""}",7
1605,Driving season boosts oil,"{""oil"": ""positive""}",4
7985,TajGVK Hotels & Resorts Q3 net up at 12.91 crore,"{""TajGVK Hotels & Resorts"": ""positive""}",10
9311,"Rolta India slips 6%, cuts losses after Deutsche upgrade","{""Rolta India"": ""negative"", ""Deutsche"": ""neutral""}",9
3491,Dollar turns defensive on retail sales disappointment,"{""Dollar"": ""negative"", ""retail"": ""negative""}",7
1995,"Gold holds above $1,300, focus on Fed policy meeting","{""Gold"": ""positive""}",9
2825,Infinite Computer FY 11 consolidated net up 35% to Rs 107 crore,"{""Infinite Computer"": ""positive""}",12
9990,Profit booking by institutions may have triggered steep fall in Vakrangee: Ambareesh Baliga.,"{""Vakrangee"": ""negative""}",13
1343,"Just Dial has been a proxy to e-commerce play: Deepak Shenoy, Capital Mind","{""Just Dial"": ""neutral"", ""Capital Mind"": ""neutral""}",13
8513,Option bets soar as Nifty seen at 5800 next month on reform push,"{""Nifty"": ""positive""}",13
1620,"Nalco net jumps 31% to Rs 1,069 crore","{""Nalco"": ""positive""}",8
5288,"ACC, Ambuja Cement gain on cement price hike","{""ACC"": ""positive"", ""Ambuja Cement"": ""positive""}",8
2061,NSE's stock option strategy pays off as volumes soar,"{""NSE"": ""positive""}",9
10703,"Copper, zinc remain weak on global cues","{""Copper"": ""negative"", ""zinc"": ""negative""}",7
2220,Colgate-Palmolive Q2 net profit up 11.8% at Rs 100 cr,"{""Colgate-Palmolive"": ""positive""}",10
6039,Former Randstad India MD E Balaji joins TVS Logistics,"{""Randstad India"": ""neutral"", ""TVS Logistics"": ""neutral""}",9
261,"April 02, 2014: Mecklai Financial report on rupee","{""Mecklai Financial"": ""neutral""}",8
10077,From 30K to 27K; top 5 reasons why there is more pain ahead for Sensex,"{""Sensex"": ""negative""}",15
9094,Recommend to be cautious with NBCC: Jagdish Malkani,"{""NBCC"": ""negative""}",8
3745,Hefty fine for 'insider trade' looms over Reliance Industries,"{""Reliance Industries"": ""negative""}",9
2027,JNPT's October-March Net up 14% at Rs 312 crore,"{""JNPT"": ""positive""}",9
6989,Guarseed futures gain on speculative buying,"{""Guarseed"": ""positive""}",6
4235,"Indian markets may follow world trend, open on a jittery note","{""Indian markets"": ""negative""}",11
1918,"Aussie dollar bears emboldened by China data, others calmer","{""Aussie dollar"": ""positive""}",9
1829,BSE midcap index hits all-time high,"{""BSE midcap index"": ""positive""}",6
9766,Sell TVS Motors with stop loss of Rs 251: Sandeep Wagle,"{""TVS Motors"": ""negative""}",11
6234,Atul Auto will find resistance around Rs 128-130: Ashwani Gujral,"{""Atul Auto"": ""neutral""}",10
10042,Fight against black money: Sebi bars 59 entities including HNIs for executing fictitious trades,"{""Sebi"": ""neutral""}",14
6284,FTIL to 'highlight correct facts' of MCX-SX buyback to CBI,"{""FTIL"": ""neutral"", ""MCX-SX"": ""neutral"", ""CBI"": ""neutral""}",10
4209,Future prices of agriculture commodities tumble on rumours of trade ban,"{""agriculture commodities"": ""negative""}",11
225,NHPC: Timely completion of projects crucial for company,"{""NHPC"": ""neutral""}",8
8916,Selling pressure on Tata Steel: Seshadri Bharathan,"{""Tata Steel"": ""negative""}",7
9334,Shanghai Composite Index reverses gains after weak manufacturing data,"{""Shanghai Composite Index"": ""negative""}",9
6470,"Cheaper inputs help, but weak demand a drag on Asian Paints","{""Asian Paints"": ""neutral""}",11
10127,"Aban and Reliance can be picked up at current levels: Sandeep Wagle, APTART Technical Advisory Services","{""Aban"": ""positive"", ""Reliance"": ""positive"", ""APTART Technical Advisory Services"": ""neutral""}",16
847,Five things to watch out for in TCS Q1 results,"{""TCS"": ""neutral""}",10
4290,Refined soya oil futures fall 0.87 per cent on weak demand,"{""Refined soya oil futures"": ""negative""}",11
5561,Investors hopeful of government reviving tax-free bonds,"{""tax-free bonds"": ""neutral""}",7
2552,DHFL profit rises 18% at Rs 152 crore in July-Sept quarter,"{""DHFL"": ""positive""}",11
118,Sebi grants new status to three clearing corporations,"{""Sebi"": ""neutral""}",8
8838,Five reasons why Sensex fell 360 points,"{""Sensex"": ""negative""}",7
5967,Are you prepared for a bear market? Find out,"{""market"": ""negative""}",9
8196,"Reliance Communications raises Rs 6,100 crore via QIP to reduce debt","{""Reliance Communications"": ""positive""}",11
8660,Rush for higher returns before rate cut: NTPC tax-free bonds oversubscribed 10 times on Day 1,"{""NTPC"": ""positive""}",16
7490,Exchange ratio of 2:17 positive for Tech Mahindra: Analysts,"{""Tech Mahindra"": ""positive""}",9
6,Infosys: Will the strong volume growth sustain?,"{""Infosys"": ""neutral""}",7
5343,"Rice, soya pick up on better rains","{""Rice"": ""positive"", ""soya"": ""positive""}",7
9112,SKS Microfinance scrip tanks 5 pc on BSE,"{""SKS Microfinance"": ""negative"", ""BSE"": ""neutral""}",8
4325,Sensex loses momentum ahead of F&O expiry; top 20 trading ideas,"{""Sensex"": ""negative""}",11
1064,EID Parry December quarter consolidated net profit at Rs 15.15 crore,"{""EID Parry"": ""neutral""}",11
2591,"High on Modi, Gujarat-based stocks return upto 170%; top 10 bets","{""Gujarat-based stocks"": ""positive""}",11
8435,Unichem Lab Q1 net up 9 per cent at Rs 36 crore,"{""Unichem Lab"": ""positive""}",12
9353,Telcos pare gains as SC rejects license extension plea,"{""Telcos"": ""negative""}",9
3736,"Gold below $1,300 on stronger dollar, interest rate fears","{""dollar"": ""positive"", ""Gold"": ""negative""}",9
3518,Coal India down 2.5% on disappointing earnings,"{""Coal India"": ""negative""}",7
6987,"Deposit, credit growth lift HDFC Bank","{""HDFC Bank"": ""positive""}",6
6768,38% of global investors see rupee in 65-70 range in 2015: BofA-ML survey,"{""rupee"": ""neutral"", ""BofA-ML"": ""neutral""}",13
5623,RNRL is a clear sell: Seshadri Bharathan,"{""RNRL"": ""negative""}",7
1606,Noida Toll Bridge stocks gain on value buying,"{""Noida Toll Bridge"": ""positive""}",8
1734,Gold rises 0.36% on global cues,"{""Gold"": ""positive""}",6
10051,"NALCO net dips 21 pc to Rs 1,069 crore in FY12 on lower demand","{""NALCO"": ""negative""}",14
9505,Mining stocks down as iron ore hits 5-1/2 year low,"{""Mining stocks"": ""negative""}",10
3813,Pre-market: Nifty seen opening lower; may retest 6650 levels,"{""Nifty"": ""negative""}",9
10356,Mutual funds favour IT stocks like Infosys over pharma and auto,"{""Infosys"": ""positive"", ""pharma"": ""neutral"", ""auto"": ""neutral""}",11
1762,Eveready outsmarts market indices,"{""Eveready"": ""positive""}",4
5402,Prabhat Dairy to list shares tomorrow,"{""Prabhat Dairy"": ""neutral""}",6
2740,"WestBridge to buy 1.74% SKS stake, to emerge second largest holder","{""WestBridge"": ""positive""}",11
2473,"V-Mart attractive bet in retail space: Vinay Khattar, Edelweiss Financial","{""V-Mart"": ""positive"", ""Edelweiss Financial"": ""neutral""}",10
6739,"Rural Electrification Corporation to raise up to Rs 30,000 cr via debentures","{""Rural Electrification Corporation"": ""neutral""}",12
6892,"Core business performance, Reliance Jio launch to set direction for RIL stock going ahead: Amit Khurana","{""Reliance Jio"": ""neutral"", ""RIL"": ""neutral""}",16
7944,"Rate-sensitive stocks could do well post elections: Jyotivardhan Jaipuria, BofA-ML","{""BofA-ML"": ""neutral""}",10
9686,Indian Hotels Company Q1 net loss widens to Rs 34.82 cr,"{""Indian Hotels Company"": ""negative""}",11
4207,Fortis Q2 net loss at Rs 58 crore; CEO resignation accepted,"{""Fortis"": ""neutral""}",11
6372,"Participatory notes: A sensitive topic for govt, SEBI and investors","{""SEBI"": ""neutral""}",10
9362,US stocks: Wall Street ends down following UPS outlook,"{""UPS"": ""negative""}",9
233,Nasdaq eyes running dark pools for banks: WSJ,"{""Nasdaq"": ""neutral"", ""WSJ"": ""neutral""}",8
8259,Volkswagen stocks rise 4% over better than expected third quarter earnings,"{""Volkswagen"": ""positive""}",11
7562,Life Insurance Corporation increases stake in BHEL to 9%,"{""Life Insurance Corporation"": ""positive"", ""BHEL"": ""neutral""}",9
9796,3 promoters sell 54 lakh DB Corp shares for Rs 159.57 crore,"{""DB Corp"": ""negative""}",12
6169,SEBI may seek litigation information from companies launching IPOs,"{""SEBI"": ""neutral""}",9
3597,Almond declines on reduced offtake,"{""Almond"": ""negative""}",5
6289,German classifieds group Scout24 says to list shares this year,"{""Scout24"": ""neutral""}",10
4633,"Falling rupee to shave Rs 4,000 crore off Nifty companies in December quarter: Crisil","{""rupee"": ""negative"", ""Nifty"": ""negative""}",14
126,Sebi to study surveillance systems in overseas markets,"{""Sebi"": ""neutral""}",8
7642,Shares flirt with record highs on ECB easing bets,"{""ECB"": ""positive""}",9
6230,Akhil Puri joins KKR Capstone in Asia as India Director,"{""KKR Capstone"": ""neutral"", ""Asia"": ""neutral""}",10
1297,Today's bet for F&O: Strong support seen at 5180 level for Nifty,"{""Nifty"": ""neutral""}",12
1977,Europe rebounds as Ukraine rebels hand over black boxes,"{""Europe"": ""positive""}",9
10200,"BSE, NSE to move 25 companies to restricted trade segment from October 7","{""BSE"": ""neutral"", ""NSE"": ""neutral""}",13
10151,"Need to be patient while investing in oil and gas stocks: IV Subramaniam, Quantum AMC","{""oil and gas stocks"": ""positive"", ""Quantum AMC"": ""neutral""}",15
5751,Euro steadies after slumping on dovish Draghi comments,"{""Euro"": ""neutral""}",8
8153,Mirc Electronics Q4 net up 87 pc at Rs 9.7 cr,"{""Mirc Electronics"": ""positive""}",11
3087,"FTIL sells stake in NBHC for Rs 300 crore, say sources; stock surges 14%","{""FTIL"": ""positive"", ""NBHC"": ""neutral""}",14
9981,MphasiS Q1 net profit declines 2 per cent  to Rs 180.6 crore,"{""MphasiS"": ""negative""}",13
6883,"Shriram Transport Finance to raise Rs 1k crore via NCDs to meet lending, redemption requirements","{""Shriram Transport Finance"": ""neutral""}",15
10013,Vijaya Bank's third  quarter  net profit  plummets 91 per cent,"{""Vijaya Bank"": ""negative""}",13
7674,TCS continues to remain most favoured pick: Sudip Bandyopadhyay,"{""TCS"": ""positive""}",9
3346,Nifty's market cap way behind global indices,"{""Nifty"": ""negative""}",7
8173,Oil's 45% rebound could be testing nerves of markets and policymakers,"{""Oil"": ""positive""}",11
10135,"Sales growth of top 10 listed consumer cos like HUL, ITC, Dabur halves over year-ago period","{""HUL"": ""negative"", ""ITC"": ""negative"", ""Dabur"": ""negative""}",16
5871,Race hots up for U K Sinha's successor,"{""Race"": ""neutral""}",8
6507,"FTIL sells SMX for $150 mn; clear dues, say NSEL investors","{""FTIL"": ""neutral"", ""NSEL"": ""neutral""}",11
2798,Divis Lab  can climb to levels closer to 1160: Prakash Gaba,"{""Divis Lab"": ""positive""}",12
919,Near term outlook remains muted for cement space: Amit Khurana,"{""cement space"": ""neutral""}",10
1647,Markets to remain in an uptrend: Mitesh Thacker,"{""Markets"": ""positive""}",8
5123,"Sensex in red; technology, auto and realty lead the fall","{""Sensex"": ""negative"", ""technology"": ""negative"", ""auto"": ""negative"", ""realty"": ""negative""}",10
5127,"Sensex rangebound, Nifty holds 7300; top ten stocks in focus","{""Sensex"": ""neutral"", ""Nifty"": ""neutral""}",10
4622,UltraTech Jun qtr net dips 14% to Rs 673 crore on lower sales,"{""UltraTech"": ""negative""}",13
6810,Max Life posts PAT at Rs 326 cr for Apr-Dec period in FY14,"{""Max Life"": ""neutral""}",13
365,KK Maheshwari appointed as Grasim MD,"{""Grasim"": ""neutral""}",6
2126,Suneeta Reddy promoted as Apollo's Joint MD; stock up,"{""Apollo"": ""positive""}",9
8151,Media report on DVR led Tata Motors to surge: Jagdish Malkani,"{""Tata Motors"": ""positive"", ""DVR"": ""neutral""}",11
8718,Pearson slump drags Britain's FTSE lower,"{""Pearson"": ""negative""}",6
56,Tokyo stocks flat by the break,"{""Tokyo stocks"": ""neutral""}",6
639,Nifty might retest earlier high of 7800: Mitesh Thacker,"{""Nifty"": ""neutral""}",9
303,US Generic launches are key to Lupin growth,"{""Lupin"": ""neutral""}",8
5812,Lowe names Narayan Ram as India Managing Director,"{""Lowe"": ""neutral""}",8
1277,Refinery stocks go up during downtrends & fall during uptrends: Deepak Mohoni,"{""Refinery stocks"": ""neutral""}",12
4433,"Lack of BB penetration will slow BWA revenues: Karan Mittal, ICICI Direct","{""BWA"": ""negative"", ""ICICI Direct"": ""neutral""}",12
3645,Asian shares fall as Malaysia jet downing hits sentiment,"{""Asian shares"": ""negative""}",9
4144,Bill Gates dumped a huge amount of Microsoft stock this year,"{""Microsoft"": ""negative""}",11
2879,"Pre-open: Nifty likely to open on positive note, find support at 8,100","{""Nifty"": ""positive""}",12
6494,Exchanges need to change mindset: Bombay Stock Exchange chief Ashish Chauhan,"{""Bombay Stock Exchange"": ""neutral""}",11
5241,"Dealing room buzz: Cipla, M&M, Tata Steel, SBI","{""Cipla"": ""neutral"", ""M&M"": ""neutral"", ""Tata Steel"": ""neutral"", ""SBI"": ""neutral""}",8
10121,"L&T, others in the infra sector to do well in the medium term: Ajay Bodke, Prabhudas Lilladher","{""L&T"": ""positive""}",17
6938,Satyam Computer basks in IT glory,"{""Satyam Computer"": ""positive""}",6
7241,Coriander futures up 2.51 pc on strong demand,"{""Coriander"": ""positive""}",8
9946,BNP Paribas to suspend some US dollar-clearing for one year: New York regulator,"{""BNP Paribas"": ""negative""}",13
2594,HSIL Q3 turnaround in building products division may trigger a re-rating,"{""HSIL"": ""positive""}",11
2394,Prefer Tata Motors among largecap auto stocks: P Phani Sekhar,"{""Tata Motors"": ""positive""}",10
524,Anil Dua quits Hero MotoCorp; to pursue career abroad,"{""Hero MotoCorp"": ""neutral""}",9
6377,Pre-market: Nifty seen opening flat; may find support around 7460,"{""Nifty"": ""neutral""}",10
6982,iGate stock gallops despite warnings,"{""iGate"": ""positive""}",5
6678,Five things to know about trading securities smartly in the stock market,"{""stock market"": ""neutral""}",12
3901,200 tonnes of gold to illegally enter India this year,"{""gold"": ""neutral""}",10
10366,Prefer Idea Cellular over Bharti Airtel in Telecom space: Ajay Bodke,"{""Idea Cellular"": ""positive"", ""Bharti Airtel"": ""neutral""}",11
5586,Multi-year stock market rally on cards: Analysts,"{""stock market"": ""positive""}",7
10072,"Brace for further fall; Nifty likely to slip below recent low of 7,997: Mitesh Thacker","{""Nifty"": ""negative""}",15
7957,Sensex can correct max by 5-10%; uptrend remains intact: Analysts,"{""Sensex"": ""positive""}",10
7571,Markets at 3-week high despite muted Asia: Top bets,"{""Markets"": ""positive""}",9
6778,Do not expect to see change in PSU bank fundamentals soon: Prashasta Seth,"{""PSU bank"": ""neutral""}",13
672,"Pre-market: Nifty seen opening flat; may reclaim 7,800 levels","{""Nifty"": ""neutral""}",9
4189,Escorts Q1 net down 41.49 per cent at Rs 34.11 crore,"{""Escorts"": ""negative""}",11
667,"Pipavav is steady: Ambareesh Baliga, Way2Wealth Brokers Pvt. Ltd","{""Pipavav"": ""neutral""}",9
3267,"Taiwan stocks down, tracking global markets","{""Taiwan stocks"": ""negative""}",6
1888,Sterling treads water just off six-year high,"{""Sterling"": ""positive""}",7
8473,Diageo stock surges on news of takeover by Brazillian billionaire Jorge Paulo Lemann,"{""Diageo"": ""positive""}",13
9912,Somany Ceramics drops 7% as firm sets QIP floor price at discount,"{""Somany Ceramics"": ""negative""}",12
9092,Raw sugar deals slow down after subsidy announcement,"{""Raw sugar"": ""negative""}",8
7688,"Upbeat earnings lift European shares, China still a drag","{""European shares"": ""positive""}",9
6032,F&O Tracker: Nifty Likely to Trade in 8650-8280 Zone,"{""Nifty"": ""neutral""}",9
6091,Maruti Suzuki could have avoided the mix-up: Prateek Agarwal,"{""Maruti Suzuki"": ""neutral""}",9
6239,BSE eyes trading speed of 20 microseconds in three years,"{""BSE"": ""neutral""}",10
7351,SBI: Growing loan book expected to boost margins,"{""SBI"": ""positive""}",8
7831,Hindalco bags one more coal mine in auction; stk gains,"{""Hindalco"": ""positive""}",10
761,U K Sinha gets two-year extension as Sebi chief,"{""Sebi"": ""neutral""}",9
6255,Commex regulator steps in to scotch rumours on agricultural futures,"{""Commex"": ""neutral"", ""agricultural futures"": ""neutral""}",10
1907,300 nifty points led by banking sector: Jagdish Malkani,"{""banking sector"": ""positive""}",9
3819,Ranbaxy Laboratories: Settlement takes away gains from Lipitor launch,"{""Ranbaxy Laboratories"": ""negative""}",9
6270,F&O Tracker: Call bunching at 7500 on Nifty shows resistance,"{""Nifty"": ""neutral""}",10
4301,SAT rejects Rose Valley's plea seeking more time to sell properties,"{""Rose Valley"": ""negative"", ""SAT"": ""neutral""}",11
5570,Mahalingam Balaji appointed IDC India Research Director,"{""IDC India"": ""neutral""}",7
7942,Ranbaxy Laboratories posts a better-than-expected net profit; stock up 4.5%,"{""Ranbaxy Laboratories"": ""positive""}",10
4165,Cipla Q4 net down 22.33 per cent to Rs 214 cr,"{""Cipla"": ""negative""}",11
5972,"Asset Reconstruction Company appoints Sanjay Jain as president, COO","{""Asset Reconstruction Company"": ""neutral""}",9
3580,Erratic gas supply hits Assam tea production,"{""Assam tea"": ""negative""}",7
2833,"ITC looks interesting at current levels: Prashasta Seth, IIFL Wealth, India Infoline","{""ITC"": ""positive"", ""IIFL Wealth"": ""neutral"", ""India Infoline"": ""neutral""}",12
5450,Gur ends flat in thin trade,"{""Gur"": ""neutral""}",6
3473,European shares resume slide as Russia fears persist,"{""European shares"": ""negative""}",8
6328,LSE Group names Nikhil Rathi CEO of London Stock Exchange,"{""LSE Group"": ""neutral"", ""London Stock Exchange"": ""neutral""}",10
138,Samsonite International appoints Ramesh Tainwala as global COO,"{""Samsonite International"": ""neutral""}",8
7044,Aanjaneya has been rising steadily: Deepak Mohoni,"{""Aanjaneya"": ""positive""}",7
4893,"Euronext, Shanghai Stock Exchange tie up to boost data business in China","{""Euronext"": ""neutral"", ""Shanghai Stock Exchange"": ""neutral""}",12
2181,ARSS Infra PAT up by 2% at Rs 26.11 cr,"{""ARSS Infra"": ""positive""}",10
7731,Automotive Stampings to raise Rs 29 cr via rights issue,"{""Automotive Stampings"": ""positive""}",10
3178,"IOB rises over 17% as Q4 net sees 4-fold jump; Experts up bets, see 27% upside","{""IOB"": ""positive""}",16
4855,Recommend to stay cautious on Cox & Kings and Tex Rail: Mayuresh Joshi,"{""Cox & Kings"": ""negative"", ""Tex Rail"": ""negative""}",13
4638,"Gillette to get costly, not a standard BT/ST call in long term: Jagdish Malkani","{""Gillette"": ""negative""}",14
5116,"Rally in IT stocks, RIL drives Sensex to one-month high","{""IT stocks"": ""positive"", ""RIL"": ""positive"", ""Sensex"": ""positive""}",10
10008,"Suzlon: Orders rise, but high debt may take wind out of its sails","{""Suzlon"": ""negative""}",13
7649,Smallcaps that can give good returns in near term,"{""Smallcaps"": ""positive""}",9
4262,Nifty50 in a no-trade zone due to holiday-truncated week: Sandeep Wagle,"{""Nifty50"": ""negative""}",11
1332,Helion co-founder Kanwaljit Singh moving out as VC firm names two new partners,"{""Helion"": ""neutral""}",13
7003,Den demerger talk lifts stock,"{""Den"": ""positive""}",5
9551,SREI Infra slumps on low valuation of American Tower-Viom deal,"{""SREI Infra"": ""negative""}",10
6942,Off-market divestment boosts PSU share performance,"{""PSU"": ""positive""}",6
8018,"22,214 is new closing high for Sensex: Top bets from experts","{""Sensex"": ""positive""}",11
6242,BSE to auction investment limits for Rs 332-crore government bonds,"{""BSE"": ""neutral"", ""government bonds"": ""neutral""}",10
9522,"Oil dives to new depths, rush to safety aids yen","{""Oil"": ""negative""}",10
10740,"Wipro, Siemens to exit Nifty from Monday","{""Wipro"": ""neutral"", ""Siemens"": ""neutral""}",7
6882,Reforms planned by the government will have a strong bearing on the market: Vinay Khattar,"{""market"": ""neutral""}",15
4531,Aditya Birla Nuvo Q1 Net down 20.41 per cent to Rs 263.7 crore,"{""Aditya Birla Nuvo"": ""negative""}",13
4674,Go short on Renuka Sugars once it starts trading below levels of 35: Mitesh Thacker,"{""Renuka Sugars"": ""negative""}",15
6997,Duncans surges after 50% stake sale,"{""Duncans"": ""positive""}",6
1253,IOT Infrastructure & Energy Services raises Rs 3000 crore from domestic investors,"{""IOT Infrastructure & Energy Services"": ""neutral""}",12
3375,Cautious on metal stocks: IV Subramaniam,"{""metal stocks"": ""negative""}",6
2815,"HCC a good pick in the construction space: Abhijit Paul, Brics Securities","{""HCC"": ""positive""}",12
4720,"ONGC, Oil India top pick in oil & gas space; can rally up to 46% in one year: Macquarie","{""ONGC"": ""positive"", ""Oil India"": ""positive"", ""Macquarie"": ""neutral""}",19
6545,"Macro data, FIIs to decide Indian mkt trend this week: Experts","{""Indian mkt"": ""neutral""}",11
4859,"Yen, Swiss franc rise on Iraq concerns, pound at 5-yr high vs dollar","{""Yen"": ""positive"", ""Swiss franc"": ""positive"", ""pound"": ""positive"", ""dollar"": ""neutral""}",13
7902,Nasdaq edges to record high to open busy earnings week,"{""Nasdaq"": ""positive""}",10
8581,"Offshore yuan surges by more than 1 per cent, set for biggest daily gain","{""yuan"": ""positive""}",14
8428,Titagarh Wagons launches open offer to buy up to 25% in Cimmco,"{""Titagarh Wagons"": ""positive"", ""Cimmco"": ""neutral""}",12
1078,Finance Ministry to give in-principle approval for UTI MF IPO soon,"{""UTI MF"": ""neutral""}",11
4364,"AAP may decimate Cong, no big moves seen on Sensex: Credit Suisse","{""Sensex"": ""negative"", ""Credit Suisse"": ""neutral""}",12
771,VRL Logistics sets Rs 195-205 price band for IPO,"{""VRL Logistics"": ""neutral""}",9
8866,JSPL down on CAG report: Prakash Diwan,"{""JSPL"": ""negative"", ""CAG"": ""neutral""}",7
250,"July 31, 2014: Mecklai Financial report on Rupee","{""Mecklai Financial"": ""neutral"", ""Rupee"": ""neutral""}",8
9767,Sensex plunges 400 points; over 70 stocks hit fresh 52-week lows,"{""Sensex"": ""negative""}",11
7240,Coriander futures gain 2.42 pc on rising demand,"{""Coriander"": ""positive""}",8
3420,Deutsche Bank downgrades Indian equities to neutral,"{""Indian equities"": ""negative"", ""Deutsche Bank"": ""neutral""}",7
10016,Warren Buffett's Berkshire equity portfolio goes awry; loses $5 bn since June 30,"{""Berkshire"": ""negative""}",13
4977,"JSPL, Monnet & NIIT Tech; three stocks that stole the show","{""JSPL"": ""positive"", ""Monnet"": ""positive"", ""NIIT Tech"": ""positive""}",11
4545,"China shares post biggest daily loss in six months on economy, liquidity worries","{""China"": ""negative""}",13
5566,JSW Steel promoter hikes stake in company,"{""JSW Steel"": ""neutral""}",7
7940,"Quality stocks will lead the rally: Vijai Mantri, Pramerica MF","{""Pramerica MF"": ""neutral""}",10
717,Sebi to soon notify norms to regulate research analysts,"{""Sebi"": ""neutral""}",9
10386,"Underweight on metals & manufacturing stocks : Vijai Mantri, Pramerica MF","{""metals"": ""negative"", ""manufacturing stocks"": ""negative"", ""Pramerica MF"": ""neutral""}",11
2049,Mid-caps could outperm large-caps in 6-12 months: Hemang Jani,"{""Mid-caps"": ""positive"", ""large-caps"": ""neutral""}",9
5998,Central Bank sells entire stake in CIBIL to Transunion,"{""CIBIL"": ""negative"", ""Central Bank"": ""neutral"", ""Transunion"": ""neutral""}",9
6601,Sebi mulls stronger norms to check misuse of POAs by brokers,"{""Sebi"": ""neutral""}",11
7246,"Dow tops 11,000 for first time since May","{""Dow"": ""positive""}",8
4179,Deccan Chronicle Holdings posts loss of Rs 46.57 cr in Q4,"{""Deccan Chronicle Holdings"": ""neutral""}",11
4810,"LIC, GIC and Indiabulls Housing Finance are good bets now: Phani Shekhar, Angel Broking","{""LIC"": ""positive"", ""GIC"": ""positive"", ""Indiabulls Housing Finance"": ""positive"", ""Angel Broking"": ""neutral""}",14
10202,D-Street trading: Mid & small cap stocks not yet out of the woods,"{""Mid"": ""neutral"", ""small cap stocks"": ""neutral""}",13
7141,PNB raises Rs 500 crore through bonds,"{""PNB"": ""positive""}",7
7191,Yamaha domestic sales up 35.81% in July,"{""Yamaha"": ""positive""}",7
1461,DLF has become extremely flat: Ashwani Gujral,"{""DLF"": ""neutral""}",7
5990,BSE asks brokers to remit excess STT to government,"{""BSE"": ""neutral""}",9
9861,IRB Infrastructure Q3 net profit down 24 pc at Rs 109 crore,"{""IRB Infrastructure"": ""negative""}",12
2001,Heritage Foods Q1 net profit rises 76 per cent,"{""Heritage Foods"": ""positive""}",9
8176,"Oracle Financial FY'11 net profit up 43.60% to Rs 1,111 crore","{""Oracle Financial"": ""positive""}",11
405,Euro back around $1.37 as ECB meets again,"{""Euro"": ""neutral"", ""ECB"": ""neutral""}",8
385,FMC unveils uniform warehouse accreditation norms for bourses,"{""FMC"": ""neutral"", ""bourses"": ""neutral""}",8
10165,"8200 holds the key for Nifty; Sensex likely to climb to 27,375: Mitesh Thacker","{""Sensex"": ""positive"", ""Nifty"": ""neutral""}",14
10207,"Pharma stocks rally after SC's Novartis verdict; analysts positive on DRL, Cipla, Natco","{""Pharma stocks"": ""positive"", ""DRL"": ""positive"", ""Cipla"": ""positive"", ""Natco"": ""positive""}",13
1634,Metal cos are having good volume growth',"{""Metal cos"": ""positive""}",7
10279,"Many stocks like BHEL, Siemens, Ambuja Cement, SAIL and Hindalco overvalued: Analysts","{""BHEL"": ""negative"", ""Siemens"": ""negative"", ""Ambuja Cement"": ""negative"", ""SAIL"": ""negative"", ""Hindalco"": ""negative""}",12
4785,"IT stocks fall after UBS downgrades Infosys to 'sell'; Wipro, TCS down over 1%","{""IT stocks"": ""negative"", ""Infosys"": ""negative"", ""Wipro"": ""negative"", ""TCS"": ""negative"", ""UBS"": ""neutral""}",14
10176,From fragile five to two good: Dollar flexing muscles but rupee is fit too,"{""rupee"": ""positive"", ""Dollar"": ""positive""}",14
6971,Manufacturing stuns markets with best show,"{""Manufacturing"": ""positive""}",6
3926,"China shares edge lower on supply concerns, Hong Kong weaker","{""China shares"": ""negative"", ""Hong Kong"": ""negative""}",10
4159,"Challenging for companies to raise money: U K Sinha, Sebi Chairman","{""Sebi"": ""neutral""}",11
7450,CFCL Q1 net up 81% at Rs 146.32 cr,"{""CFCL"": ""positive""}",9
8416,"Strides' Q4 profit jumps 47-fold to Rs 3,525 crore on investment sale","{""Strides"": ""positive""}",12
2194,"Brent holds above $107 on US crude draw, China data","{""Brent"": ""positive""}",10
10017,Wockhardt slips nearly 4 per cent as Illinois unit comes under USFDA scanner,"{""Wockhardt"": ""negative""}",13
1016,"Watch out for 720-725 band in Reliance: Vijay Bhambwani, BSPLindia.com","{""Reliance"": ""neutral"", ""BSPLindia.com"": ""neutral""}",10
5125,"Sensex rangebound, Nifty below 7800; top fifteen stocks in focus","{""Nifty"": ""negative"", ""Sensex"": ""neutral""}",10
7419,AstraZeneca Pharma rallies over 12% as shareholders approve delisting,"{""AstraZeneca Pharma"": ""positive""}",9
7410,"America, Q3 results or politics; what's making markets surge?","{""America"": ""positive""}",9
8990,Credit Suisse downgrades Ipca Labs; stock plunges 15%,"{""Ipca Labs"": ""negative"", ""Credit Suisse"": ""neutral""}",8
2872,Opto Circuits gains over 12% on stake sale reports to Goldman Sachs,"{""Opto Circuits"": ""positive"", ""Goldman Sachs"": ""neutral""}",12
10,Genpact appoints Edward J Fitzpatrick as CFO,"{""Genpact"": ""neutral""}",7
1839,LIC buys 5.94% stake in BHEL,"{""BHEL"": ""positive"", ""LIC"": ""neutral""}",6
4805,"HPCL, BPCL, IOC excellent stocks to buy if subsidy issues get cleared: Sudip Bandyopadhyay","{""HPCL"": ""positive"", ""BPCL"": ""positive"", ""IOC"": ""positive""}",14
256,"Mecklai Financial Report: Novermber 03, 2014","{""Mecklai Financial"": ""neutral""}",6
7027,Bajaj Finserv pretty attractive: Hemang Jani,"{""Bajaj Finserv"": ""positive""}",6
5714,BSE to launch IRF trading from January 20,"{""BSE"": ""neutral""}",8
3325,Not bullish on power sector: Manish Sonthalia,"{""power sector"": ""negative""}",7
7715,Allahabad Bank Q4 profit up 15% to Rs 257.6 crore,"{""Allahabad Bank"": ""positive""}",10
1582,Premier Explosives surges on licence for defense products,"{""Premier Explosives"": ""positive""}",8
925,Nifty may be on its way to 6800: Ashwani Gujral,"{""Nifty"": ""neutral""}",10
2780,"Cabinet clears bills on Sebi, insurance FDI; market gives thumbs-up to development","{""Sebi"": ""positive""}",12
7892,Mindtree's Q4 net up 14 pc at Rs 78.9 cr,"{""Mindtree"": ""positive""}",10
6133,Pre-market: Nifty likely to open gap-down on Greece woes,"{""Nifty"": ""neutral""}",9
5321,"IOC, BPCL, HPCL slipped on Moody's view","{""IOC"": ""negative"", ""BPCL"": ""negative"", ""HPCL"": ""negative"", ""Moody's"": ""neutral""}",7
7313,No serious corrections expected in market: Ashwani Gujral,"{""market"": ""neutral""}",8
7103,Hindalco gains upto 6% on value buying,"{""Hindalco"": ""positive""}",7
6043,Gold dips but Malaysian plane downing seen aiding sentiment,"{""Gold"": ""neutral""}",9
3776,Market taking bearish or a negative position: Ashwani Gujral,"{""Market"": ""negative""}",9
4836,"BPCL, HPCL on declines look like a good bet: Mayuresh Joshi, Angel Broking","{""BPCL"": ""positive"", ""HPCL"": ""positive"", ""Angel Broking"": ""neutral""}",13
4965,"CNX IT, tech stocks look poised for fresh highs: Ashwani Gujral","{""CNX IT"": ""positive"", ""tech stocks"": ""positive""}",11
540,BSE and NSE announce trading holiday on April 24,"{""NSE"": ""neutral"", ""BSE"": ""neutral""}",9
7484,Equity to outperform other asset classes in 2015: Experts,"{""Equity"": ""positive""}",9
2746,Zydus Wellness Q3 net profit up 66% at Rs 44 crore,"{""Zydus Wellness"": ""positive""}",11
3720,European shares fall for fourth session in a row,"{""European shares"": ""negative""}",9
6820,RIL AGM will be a landmark event for corporate India and telecom sector,"{""RIL"": ""neutral"", ""corporate India"": ""neutral"", ""telecom sector"": ""neutral""}",13
9338,Silver remains down in futures trade tracking global cues,"{""Silver"": ""negative""}",9
4469,RComm will see further upside on plans to reduce debt: Shashank Khade,"{""RComm"": ""positive""}",12
668,Piramal Enterprises Q3 net profit at Rs 249 crore,"{""Piramal Enterprises"": ""neutral""}",9
7576,Miners boost Britain's FTSE on bullishness over China's economy,"{""FTSE"": ""positive""}",9
8550,"Are IT stocks losing touch? No, it's the right time to buy, say experts","{""IT stocks"": ""positive""}",14
5064,"Chill on street continues; Sensex slips 93 points, Infosys shines","{""Infosys"": ""positive"", ""Sensex"": ""negative""}",10
1354,Taking DVR route to Tata Motors' rights issue may be a better play,"{""Tata Motors"": ""neutral"", ""DVR"": ""neutral""}",13
7115,Insecticides is a strong stock: Deepak Mohoni,"{""Insecticides"": ""positive""}",7
10511,"Tech, healthcare shares lead China market higher; Hong Kong up","{""Tech"": ""positive"", ""healthcare shares"": ""positive"", ""China market"": ""positive"", ""Hong Kong"": ""positive""}",10
8663,Snowman may be a cool long-term buy; large cold storage network gives it a competitive edge,"{""Snowman"": ""positive""}",16
2704,Sobha Developers: A realty counter that may give over 45% returns,"{""Sobha Developers"": ""positive""}",11
3331,Pantaloon shares slump as net loss widens,"{""Pantaloon"": ""negative""}",7
8054,City Union Bank Q4 Net rises 1% to Rs 83.34 crore,"{""City Union Bank"": ""positive""}",11
9589,Zenotech Laboratories Q3 net loss widens to Rs 3.75 cr,"{""Zenotech Laboratories"": ""negative""}",10
3585,Bearish on Ashok Leyland: Gaurang Shah,"{""Ashok Leyland"": ""negative""}",6
10157,"State-run Cos REC, PFC, PGC etc expect rates to fall, may offer short tenure bonds","{""REC"": ""neutral"", ""PFC"": ""neutral"", ""PGC"": ""neutral""}",15
5646,Should investors subscribe to Shemaroo Entertainment IPO?,"{""Shemaroo Entertainment"": ""neutral""}",7
3377,Mentha oil falls 0.35 per cent on profit-booking,"{""Mentha oil"": ""negative""}",8
1257,"Keshub Mahindra retires as Mahindra & Mahindra Chairman, Anand Mahindra takes over","{""Mahindra & Mahindra"": ""neutral""}",12
6191,Sunil Mittal appointed co-chair of India Africa Business Council,"{""India Africa Business Council"": ""neutral""}",9
9443,GlaxoSmithKline Pharma Q2 Net down 14.56% to Rs 98.29 crore,"{""GlaxoSmithKline Pharma"": ""negative""}",10
5349,"Chilli, jeera rise on increased buying","{""Chilli"": ""positive"", ""jeera"": ""positive""}",6
4176,"Credit Suisse cuts Bharti Airtel to Underperform, stock falls over 4%","{""Bharti Airtel"": ""negative"", ""Credit Suisse"": ""neutral""}",11
4911,"Positive on oil and gas stocks: Sadanand Shetty, Taurus Asset Management Company","{""oil and gas stocks"": ""positive"", ""Taurus Asset Management Company"": ""neutral""}",12
1853,AstraZeneca Pharma surges on strong Q4 results,"{""AstraZeneca Pharma"": ""positive""}",7
6317,Japan's Recruit prices $2 billion IPO at top of range,"{""Recruit"": ""neutral""}",10
10598,"Yuan touches 6-month low, Taiwan dollar hits 4-year low","{""Yuan"": ""negative"", ""Taiwan dollar"": ""negative""}",9
2106,SCI soars 8 pc in early trade on BSE,"{""SCI"": ""positive""}",9
134,"Saudi market opens, may affect global fund flows","{""Saudi market"": ""neutral""}",8
5030,"Dollar steadies from payrolls wobble, Aussie firmer on house data","{""Dollar"": ""neutral"", ""Aussie"": ""neutral""}",10
929,"Nifty to trade in a range of 8350-8,550: Ashwani Gujral","{""Nifty"": ""neutral""}",10
824,Cos with high IPO grades have higher PE multiples: Crisil,"{""Crisil"": ""neutral""}",10
7577,"Miners help FTSE bounce, but weak results cap gains","{""FTSE"": ""positive""}",9
1532,CLSA maintains 'Buy' on Shree Cement,"{""Shree Cement"": ""positive"", ""CLSA"": ""neutral""}",6
1215,Beaten down counters aid Sensex; Top ten stocks to watch this week,"{""Sensex"": ""neutral""}",12
505,Sanjiv Mediratta joins Amalgamated Bean Coffee Trading Company,"{""Amalgamated Bean Coffee Trading Company"": ""neutral""}",8
6531,"Investment banker Manish Chokhani to head TPGs India, SE Asia play","{""TPGs India"": ""neutral"", ""SE Asia play"": ""neutral""}",11
3073,Bharti Infratel fourth quarter net profit may rise  by 36 per cent: Report,"{""Bharti Infratel"": ""positive""}",14
9577,Videocon Industries Q4 Net down 47% at Rs 86.42 crore,"{""Videocon Industries"": ""negative""}",10
9087,Potato futures fall 2.58 pc on sluggish demand,"{""Potato"": ""negative""}",8
8648,Adlabs' IPO a good opportunity for investors willing to invest in entertainment  biz: Deven Choksey,"{""Adlabs"": ""positive""}",16
6620,"Still enough trading opportunities in primary sectors: Prakash Diwan, Altamount Capital","{""Altamount Capital"": ""neutral""}",11
9274,Moser Baer Q2 standalone loss at Rs 131.75 cr,"{""Moser Baer"": ""negative""}",9
3710,DTC proposal to create volatility in stock markets: Analysts,"{""DTC"": ""negative""}",9
10311,US stocks: Wall Street ends down 5th session; oil prices fall further,"{""Wall Street"": ""negative"", ""oil"": ""negative""}",12
4850,"Large cap IT stocks like TCS, Infosys are a decent buy: Ashwani Gujral","{""TCS"": ""positive"", ""Infosys"": ""positive""}",13
4749,"Ranbaxy, Cipla and Glenmark may go up by 20-25% in longer term: K R Choksey Securities","{""Ranbaxy"": ""positive"", ""Cipla"": ""positive"", ""Glenmark"": ""positive"", ""K R Choksey Securities"": ""neutral""}",16
4269,Panacea Biotec posts net loss at Rs 66 crore in Q1,"{""Panacea Biotec"": ""neutral""}",11
10623,"Rupee, government bonds hit by US data, Bihar results","{""Rupee"": ""negative"", ""government bonds"": ""negative""}",9
8906,RBIs balancing act amid shaky currency market,"{""currency market"": ""negative""}",7
4187,Elder Pharma defaults on Rs 261 crore interest payment on debentures,"{""Elder Pharma"": ""negative""}",11
5302,"SBI, HDFC best bets in banking: Deepak Mohoni","{""SBI"": ""positive"", ""HDFC"": ""positive""}",8
2924,Suzlon Energy rallies 20% in two sessions as Q4 net loss narrows,"{""Suzlon Energy"": ""positive""}",12
6589,Results announcement: NTPC asks directors not to trade in its shares,"{""NTPC"": ""neutral""}",11
1811,Coffee Day gains; Citi starts at 'buy',"{""Coffee Day"": ""positive"", ""Citi"": ""neutral""}",7
3487,"Edible oils decline on easing demand, adequate supply","{""Edible oils"": ""negative""}",8
7420,Aurobindo Pharma rallies over 8% on strong Q2 results,"{""Aurobindo Pharma"": ""positive""}",9
3142,Kansai Nerolac Paints Q2 net profit up by 40.62 per cent at Rs 72.66 crore,"{""Kansai Nerolac Paints"": ""positive""}",15
10020,"Zinc futures fall 0.17 per cent on low spot demand, weak global cues","{""Zinc"": ""negative""}",13
9348,Steady supply keeps Brent oil below $100 a barrel,"{""Brent oil"": ""negative""}",9
1325,Forward Markets Commission steps up vigil to curb volatility on NCDEX and MCX,"{""Forward Markets Commission"": ""neutral""}",13
4313,Sell Indiabulls Realty with a target of Rs 60: Mitesh Thacker,"{""Indiabulls Realty"": ""negative""}",11
7495,FCCBs weigh on Subex as new orders raise hopes,"{""Subex"": ""positive""}",9
8703,Select grains down on reduced offtake,"{""Select grains"": ""negative""}",6
9873,Panacea Biotec slips as Q1 net loss widens to Rs 37 crore,"{""Panacea Biotec"": ""negative""}",12
8692,Legal hurdle sours sugar exports,"{""sugar"": ""negative""}",5
10224,EID Parry is a good pick from sugar and agri space: Shrikant Chouhan,"{""EID Parry"": ""positive""}",13
10049,MD CP Gurnani sells 1.46 lakh shares of Tech Mahindra for Rs 15.51 crore,"{""Tech Mahindra"": ""negative"", ""MD CP Gurnani"": ""neutral""}",14
9581,Volatility higher but fall in contract value hits gold turnover,"{""gold"": ""negative""}",10
5542,Gold barely changed on mixed economic signals,"{""Gold"": ""neutral""}",7
6173,Sebi seeks clarification from 3 firms on IPO plans,"{""Sebi"": ""neutral""}",9
1541,Bernanke comments push Sensex by over 350 points,"{""Sensex"": ""positive""}",8
9410,"Copper weakens in futures trade on global cues, subdued demand","{""Copper"": ""negative""}",10
2682,"Revival in demand fueling Ashok Leyland stock: Ajay Bodke, Prabhudas Lilladher","{""Ashok Leyland"": ""positive""}",11
10627,"Stocks, dollar, climb as Fed takes a first step","{""Stocks"": ""positive"", ""dollar"": ""positive""}",9
6314,Investors should be judicious in the IT space: Ajay Bodke,"{""IT space"": ""neutral""}",10
1192,"To keep growing in 2010, stock markets want costs under check","{""stock markets"": ""neutral""}",11
5294,"Guarseed, gum margins on longs raised to 30%","{""Guarseed"": ""positive"", ""gum"": ""positive""}",8
1543,Selan Oil Exploration shares rally on buy-back plans,"{""Selan Oil Exploration"": ""positive""}",8
7057,Buoyant StanChart helps Europe stocks bounce back,"{""StanChart"": ""positive"", ""Europe stocks"": ""positive""}",7
2540,Commodity market can create additional 5 mn jobs in 5 years',"{""Commodity"": ""positive""}",11
954,"Q1 earnings: Lanco Infratech PAT seen at Rs 3,480 crore","{""Lanco Infratech"": ""neutral""}",10
7242,Crude palm oil futures up on spot demand,"{""Crude palm oil"": ""positive""}",8
6732,RBI monetary policy to set the tone for stock market this week,"{""RBI"": ""neutral"", ""stock market"": ""neutral""}",12
4847,"ICICI, Axis & HDFC Bank will gain most from economic revival, say analysts","{""ICICI"": ""positive"", ""Axis"": ""positive"", ""HDFC Bank"": ""positive""}",13
6802,"JPMorgan downgrades RIL rating  to 'Neutral', raises target price to Rs 1,100","{""JPMorgan"": ""neutral"", ""RIL"": ""neutral""}",13
8011,Why you should buy L&T at lows despite weak earnings,"{""L&T"": ""positive""}",10
4331,"Sistema Shyam Q2 loss widens Rs 1,180 crore on weak rupee","{""Sistema Shyam"": ""negative""}",11
8925,"Sugar futures fall on govt measures, profit-booking","{""Sugar"": ""negative""}",7
5335,"Gold, silver spike catches traders off guard","{""Gold"": ""positive"", ""silver"": ""positive""}",7
7331,"Premium drive, new bike key to Bajaj's momentum","{""Bajaj"": ""positive""}",8
9349,Steel stocks decline on weak China factory output data,"{""Steel stocks"": ""negative""}",9
4730,"Etsy, Virtu Financial & Party City IPOs may end slow start for 2015 debuts on Wall Street","{""Etsy"": ""neutral"", ""Virtu Financial"": ""neutral"", ""Party City"": ""neutral""}",17
6542,Lakshmi Vilas Bank seeks Sebi nod for Rs 505-cr rights issue,"{""Lakshmi Vilas Bank"": ""neutral"", ""Sebi"": ""neutral""}",11
5306,"Venus Fibres, GS Oils put IPOs on hold","{""Venus Fibres"": ""negative"", ""GS Oils"": ""negative""}",8
5162,"Expect CIL, ONGC, REC to perform, says Jagannadham Thunuguntla","{""CIL"": ""positive"", ""ONGC"": ""positive"", ""REC"": ""positive""}",9
7861,JSW Energy Q2 net up 54% at Rs 492 crore,"{""JSW Energy"": ""positive""}",10
2157,Whirlpool Q3 net up 49.13% to Rs 24.10 cr,"{""Whirlpool"": ""positive""}",9
1063,"Early elections could provide needed impetus to markets: Pankaj Pandey, ICICIdirect.com","{""ICICIdirect.com"": ""neutral""}",11
1168,"Relief temporary for DLF, analysts advise investors to avoid long bets","{""DLF"": ""neutral""}",11
3637,Analyst View: Frontline banking stocks trading below psychological levels,"{""Frontline banking stocks"": ""negative""}",9
7652,Somany Ceramics among top picks for 2016: Pankaj Pandey,"{""Somany Ceramics"": ""positive""}",9
5589,NCDEX introduces hedge policy for commodity markets,"{""NCDEX"": ""neutral""}",7
7193,$40 oil could be a game-changer for Russia,"{""oil"": ""positive"", ""Russia"": ""positive""}",8
4492,Sell Tata Motors Ltd with a target of Rs 415: Mitesh Thacker,"{""Tata Motors Ltd"": ""negative""}",12
7267,Germany DAX latest market to strike record high,"{""Germany DAX"": ""positive""}",8
4981,"Like Abbott, Ambelic Pharma, but high valuations a concern: Mehraboon Irani","{""Abbott"": ""positive"", ""Ambelic Pharma"": ""positive""}",11
8336,ICRA jumps 20% on Moody's open offer;M-cap swells by Rs 318 crore,"{""ICRA"": ""positive"", ""Moody"": ""neutral"", ""M-cap"": ""neutral""}",12
10700,Wall Street opens flat as Microsoft offsets Amazon,"{""Microsoft"": ""positive"", ""Wall Street"": ""neutral"", ""Amazon"": ""neutral""}",8
4947,"Two-wheelers, private banks, consumption story to play out well: Ajay Bagga","{""Two-wheelers"": ""positive"", ""private banks"": ""positive"", ""consumption"": ""positive""}",11
2783,City Union Bank Q1 net profit up 12% at Rs 112 crore,"{""City Union Bank"": ""positive""}",12
718,Sebi to study global systems to catch manipulators early,"{""Sebi"": ""neutral""}",9
10012,"Tough competition, slow revival in domestic cycle make steel stocks avoidable: Ajay Bagga","{""steel stocks"": ""negative""}",13
2503,Asia seen buying more Black Sea wheat as rain boosts yields,"{""Black Sea wheat"": ""positive""}",11
4361,You think the stock market is crazy? Look at oil prices,"{""oil"": ""negative""}",11
4172,Controlling shareholders to sell $300 mn of shares in Hero MotoCorp,"{""Hero MotoCorp"": ""negative""}",11
8083,Financial Technologies rallies over 8% on signing technology contract with MCX,"{""Financial Technologies"": ""positive"", ""MCX"": ""neutral""}",11
10497,"Sensex rangebound, Nifty flirts with 6800; top 20 trading bets","{""Nifty"": ""negative"", ""Sensex"": ""neutral""}",10
396,Fatpipe to raise Rs 49 cr through IPO,"{""Fatpipe"": ""neutral""}",8
7187,VRL Logistics ends 42% up on debut,"{""VRL Logistics"": ""positive""}",7
10563,"Long-term outlook on IT, private sector banks: Arindam Ghosh","{""IT"": ""positive"", ""private sector banks"": ""positive""}",9
4493,Sell Tata Power Ltd with a target of Rs 79: Ashwani Gujral,"{""Tata Power Ltd"": ""negative""}",12
1366,"Citigroup sees Sensex at 35,000 by June 2016, but trims Dec-2015 target to 32,200","{""Citigroup"": ""neutral"", ""Sensex"": ""neutral""}",14
10248,"2011: Gold, silver touch all-time highs amid economic turmoil and rising inflation","{""Gold"": ""positive"", ""silver"": ""positive""}",12
8788,"Amazon shares slide on disappointing earnings, outlook","{""Amazon"": ""negative""}",7
5918,SKS Microfinance issues NCDs worth Rs 200 crore,"{""SKS Microfinance"": ""neutral""}",8
4969,"Do not prefer Bharti, Idea; exit at current levels: Ambareesh Baliga","{""Bharti"": ""positive"", ""Idea"": ""positive""}",11
2915,"Spice India debuts in Delhi; will offer spices-infused chocolate slabs, beauty creams","{""Spice India"": ""neutral""}",12
5645,"Sharp correction on Nifty unlikely, say analysts","{""Nifty"": ""neutral""}",7
3767,JSW Steel slips over 4% as CBI registers inquiry,"{""JSW Steel"": ""negative""}",9
3441,"Gold drops on stockists selling, weak global cues","{""Gold"": ""negative""}",8
7358,Sharda Cropchem has good business model: Kunj Bansal,"{""Sharda Cropchem"": ""positive""}",8
6807,Many promoters still own physical shares despite Sebi mandate on dematerialisation of shares,"{""Sebi"": ""neutral""}",13
9880,Rakesh Jhunjhunwala's sale of holdings in Praj Industries surprise many on D-Street,"{""Praj Industries"": ""negative""}",12
2144,"Uco Bank still has the momentum: Deepak Mohoni, trendwatchindia.com","{""Uco Bank"": ""positive"", ""trendwatchindia.com"": ""neutral""}",9
5105,"Offshore yuan strengthens, premium over onshore yuan at 19-month high","{""Offshore yuan"": ""positive"", ""onshore yuan"": ""neutral""}",10
5074,"Dow, S&P 500 fall on Fed nervousness; Nasdaq inches up","{""Nasdaq"": ""positive"", ""Dow"": ""negative"", ""S&P 500"": ""negative""}",10
1572,Ramsarup Industries surges on stake sale reports,"{""Ramsarup Industries"": ""positive""}",7
4080,Silver demand could fall 7 per cent in 2014: Report,"{""Silver"": ""negative""}",10
1123,Market is contracting; preparing itself for a big move: Ashwani Gujral,"{""Market"": ""neutral""}",11
2787,Cox & Kings Q3 profit jumps 10 fold to Rs 30.91 crore,"{""Cox & Kings"": ""positive""}",12
2968,Deutsche Bank sees Sensex 20% up in 2014; top  7 midcap ideas,"{""Sensex"": ""positive"", ""Deutsche Bank"": ""neutral""}",13
2505,Axis Bank Q1 Net rises 18 per cent in first quarter,"{""Axis Bank"": ""positive""}",11
5989,Brokers should not bank on one IT vendor: Sebi,"{""Sebi"": ""neutral"", ""IT vendor"": ""neutral""}",9
8868,Karvy Computershare indulged in IPO irregularities: Sebi,"{""Karvy Computershare"": ""negative"", ""Sebi"": ""neutral""}",7
7165,Silver rates spike on robust foreign trends,"{""Silver"": ""positive""}",7
729,Servalakshmi Paper Ltd receives SEBI approval for its IPO,"{""Servalakshmi Paper Ltd"": ""neutral"", ""SEBI"": ""neutral""}",9
7588,Nestle Q3 net up 9.22% at Rs 311.29 crore,"{""Nestle"": ""positive""}",9
7544,Jain Irrigation to consider raising $200 million; stock up,"{""Jain Irrigation"": ""positive""}",9
413,Day Trading Guide from Edelweiss Securities,"{""Edelweiss Securities"": ""neutral""}",6
9709,"Marginally bearish on Nifty, sell a 6400 strike call: Mitesh Thacker","{""Nifty"": ""negative""}",11
5746,Emerging stocks set for second week in red,"{""Emerging stocks"": ""negative""}",8
7669,Syria stir may take Jeera futures to record high,"{""Jeera"": ""positive""}",9
826,"Definance Technologies, now Hinduja Tech, plans to enter new markets","{""Definance Technologies"": ""positive"", ""Hinduja Tech"": ""positive""}",10
3268,Suzlon Energy reports biggest quarterly loss,"{""Suzlon Energy"": ""negative""}",6
3975,"Godrej Properties October-December net profit up 5%, income down 9%","{""Godrej Properties"": ""positive""}",10
8809,Castor seed futures decline on weak demand,"{""Castor seed"": ""negative""}",7
8307,Dishman Pharma surges 6% on clarification for receipt of USFDA warning letter,"{""Dishman Pharma"": ""positive""}",12
418,How the dollar impacts you,"{""dollar"": ""neutral""}",5
9818,"Coca-Cola loses fizz, volume growth dips to single digits year on year","{""Coca-Cola"": ""negative""}",12
6749,Skyrocketing gold imports in October prompts government and RBI to review restrictions,"{""gold"": ""neutral"", ""RBI"": ""neutral""}",12
8968,Blue chip stocks trade lower than their highs,"{""Blue chip stocks"": ""negative""}",8
2083,Rakesh Jhunjhunwala bullish on NCC; stock gains over 6%,"{""NCC"": ""positive""}",9
8946,Alibaba investors beware: History not on your side,"{""Alibaba"": ""negative""}",8
3374,Metals will continue to remain weak: Sandip Sabharwal,"{""Metals"": ""negative""}",8
5727,CIL IPO priced ar Rs 245 per share,"{""CIL"": ""neutral""}",8
4108,Vikram Oberoi revokes all pledged shares in EIH; shares fall,"{""EIH"": ""negative"", ""Vikram Oberoi"": ""neutral""}",10
4381,"Brent steady below $60, heads for 4th weekly decline as oversupply persists","{""Brent"": ""negative""}",12
7724,Arvind Q1 net profit increases twofold to Rs 67.62 crore,"{""Arvind"": ""positive""}",10
1067,"Eros International holds high potential, but need some clarity: Deven Choksey","{""Eros International"": ""neutral""}",11
3914,"Brent falls below $86, heads for worst month since 2012","{""Brent"": ""negative""}",10
5537,Forex Lawsuit Settlements near $2 billion: WSJ,"{""Forex"": ""neutral"", ""WSJ"": ""neutral""}",7
8003,Venus Remedies get UK approval for cancer drug; stock up,"{""Venus Remedies"": ""positive""}",10
5388,SCORES: Sebi's complaint redressal system,"{""Sebi"": ""neutral""}",5
5733,Could diamond be the new gold for traders?,"{""diamond"": ""neutral"", ""gold"": ""neutral""}",8
2739,Weakness on BJP's Bihar loss would be a buying opportunity: CLSA,"{""CLSA"": ""neutral""}",11
5053,"Bharti, Idea are out for some more time: CK Narayan","{""Bharti"": ""positive"", ""Idea"": ""positive""}",10
4001,Illegal money pooling activities: Sebi bars three companies from Street,"{""Sebi"": ""neutral""}",10
9761,Sell HUL Ltd with target price of Rs 535: Mitesh Thacker,"{""HUL Ltd"": ""negative""}",11
2428,Sensex @ life high; outshines global peers post QE era,"{""Sensex"": ""positive""}",10
6834,China central bank seen ready to intervene again if offshore pushes yuan too far,"{""China central bank"": ""neutral""}",14
10124,Upside left in oil PSUs; infra and engineering stocks need to justify their current pricing: IV Subramaniam,"{""oil PSUs"": ""positive"", ""infra"": ""neutral"", ""engineering stocks"": ""neutral""}",17
1688,Infosys reclaims status of top Sensex stock,"{""Infosys"": ""positive""}",7
852,F-Secure appoints Amit Nath as Country Manager India & SAARC,"{""F-Secure"": ""neutral""}",10
6304,India Inc taps into corporate bond market to fund expansions,"{""India Inc"": ""neutral""}",10
9088,Pressure on rupee persists as geo-political woes mount,"{""rupee"": ""negative""}",8
5879,Reliance Capital Q4 profit at Rs 267 crore,"{""Reliance Capital"": ""neutral""}",8
8528,"Some upside still left in Vijaya Bank: Devang Mehta, Anand Rathi Financial Services","{""Vijaya Bank"": ""positive"", ""Anand Rathi Financial Services"": ""neutral""}",13
2840,JM Asset Reconstruction Company profits up 142 per cent in H1 2015,"{""JM Asset Reconstruction Company"": ""positive""}",12
4612,"Start exiting positions, have negative bias if Nifty breaches 8,900 : Mitesh Thacker","{""Nifty"": ""negative""}",13
9541,"Sell HDFC with a target of Rs 1,320: Mitesh Thacker","{""HDFC"": ""negative""}",10
9208,"Dalal Street experts see Sensex sinking 1,000 points more","{""Sensex"": ""negative""}",9
9824,Diageo and BAE fall as UK's FTSE backs off from record high,"{""Diageo"": ""negative"", ""BAE"": ""negative"", ""UK's FTSE"": ""negative""}",12
2490,Ajanta Pharma Q3 net profit rises 38% to Rs 85 crore,"{""Ajanta Pharma"": ""positive""}",11
6906,"Duncan Fertilisers acquisition wont have a major impact on JP Associates stock: Fayeza Hafizee, Intime Spectrum Securities","{""Duncan Fertilisers"": ""neutral"", ""JP Associates"": ""neutral"", ""Intime Spectrum Securities"": ""neutral""}",17
7391,Very bullish about current market scenario: Taher Badshah,"{""market"": ""positive""}",8
2850,Liberty Shoes Q2 net up 25.24 per cent at Rs 2.53 crore,"{""Liberty Shoes"": ""positive""}",12
6666,DK Sarraf to become new ONGC head; govt rejects Sudhir Vasudevas extension,"{""ONGC"": ""neutral""}",12
5882,Reliance Infrastructure Q3 Net at Rs 452 crore,"{""Reliance Infrastructure"": ""neutral""}",8
10263,"BPCL, HPCL in red on fuel price cut, rise in global prices","{""BPCL"": ""negative"", ""HPCL"": ""negative""}",12
4453,"Nokia losses narrow to $355 million, shares tumble 9% on sales dip","{""Nokia"": ""negative""}",12
9950,CARE Ratings initiates process to offload PSU bank's stake in the company: Sources,"{""PSU bank"": ""negative"", ""CARE Ratings"": ""neutral""}",13
7422,Bank of Baroda raises $500 mn via bond issue,"{""Bank of Baroda"": ""positive""}",9
9828,"Double whammy for BHEL: Project delays, fall in order inflow a worry","{""BHEL"": ""negative""}",12
6485,"December quarter earnings, macro data to drive markets this week: Experts","{""markets"": ""neutral""}",11
2480,XL Energy bags Rs 130 mn solar power contract;stk up,"{""XL Energy"": ""positive""}",10
6618,Star appoints M K Srinivasan as senior VP for North America,"{""Star"": ""neutral""}",11
2142,Turn positive on Infosys post Q1 show: Gaurav Mehta,"{""Infosys"": ""positive""}",9
5189,"Sensex rangebound ahead of Christmas holiday; Nifty50 holds 7,850","{""Sensex"": ""neutral"", ""Nifty50"": ""neutral""}",9
10439,"CERC order positive for Adani Power, Tata Power, say brokerages","{""Adani Power"": ""positive"", ""Tata Power"": ""positive"", ""CERC"": ""neutral""}",10
2745,"Yes Bank a good stock to invest: Rajesh Jain, Market Strategist","{""Yes Bank"": ""positive""}",11
7254,ETFs outpacing retail stock funds by wide margin,"{""ETF"": ""positive""}",8
3507,Copper futures down on weak global cues,"{""Copper futures"": ""negative""}",7
1680,Right time to get into ITC: Ashwani Gujral,"{""ITC"": ""positive""}",8
4250,"Limited upside seen in Texmaco & Kalindee: Ambareesh Baliga, Market Expert","{""Texmaco"": ""negative"", ""Kalindee"": ""negative""}",11
3148,"Nano price hike a good news for the company: Fayeza Hafizee, Intime Spectrum Securities Ltd","{""Intime Spectrum Securities Ltd"": ""neutral""}",15
8131,JP Infratech is a very very unique project of the country',"{""JP Infratech"": ""positive""}",11
7005,Copper recovers on global cues,"{""Copper"": ""positive""}",5
581,Have stock-specific view on consumer durables space: Hemindra Hazari,"{""consumer durables"": ""neutral""}",9
9663,Gold at 2-week low on easing of import curbs by RBI,"{""Gold"": ""negative""}",11
4071,Sell Hexaware with target price of Rs 109: Prakash Gaba,"{""Hexaware"": ""negative""}",10
3344,"NTPC: Execution delays, fuel availability key concerns","{""NTPC"": ""negative""}",7
7405,ABB India shares jump over 12% on good results,"{""ABB India"": ""positive""}",9
3673,"Broking firms lower earnings estimates for Nifty, Sensex companies","{""Nifty"": ""negative"", ""Sensex"": ""negative""}",9
560,Dollar steadies in Asian markets despite weak GDP data,"{""Dollar"": ""neutral""}",9
5238,"Britain's FTSE rallies, buoyed by banks and retail","{""FTSE"": ""positive"", ""banks"": ""positive"", ""retail"": ""positive""}",8
7806,Force Motors soars 4% post 65% jump in Q2 profits,"{""Force Motors"": ""positive""}",10
513,ABB relying on short-term orders to lower risk,"{""ABB"": ""neutral""}",8
1082,"Franklin Templeton buys record Rs 16,000-crore government securities in a day","{""Franklin Templeton"": ""neutral""}",11
1665,Kingfisher Airlines flies 20% higher on short unwinding,"{""Kingfisher Airlines"": ""positive""}",8
9205,Copper softens in futures trade on weak global cues,"{""Copper"": ""negative""}",9
1932,Blue Star will continue to do better: Sharmila Joshi,"{""Blue Star"": ""positive""}",9
10400,"Auto, realty and bank stocks gain on economic reforms hopes","{""Auto"": ""positive"", ""realty"": ""positive"", ""bank stocks"": ""positive""}",10
1151,NSEL Director Jignesh Shah quizzed again; focus now on broking firms,"{""NSEL"": ""neutral""}",11
2839,Jimmy Choo narrows IPO price range to 140-160 pence a share: Sources,"{""Jimmy Choo"": ""neutral""}",12
5950,What should investors expect from HDFC Q4 results?,"{""HDFC"": ""neutral""}",8
8309,"Dollar near 4-month high as data lifts sentiment, euro wary of ECB","{""Dollar"": ""positive""}",12
8933,Turmoil continues in the mutual fund industry,"{""mutual fund"": ""negative""}",7
10526,"BSE, NSE to suspend share trading of non-compliant companies","{""BSE"": ""neutral"", ""NSE"": ""neutral""}",9
5178,"NSE, BSE caution against trade in over 1900 securities","{""NSE"": ""neutral"", ""BSE"": ""neutral""}",9
831,DSK Developers launches Rs 200 crore public issue of debentures,"{""DSK Developers"": ""neutral""}",10
8312,Expect Maruti stocks to hold up with upcoming product launches: Pramod Gubbi,"{""Maruti"": ""positive""}",12
4753,Broader market likely to outperform; Nifty could further move up by 100-120 points: Ashwani Gujral,"{""Nifty"": ""positive""}",15
10495,"Sensex opens in red, oil & gas, FMCG, tech decline","{""Sensex"": ""negative"", ""oil & gas"": ""negative"", ""FMCG"": ""negative"", ""tech"": ""negative""}",10
10456,"Great Eastern Energy, Shemaroo IPOs among five cleared by Sebi","{""Great Eastern Energy"": ""neutral"", ""Shemaroo"": ""neutral"", ""Sebi"": ""neutral""}",10
636,Nifty likely to revisit 7450-7500 support levels: Mitesh Thacker,"{""Nifty"": ""neutral""}",9
4466,"Promoters take biggest hit of Rs 5,500 crore in DLF share plunge","{""DLF"": ""negative""}",12
6800,"Infosys results, cues on banking reforms to dictate trends for markets next week","{""Infosys"": ""neutral""}",13
7988,Tech Mahindra may turn positive after 580 levels: Mitesh Thacker,"{""Tech Mahindra"": ""positive""}",10
7080,Dollar holds firm ahead of Fed meeting,"{""Dollar"": ""positive""}",7
6967,Wait and watch Monsanto: Sudip Bandyopadhyay,"{""Monsanto"": ""positive""}",6
4143,Bhushan Steel slips 5% on rating downgrade; down 60% since August,"{""Bhushan Steel"": ""negative""}",11
7028,Ashoka Buildcon shares surge over 15%,"{""Ashoka Buildcon"": ""positive""}",6
9184,Brokerages lower Nestle Indias target price on disappointing results,"{""Nestle India"": ""negative""}",9
877,ICICI not very expensive compared to previous cycle: Anish Damania,"{""ICICI"": ""neutral""}",10
4870,"HUL, TCS, Asian Paints, Lupin show resilience in a falling market: CLSA","{""HUL"": ""positive"", ""TCS"": ""positive"", ""Asian Paints"": ""positive"", ""Lupin"": ""positive"", ""CLSA"": ""neutral""}",12
5316,"European shares pause for breath, BoI sinks","{""European shares"": ""negative"", ""BoI"": ""negative""}",7
5223,"Sensex directionless, Nifty holds 7600; top 20 trading ideas","{""Sensex"": ""neutral"", ""Nifty"": ""neutral""}",9
5,"Market seeing patience, if not conviction: Prakash Diwan","{""Market"": ""neutral""}",8
3052,"Smallcap capital goods players stare at big opportunities, look attractive bets: Harendra Kumar","{""capital goods players"": ""positive""}",13
5692,Are markets overplaying Iraq factor? Most likely: Experts,"{""Iraq"": ""neutral""}",8
3125,Anil Ambani Group firm Reliance Infra Q3 net profit jumps 26% at Rs 450 crore,"{""Reliance Infra"": ""positive""}",15
2492,Alembic Pharma Q4 net profit rises 14.74% to Rs 70.33 crore,"{""Alembic Pharma"": ""positive""}",11
3855,Sistema chairman Vladimir Yevtushenkov's house arrest sends stocks crashing,"{""Sistema"": ""negative""}",9
4778,Revision in contract between RasGas and Petronet to benefit tile makers like Kajaria and Prism,"{""Kajaria"": ""positive"", ""Prism"": ""positive""}",15
9908,Sensex loses 305 points: Is it the start of a market meltdown?,"{""Sensex"": ""negative""}",12
7510,Genesys International shareholders' nod for raising Rs 150 cr,"{""Genesys International"": ""positive""}",9
6458,Battery companies an interesing prospect in the coming days: Ajay Bagga,"{""Battery companies"": ""neutral""}",11
6294,"GST isn't a disappointment for market: Gaurav Mehta, Ambit Capital","{""Ambit Capital"": ""neutral""}",10
1149,Nokia India appoints V Sembian as new head of Chennai factory,"{""Nokia India"": ""neutral""}",11
575,"Gold steady near $1,160; US dollar, data in focus","{""Gold"": ""neutral"", ""US dollar"": ""neutral""}",9
3770,"Koutons Retail: High debt, inventory to weigh on co","{""Koutons Retail"": ""negative""}",9
4147,"Bloodbath on Dalal Street, but do not short markets, say analysts","{""markets"": ""neutral""}",11
854,"FTIL, brokers fight to tell 'their side of the story'","{""FTIL"": ""neutral""}",10
10175,"Eros International, Mandhana Industries tank up to 6% after court's verdict on Salman Khan","{""Eros International"": ""negative"", ""Mandhana Industries"": ""negative""}",14
5920,Srei Infrastructure Finance  exploring' Diageo open offer,"{""Srei Infrastructure Finance"": ""neutral""}",8
9359,Unitech net profit slips to Rs 111.36 cr;stk down,"{""Unitech"": ""negative""}",9
6615,Southeast Asia stocks most higher; Philippines retreats after May export drop,"{""Southeast Asia stocks"": ""neutral"", ""Philippines"": ""neutral""}",11
6003,Chinese developers to suffer little from yuan devaluation: S&P,"{""yuan"": ""neutral"", ""S&P"": ""neutral""}",9
9164,Aviva stake buyers walk out of negotiations over valuations,"{""Aviva"": ""negative""}",9
4496,Sell Ultratech Cement with a stop loss of Rs 2500: Mitesh Thacker,"{""Ultratech Cement"": ""negative""}",12
8174,Opto Circuits Q4 net profit up 68% at Rs 111.05 crore,"{""Opto Circuits"": ""positive""}",11
6656,Chinese firm New Crystal Material Holdings appeals against Taiwan regulators over IPO,"{""New Crystal Material Holdings"": ""neutral""}",12
2369,OnMobile expects to raise Rs 47.6 crore through open offer,"{""OnMobile"": ""neutral""}",10
4781,"Absorb the upmove and then buy ICICI Bank, Crompton Greaves and L&T: Ajay Bodke","{""ICICI Bank"": ""positive"", ""Crompton Greaves"": ""positive"", ""L&T"": ""positive""}",14
7993,TV Today Network Q2 up 84% at Rs 24.31 crore,"{""TV Today Network"": ""positive""}",10
2951,"Aptech's roof on the upside is 115 to 117: Ashwani Gujral, Market Strategist","{""Aptech"": ""positive""}",13
5626,Rupee rules steady against dollar at 59.11,"{""Rupee"": ""neutral"", ""dollar"": ""neutral""}",7
6972,Maize futures gain 2.68 per cent,"{""Maize"": ""positive""}",6
8717,Switch out of Piramal: Deepak Mohoni,"{""Piramal"": ""negative""}",6
1842,Bharat' linked stocks can become multibaggers: Experts,"{""Bharat"": ""positive""}",7
5987,Bond market expects US Fed to wait till March,"{""US Fed"": ""neutral""}",9
538,Brokerages have mixed views on Wipro post Q4 results,"{""Wipro"": ""neutral""}",9
2807,Fiscal deficit of 4.8% GDP very prudent signal from govt: Axis Bank,"{""Axis Bank"": ""neutral""}",12
5802,"June 16, 2014: Mecklai Financial report on Rupee","{""Mecklai Financial"": ""neutral"", ""Rupee"": ""neutral""}",8
5597,NSE group firm launches Quality 30 index,"{""NSE"": ""neutral""}",7
7207,Amtek Auto shoots up 54% after management clarification,"{""Amtek Auto"": ""positive""}",8
7344,Regulatory steps will improve banking sector: BP Singh,"{""banking sector"": ""positive""}",8
7561,LIC stake in Axis Bank crosses 10 per cent,"{""LIC"": ""positive"", ""Axis Bank"": ""neutral""}",9
8097,Havells Q2 Net up 1 per cent to Rs 113 crore,"{""Havells"": ""positive""}",11
785,"Yuan flat, central bank signals stability with steady midpoint","{""Yuan"": ""neutral""}",9
1410,IBJA hires consultancy firm EY to draw blueprint for developing bullion spot exchange in India,"{""IBJA"": ""neutral"", ""EY"": ""neutral""}",15
155,Sandip Bansal joins Religare Capital Markets,"{""Religare Capital Markets"": ""neutral""}",6
7807,"Force Motors, others surge on BSE revision of circuit limits","{""Force Motors"": ""positive"", ""BSE"": ""neutral""}",10
3010,"Mahindra & Mahindra lags forecast, Q4 net up 6.4% at Rs 606.5 cr","{""Mahindra & Mahindra"": ""positive""}",13
1687,"Trade long on infrastructure stocks: Devang Visaria, Devangvisaria.com","{""infrastructure stocks"": ""positive"", ""Devangvisaria.com"": ""neutral""}",8
4015,"Jaypee Group stocks plunge on high volumes, interest rate scenario","{""Jaypee Group"": ""negative""}",10
7456,CMC's Q3 profit rises 16% to Rs 70.54 crore,"{""CMC"": ""positive""}",9
3864,Sugar futures trade lower by 0.15% on higher supply,"{""Sugar futures"": ""negative""}",9
2734,Vedanta to merge subsidiary Cairn with itself to help ease debt,"{""Vedanta"": ""neutral"", ""Cairn"": ""neutral""}",11
1896,Recommend hold for HDFC Bank: Gaurang Shah,"{""HDFC Bank"": ""neutral""}",7
5443,Initiate trade on IDFC: Mitesh Thacker,"{""IDFC"": ""neutral""}",6
570,Force Motors Q3 net profit at Rs 9.99 crore,"{""Force Motors"": ""neutral""}",9
6710,MCX-SX: Sebi may soon pass order on FTIL's fit & proper status,"{""MCX-SX"": ""neutral"", ""Sebi"": ""neutral"", ""FTIL"": ""neutral""}",12
5855,PACL Bhangoo approaches SAT against Sebi recovery order,"{""PACL Bhangoo"": ""neutral"", ""SAT"": ""neutral"", ""Sebi"": ""neutral""}",8
1817,CIL net profit rises 7.85% in Q1,"{""CIL"": ""positive""}",7
10258,"Australian, New Zealand dollars slide vs sterling on early Scottish vote results","{""Australian"": ""negative"", ""New Zealand dollars"": ""negative"", ""sterling"": ""neutral""}",12
8320,Gillette India Q1 Net up 16.57 per cent at Rs 17.68 crore,"{""Gillette India"": ""positive""}",12
3395,Proceed cautiously in Larsen & Toubro: Jagdish Malkani,"{""Larsen & Toubro"": ""negative""}",8
3328,Avoid taking risks in pharma sector: Nitin Raheja,"{""pharma sector"": ""negative""}",8
10735,"Oil, global markets may weigh on Gulf","{""Oil"": ""neutral"", ""Gulf"": ""neutral""}",7
6103,MT Educare plans IPO for college campus in Karnataka,"{""MT Educare"": ""neutral""}",9
2976,FIIs' interest in India nears peak; top eight stocks from CLSA's model portfolio,"{""CLSA"": ""neutral""}",13
981,Sebi seeks fresh clarification on UFO Moviez Rs 750-crore IPO,"{""Sebi"": ""neutral"", ""UFO Moviez"": ""neutral""}",10
191,Seven rules for investing in penny stocks,"{""penny stocks"": ""neutral""}",7
9332,Sensex falls in-line with emerging markets; feels selling pressure,"{""Sensex"": ""negative""}",9
5089,"Hopeful of Tata Motors, Maruti in auto pack: Dimensions Consulting","{""Tata Motors"": ""positive"", ""Maruti"": ""positive"", ""Dimensions Consulting"": ""neutral""}",10
700,Satisfactory PAT nos from FMCG majors: Networth Stock Broking,"{""FMCG"": ""neutral"", ""Networth Stock Broking"": ""neutral""}",9
10496,"Sensex rangebound, Nifty below 8050; top fifteen stocks in focus","{""Nifty"": ""negative"", ""Sensex"": ""neutral""}",10
607,Jyotivardhan Jaipuria leads exit of senior analysts at BofA-ML,"{""BofA-ML"": ""neutral""}",9
302,Lux Industries lists on NSE at Rs 3342.05,"{""Lux Industries"": ""neutral""}",8
3421,Crisil sees Indian companies' EBITDA margins bottoming out,"{""Indian companies"": ""negative"", ""Crisil"": ""neutral""}",8
10543,European stock slip at open; London FTSE down 0.21%,"{""European stock"": ""positive"", ""London FTSE"": ""positive""}",9
1061,"D-St upset with AAP populist measures, sees no threat to BJP","{""D-St"": ""neutral""}",11
3445,Gold futures decline 0.23% on profit-booking; global cues,"{""Gold"": ""negative""}",8
1070,European Central Bank could fix euro zone flaw with risk-free bond,"{""European Central Bank"": ""neutral""}",11
2206,Cera Sanitaryware Q3 net up 50.18% at Rs 16.16 crore,"{""Cera Sanitaryware"": ""positive""}",10
9436,Eyes on euro zone inflation after Fed tempers dollar rally,"{""euro"": ""negative""}",10
7340,Recommend slow accumulation into IT sector: Harendra Kumar,"{""IT sector"": ""positive""}",8
8209,Shalimar Paints Q2 increases 48.02 per cent to Rs 4.13 crore,"{""Shalimar Paints"": ""positive""}",11
7680,Twitter shares spike as 4Q results fly above expectations,"{""Twitter"": ""positive""}",9
4643,Lakshmi Vilas Bank Q3 net down 76% at Rs 7.42 crore on bad loans,"{""Lakshmi Vilas Bank"": ""negative""}",14
7684,Uflex shares rally nearly 9% post good Q2 show,"{""Uflex"": ""positive""}",9
9008,"Europe subdued, Russia shares tumble on new sanctions","{""Europe"": ""negative"", ""Russia"": ""negative""}",8
7997,Urad climbs by Rs 500 per quintal on tight supply,"{""Urad"": ""positive""}",10
5601,Oberoi Realty IPO price-band quite stretched: Swastika,"{""Oberoi Realty"": ""neutral""}",7
9152,"2014 will remain challenging for Indian banks, say analysts","{""Indian banks"": ""negative""}",9
7023,Brokerage stocks looking good: Hemen Kapadia,"{""Brokerage stocks"": ""positive""}",6
4894,Federal Bank and Karnataka Bank safe bets in PSU banks: Mehraboon Irani,"{""Federal Bank"": ""positive"", ""Karnataka Bank"": ""positive""}",12
226,Network18 names Anuj Gandhi as Group distribution director,"{""Network18"": ""neutral""}",8
3355,New Zealand dollar slips to five-month low,"{""New Zealand dollar"": ""negative""}",7
5896,SEBI lets IDR holders convert 25% into equity,"{""SEBI"": ""neutral""}",8
8755,Commodities market comes back to bite,"{""Commodities market"": ""negative""}",6
3437,"Gold declines on sluggish demand, global cues","{""Gold"": ""negative""}",7
1694,Indraprastha Gas surges as SC rejects PNGRB's plea,"{""Indraprastha Gas"": ""positive""}",8
6894,"Engineering and cap goods companies to benefit if investment cycle in mining, railways happen: Dhiraj Sachdev","{""Engineering and cap goods companies"": ""neutral"", ""mining"": ""neutral"", ""railways"": ""neutral""}",16
1046,China yuan seen to play a bigger role as funding currency,"{""China yuan"": ""neutral""}",11
3447,"Gold imports down in December, says trade body","{""Gold"": ""negative""}",8
8051,Charting Technicals: Investors can expect a multi-year bull run in Wipro,"{""Wipro"": ""positive""}",11
9147,Zinc futures soften 0.67 pc on global cues,"{""Zinc"": ""negative""}",8
10734,"NTPC, Axis revel in Indian credit rally","{""NTPC"": ""positive"", ""Axis"": ""positive""}",7
4736,"Axis Bank, Infosys, Coal India among hot stock picks; banking sector to stand out: ET poll","{""Axis Bank"": ""positive"", ""Infosys"": ""positive"", ""Coal India"": ""positive"", ""banking sector"": ""positive""}",16
4497,Sell Yes Bank Ltd with target price of Rs 290: Ashwani Gujral,"{""Yes Bank Ltd"": ""negative""}",12
1219,Can't take more than 200 points view on the Nifty: Ashwani Gujral,"{""Nifty"": ""neutral""}",12
6016,Did Federal Reserve Janet Yellen just enter currency wars?,"{""Federal Reserve"": ""neutral""}",9
9720,NFL stock tanks 5%; issue subscribed 24 pc in early trade,"{""NFL"": ""negative""}",11
3988,"Hong Kong shares close down on weak financials, mainland fall","{""Hong Kong shares"": ""negative""}",10
4912,"Pre-market: Nifty seen opening flat; ITC, SBI eyed ahead of Q4 results","{""Nifty"": ""neutral"", ""ITC"": ""neutral"", ""SBI"": ""neutral""}",12
9493,"Liquidity overhang hits SBI margin, net flat at Rs 2,479cr","{""SBI"": ""negative""}",10
4494,Sell Tata Steel at a stop loss of Rs 518: Sandeep Wagle,"{""Tata Steel"": ""negative""}",12
6945,Pistachio gains on festive demand,"{""Pistachio"": ""positive""}",5
5700,Avon India appoints R M Sirbu Managing Director,"{""Avon India"": ""neutral""}",8
8353,JP Associates is a decent buy closer to 60-62 levels: Ambareesh Baliga,"{""JP Associates"": ""positive""}",12
957,RBI governor may shift focus to government bonds from rupee,"{""RBI"": ""neutral""}",10
2870,"NPCIL rides corporate bond wave, to raise up to Rs 2,500 crore","{""NPCIL"": ""neutral""}",12
4434,Large cap stocks have not seen correction post Q1 results: Deepak Shenoy,"{""Large cap stocks"": ""negative""}",12
4974,"Expecting corrections in FMCG, IT & auto: Ashit Suri, JV Capital","{""FMCG"": ""positive"", ""IT"": ""positive"", ""auto"": ""positive"", ""JV Capital"": ""neutral""}",11
2962,Consistent performance behind Bajaj Finance's premium valuations; stock a long-term play: Deven Choksey,"{""Bajaj Finance"": ""positive""}",13
2201,"Calculus: Recovery in China, new models may help Tata Motors","{""Tata Motors"": ""positive""}",10
99,Sebi notifies new ESOP regulations,"{""Sebi"": ""neutral""}",5
10591,"Shares cautious on Ukraine anxiety; China, India lead gains","{""China"": ""positive"", ""India"": ""positive"", ""Shares"": ""negative""}",9
2558,Eicher's profit jumps 63 pc to Rs 107 cr in July-September,"{""Eicher"": ""positive""}",11
8446,25% minimum upside in the South India Bank over one year: Angel Broking,"{""South India Bank"": ""positive"", ""Angel Broking"": ""neutral""}",13
4200,"Falling prices, quality concerns, NSEL scam hampers trading of rubber futures","{""NSEL"": ""negative""}",11
9638,Don't recommend buying in IT space at current levels: Sandip Sabharwal,"{""IT space"": ""negative""}",11
5540,Geometric appoints Parth Gandhi as Non-Executive Director,"{""Geometric"": ""neutral""}",7
1649,Top nine trading strategies in a rising market,"{""market"": ""positive""}",8
9889,Sanofi India Q4 net down 44.22 per cent at Rs 51.7 crore,"{""Sanofi India"": ""negative""}",12
6198,"Tata Sons appoints Sunil Sinha Resident Director, MENA region","{""Tata Sons"": ""neutral""}",9
6296,Harish Bhat to be member-Group Executive Council of Tata Sons,"{""Tata Sons"": ""neutral""}",10
4500,Siemens net slump 90 pc to Rs 29.9 cr in March qtr,"{""Siemens"": ""negative""}",12
1155,"Post RBI surprise, LKP Securities seven big ideas for next quarter","{""RBI"": ""neutral"", ""LKP Securities"": ""neutral""}",11
2256,Festive time: Jewellery makers rally upto 48% ahead of Diwali,"{""Jewellery makers"": ""positive""}",10
9875,Polaris Financial Technology slips over 21% as the stock goes ex-demerger today,"{""Polaris Financial Technology"": ""negative""}",12
3171,FIPB approval would be a key trigger for HDFC Bank's stock: Mayuresh Joshi of Angel Broking,"{""HDFC Bank"": ""positive""}",16
7401,Yes Bank performed better than expectation: Ambareesh Baliga,"{""Yes Bank"": ""positive""}",8
10249,Asia forex rattled by Federal Reserve rates view; ringgit at four-month low,"{""Asia forex"": ""negative"", ""ringgit"": ""negative""}",12
7159,Satyam soars 10% on tax row settlement,"{""Satyam"": ""positive""}",7
3109,"Rajan pulls off a surprise, cuts repo rate by 50 basis points, stocks rally","{""stocks"": ""positive""}",14
4549,Cost imposed on Sebi not warranted: Supreme Court to the Securities Appellate Tribunal,"{""Sebi"": ""neutral""}",13
5424,"Mecklai Financial Report: September 11, 2014","{""Mecklai Financial"": ""neutral""}",6
2050,Mindtree shares hit 52-week high on strong Q1 numbers,"{""Mindtree"": ""positive""}",9
9209,Dhanlaxmi Bank posts Rs 11.8 crore loss for April-June,"{""Dhanlaxmi Bank"": ""negative""}",9
8816,Chilli futures weaken 1.55 pc on profit-booking,"{""Chilli"": ""negative""}",7
10536,"Dow closes at new record as Intel, IBM gain","{""Dow"": ""positive"", ""Intel"": ""positive"", ""IBM"": ""positive""}",9
263,"April 16, 2014: Mecklai Financial report on rupee","{""Mecklai Financial"": ""neutral""}",8
4062,Risk to reward ratio looks unattractive in Indian markets: CLSA,"{""Indian markets"": ""negative"", ""CLSA"": ""neutral""}",10
5535,FMC open to restarting sugar futures trading,"{""FMC"": ""neutral"", ""sugar futures"": ""neutral""}",7
6617,"SREI Infrastructure to raise up to Rs 1,500 crore via NCDs","{""SREI Infrastructure"": ""neutral""}",11
8121,Infotech Enterprises: Investors should use the correction to buy the stock,"{""Infotech Enterprises"": ""positive""}",11
8156,MTNL well placed for a next probable upmove: Aditya Birla Money,"{""MTNL"": ""positive"", ""Aditya Birla Money"": ""neutral""}",11
1803,Heres how to double your money on crude,"{""crude"": ""positive""}",8
4737,"Axis, Kotak Mahindra Bank look good bets with 6-12 months view; further downside unlikely: Rajat Sharma","{""Axis"": ""positive"", ""Kotak Mahindra Bank"": ""positive""}",16
2386,Polaris rallies as tech majors make beeline for controlling stake,"{""Polaris"": ""positive""}",10
6695,Investors should go for judicious mix of defensives and cyclicals: Ajay Bodke,"{""defensives"": ""neutral"", ""cyclicals"": ""neutral""}",12
5760,"February 3, 2014: Mecklai Financial report on rupee","{""Mecklai Financial"": ""neutral"", ""rupee"": ""neutral""}",8
1960,Deutsche Bank and Diageo outperform weaker European stock markets,"{""Deutsche Bank"": ""positive"", ""Diageo"": ""positive""}",9
2977,FMCGs are a good bet on revival of the Indian economy: Dipan Mehta,"{""FMCG"": ""positive""}",13
8681,Wheat futures down on profit-booking,"{""Wheat"": ""negative""}",5
1844,Restructuring helps Bata India stay a step ahead,"{""Bata India"": ""positive""}",8
1735,"Post-correction, buyers return to gold stores","{""gold"": ""positive""}",6
2912,Sistema deal will help RCom launch 4G services later on: Nitin Soni,"{""RCom"": ""positive"", ""Sistema"": ""neutral""}",12
8339,"IFC sells Masala Re Bonds; raises Rs 1,000 cr for Axis Bank","{""IFC"": ""positive"", ""Axis Bank"": ""neutral""}",12
1987,"FPIs stay bullish on India despite China, US worries","{""India"": ""positive"", ""China"": ""negative"", ""US"": ""negative""}",9
9562,Telcos weighed down due to ongoing spectrum auctions: Deven Choksey,"{""Telcos"": ""negative""}",10
6547,"Market driven by expectation of a reformist government, says Vijai Mantri","{""Market"": ""neutral""}",11
7099,Gruh Finance Q1 Net profit up 26%,"{""Gruh Finance"": ""positive""}",7
2812,Godfrey Philips rallies over 6% as IDFC MF buys 2.5 lakh shares,"{""Godfrey Philips"": ""positive""}",12
660,Oil steady around $114 as Iraq exports in focus,"{""Oil"": ""neutral""}",9
9987,"Outlook for most defence stocks not sunny: G Chokkalingam, Equinomics Research & Advisory","{""defence stocks"": ""negative"", ""Equinomics Research & Advisory"": ""neutral""}",13
2512,"Bharat Forge looks rich in valuations, further corrections likely: Sudip Bandopadhyay","{""Bharat Forge"": ""positive""}",11
4283,Q1 earnings: Aurobindo Pharma net loss seen at Rs 65 cr,"{""Aurobindo Pharma"": ""neutral""}",11
9340,Slumps at Volkswagen and RSA weigh on European shares,"{""Volkswagen"": ""negative""}",9
8801,Bond yields fall slightly; liquidity in focus,"{""Bond yields"": ""negative""}",7
6288,Gateway Distriparks arm Snowman Logistics plans Rs 200 crore IPO,"{""Gateway Distriparks"": ""neutral"", ""Snowman Logistics"": ""neutral""}",10
1931,Birla Power Solutions to raise $100 million; stock up,"{""Birla Power Solutions"": ""positive""}",9
7126,Lower subsidy burden to boost OMCs growth,"{""OMCs"": ""positive""}",7
198,Oil ends steady in thin trade,"{""Oil"": ""neutral""}",6
7778,"Deal with Adidas will benefit Lovable: Phani Shekhar, Angel Broking","{""Lovable"": ""positive"", ""Adidas"": ""neutral"", ""Angel Broking"": ""neutral""}",10
2932,TV Today Network Q3 jumps 34.46 per cent to Rs 20.64 crore,"{""TV Today Network"": ""positive""}",12
8005,VIP Industries Q1 Net up 16.52% at Rs 26.8 crore,"{""VIP Industries"": ""positive""}",10
2328,Lodestone deal much needed inorganic booster for Infosys: Prabhudas Lilladher,"{""Infosys"": ""positive"", ""Lodestone"": ""neutral""}",10
4390,"Defensives go on the back foot; steep valuations hurt ITC, Sun Pharma","{""ITC"": ""negative"", ""Sun Pharma"": ""negative""}",12
8959,Be prepared for 5-10% decline in markets: Experts,"{""markets"": ""negative""}",8
4219,Gold extends losses for 3rd day on subdued demand; global cues,"{""Gold"": ""negative""}",11
203,OBC may go for FPO post-capital infusion,"{""OBC"": ""neutral""}",7
3511,Copper softens on global cues,"{""Copper"": ""negative""}",5
4932,"US stocks: Dow, S&P end at records, starting July with a bang","{""Dow"": ""positive"", ""S&P"": ""positive""}",12
5536,Foreign investors scramble to buy Indian Bonds,"{""Indian Bonds"": ""neutral""}",7
9926,Zee Entertainment Q1 net down 6.26 per cent at Rs 210.57 crore,"{""Zee Entertainment"": ""negative""}",12
5792,IPO for startups: Will SEBI get this right?,"{""SEBI"": ""neutral""}",8
1708,HMT surges on hopes government may delay shut-down,"{""HMT"": ""positive""}",8
5173,"Markets rangebound; Nifty near 8,100; top 20 trading ideas","{""Markets"": ""neutral"", ""Nifty"": ""neutral""}",9
5250,European shares dip; Carlsberg hit by Russia concerns,"{""European shares"": ""negative"", ""Carlsberg"": ""negative""}",8
6529,Infosys riding on Vishal Sikka anticipated turnaround strategy: P Phani Sekhar,"{""Infosys"": ""neutral""}",11
10589,"Sensex, rupee brace for election storm: Is government prepared?","{""Sensex"": ""negative"", ""rupee"": ""negative""}",9
5856,PBOC steps up intervention in yuan trading: Sources,"{""PBOC"": ""neutral""}",8
8165,NIIT bounces back to profits; revenue rises to Rs 225.3 crore,"{""NIIT"": ""positive""}",11
855,FTSE adds 9 Indian firms to key Asia Pacific index,"{""FTSE"": ""neutral"", ""Asia Pacific index"": ""neutral""}",10
4738,"Fall in order inflows shows more pain ahead for industrial stocks such as L&T, BHEL, Thermax","{""L&T"": ""positive"", ""BHEL"": ""positive"", ""Thermax"": ""positive""}",16
10353,"Midcap, smallcaps outperform large cap stocks, better results cited as reason","{""Midcap"": ""positive"", ""smallcaps"": ""positive"", ""large cap stocks"": ""neutral""}",11
699,SAT to hear Alchemist Capital case on September 29,"{""Alchemist Capital"": ""neutral""}",9
3697,Dalmia Bharat posts Rs 12.39 crore loss in Q3,"{""Dalmia Bharat"": ""negative""}",9
1637,Strong spot demand lifts mentha oil futures 1.15%,"{""mentha oil futures"": ""positive""}",8
7281,Huge activity in Nifty December series surprises market,"{""Nifty"": ""positive"", ""market"": ""neutral""}",8
7555,Kitex Garments surges as Motilal Oswal sees 50% upside,"{""Kitex Garments"": ""positive"", ""Motilal Oswal"": ""neutral""}",9
3582,Asian shares tread cautiously after Brack Obama speech,"{""Asian shares"": ""negative""}",8
1292,Symantec appoints Adrian Jones as Asia Pacific and Japan senior vice president,"{""Symantec"": ""neutral""}",12
6586,Reduction in diesel prices will not be taken negatively: Ajay Bodke,"{""diesel"": ""neutral""}",11
1854,Asian shares prove resilient to euro jitters,"{""Asian shares"": ""positive"", ""euro"": ""negative""}",7
5233,"Asian stocks dip, euro stuck near one-year lows","{""Asian stocks"": ""negative"", ""euro"": ""negative""}",8
3764,Jindal Stainless Q3 net loss at Rs 301 crore,"{""Jindal Stainless"": ""neutral""}",9
3305,Rupee hits 2-week low on defence-related dollar demand,"{""Rupee"": ""negative""}",8
1496,Brokers' Call: HSBC upgrades Tata Power,"{""Tata Power"": ""positive"", ""HSBC"": ""neutral""}",6
7995,"Upside expected in the market, post-budget : KR Choksey Securities","{""market"": ""positive"", ""KR Choksey Securities"": ""neutral""}",10
1999,Heard on the street: Glodyne Technoserve soars on 3k-order,"{""Glodyne Technoserve"": ""positive""}",9
664,"PE funds Multiples, IVFA eye stake in Dodsal Group","{""Multiples"": ""neutral"", ""IVFA"": ""neutral"", ""Dodsal Group"": ""neutral""}",9
3749,"Hong Kong shares close down on China, global jitters","{""Hong Kong shares"": ""negative""}",9
4414,HT Media Q2 Net down 24.56 per cent to Rs 43.89 crore,"{""HT Media"": ""negative""}",12
5531,Fewer investors trade on Multi Commodity Exchange,"{""Multi Commodity Exchange"": ""neutral""}",7
5576,"MCX, FTIL debate over preferential share allotment","{""MCX"": ""neutral"", ""FTIL"": ""neutral""}",7
8902,Pulse push unlikely to yield result soon,"{""Pulse"": ""negative""}",7
7527,Hindustan Zinc climbs 6% after Glencore's production cut announcement,"{""Hindustan Zinc"": ""positive"", ""Glencore"": ""negative""}",9
9475,IFCI slips over 14% after govt raises stake to 55.57%,"{""IFCI"": ""negative""}",10
5865,Pre-RBI Policy: Here how bonds and rupee react,"{""RBI"": ""neutral""}",8
6777,"Diversification is key for success of EPC business: M Goutham Reddy, Ramky Infrastructure","{""Ramky Infrastructure"": ""neutral""}",13
1307,AIA share sale set to be World's second largest IPO of the year,"{""AIA"": ""neutral""}",13
7393,"Video: Hot midcap stocks on move: IDBI, Wockhardt","{""midcap stocks"": ""positive"", ""IDBI"": ""neutral"", ""Wockhardt"": ""neutral""}",8
10430,Rupiah rises from 16-year low; won buoyed by firmer yen,"{""Rupiah"": ""positive"", ""won"": ""positive"", ""yen"": ""neutral""}",10
5593,Nihilent Technologies considering IPO in 12-18 months,"{""Nihilent Technologies"": ""neutral""}",7
10231,"Mutual funds sell IT, banking stocks in March; go long on auto, pharma","{""auto"": ""positive"", ""pharma"": ""positive"", ""IT"": ""negative"", ""banking"": ""negative""}",13
9722,NIfty once again fails to get pass 6350 mark: Mitesh Thacker,"{""NIfty"": ""negative""}",11
1664,Kirloskar Electric surges 17% on block deal,"{""Kirloskar Electric"": ""positive""}",7
5451,Gur settles quiet in thin trade,"{""Gur"": ""neutral""}",6
10681,"Global oil worries, rupeee fall weigh on stocks","{""oil"": ""negative"", ""rupee"": ""negative""}",8
10702,"Australia, NZ dlrs trapped by holiday lull","{""Australi"": ""negative"", ""NZ dlrs"": ""negative""}",7
3628,Major currencies eerily calm as geopolitical risk lingers,"{""currencies"": ""neutral""}",8
2694,"Sensex@new high: 5 reasons why bears, not bulls, should be smiling","{""Sensex"": ""positive""}",11
9790,VW hits 4-year low as diesel emissions fallout spreads to France,"{""VW"": ""negative""}",11
5916,Shell Lubricants appoints Nitin Prasad as India head,"{""Shell Lubricants"": ""neutral""}",8
3158,"Rise in US bond yields may direct realignment towards EM pack: Gaurav Mehta, Ambit Capital","{""Ambit Capital"": ""neutral""}",15
9915,Tara Jewels Q2 net dips by 29 pc to Rs 11.03 crore,"{""Tara Jewels"": ""negative""}",12
6669,Drug firm Strides Arcolab reports Q4 net profit at Rs 69.66 crore,"{""Strides Arcolab"": ""positive""}",12
1060,"Dollar flat in Asia ahead of key data, Federal Policy meeting","{""Dollar"": ""neutral""}",11
4637,General Electric to sell $12 billion worth equity business to exit from banking sector,"{""banking sector"": ""negative""}",14
3243,Sebi bars Kolkata Weird Industries from raising funds,"{""Weird Industries"": ""negative""}",8
1679,IVRCL buy a profit venture for Essel Group,"{""IVRCL"": ""positive"", ""Essel Group"": ""positive""}",8
6893,"Difficult for markets to scale newer highs in current scenario: Dipan Mehta, Member BSE & NSE","{""BSE"": ""neutral"", ""NSE"": ""neutral""}",16
6375,"Post 2G spectrum auction, are telecom stocks good picks now?","{""telecom stocks"": ""neutral""}",10
7575,Merrill Lynch buys 2.35 lakh shares in Financial Technologies,"{""Financial Technologies"": ""positive"", ""Merrill Lynch"": ""neutral""}",9
1758,Indices on firm footing; financial stocks in focus,"{""financial stocks"": ""positive"", ""Indices"": ""positive""}",8
6020,Directors on PSB boards to get market fee soon,"{""PSB"": ""neutral""}",9
5117,"Rally will be led by cyclicals, rate sensitives: Ashwani Gujral","{""cyclicals"": ""positive"", ""rate sensitives"": ""positive""}",10
8756,Bearish on commodities: Mehrab Irani,"{""commodities"": ""negative""}",5
7409,Amara Raja hits 52-week high on strong Q2 results,"{""Amara Raja"": ""positive""}",9
2791,DB Realty rallies over 17% on hopes of approvals on stuck projects,"{""DB Realty"": ""positive""}",12
864,Guidance framework soon for companies to make right disclosures: BSE,"{""BSE"": ""neutral""}",10
7859,Jeera futures rise 1.70 per cent on pick-up in demand,"{""Jeera"": ""positive""}",10
1485,"Thomas Cook, Sterling Holidays extend gains post merger","{""Thomas Cook"": ""positive"", ""Sterling Holidays"": ""positive""}",8
7036,Egypt Suez Canal May revenue rises,"{""Egypt Suez Canal"": ""positive""}",6
7722,Apollo Tyres Q1 net rises 37.36% to Rs 227.94 crore,"{""Apollo Tyres"": ""positive""}",10
5978,Bank on the lenders for superb returns in 2016,"{""Bank"": ""neutral""}",9
5135,"Sensex, Nifty hit fresh record high ahead of RBI policy","{""Sensex"": ""positive"", ""Nifty"": ""positive"", ""RBI"": ""neutral""}",10
207,NSE operationalises SME platform with first listing,"{""NSE"": ""neutral""}",7
4489,Sell IndusInd Bank with a stop loss of Rs 560: Ashwani Gujral,"{""IndusInd Bank"": ""negative""}",12
6939,RComm volumes are good: Devang Visaria,"{""RComm"": ""positive""}",6
9063,Mentha oil falls 0.58 per cent on profit-booking,"{""Mentha oil"": ""negative""}",8
6911,Rashtriya Ispat Nigam Limited to go ahead with IPO plan despite damage by Hudhud: CMD P Madhusudan,"{""Rashtriya Ispat Nigam Limited"": ""neutral""}",17
503,Ameriprise Financial closes financial planning division in India,"{""Ameriprise Financial"": ""neutral""}",8
7386,Unichem Laboratories jumps on report of sale plans,"{""Unichem Laboratories"": ""positive""}",8
1029,Amar Ujala plans another IPO to raise about Rs 450 crore,"{""Amar Ujala"": ""neutral""}",11
3841,Sebi bars Haldhar Realty from raising money from investors,"{""Haldhar Realty"": ""negative"", ""Sebi"": ""neutral""}",9
8111,IFCI Q1 net rises 7.5 per cent to Rs 102 crore,"{""IFCI"": ""positive""}",11
5057,"Brokerages' views on Pidilite, Bosch, Sun Pharma, Nestle India, UPL","{""Pidilite"": ""neutral"", ""Bosch"": ""neutral"", ""Sun Pharma"": ""neutral"", ""Nestle India"": ""neutral"", ""UPL"": ""neutral""}",10
9763,Sell JSPL at a stop loss of Rs 290: Ashwani Gujral,"{""JSPL"": ""negative""}",11
8155,Moody's gives fifth reason for markets to cheer; record highs seen,"{""markets"": ""positive"", ""Moody"": ""neutral""}",11
2732,"Until Nifty crosses 8350-8400 zone, markets to remain rangebound: Ashwani Gujral","{""Nifty"": ""neutral"", ""markets"": ""neutral""}",11
8997,DLF: Reviewing $8.4 million penalty slapped by SEBI,"{""DLF"": ""negative"", ""SEBI"": ""neutral""}",8
2455,Torrent Pharmaceuticals Q2 net zooms three-fold to Rs 568 crore,"{""Torrent Pharmaceuticals"": ""positive""}",10
7216,"Barclays overweight on HCL Tech, target Rs 1,065.","{""HCL Tech"": ""positive"", ""Barclays"": ""neutral""}",8
3105,Novelis third quarter net profit jumps 3-fold to $46 million on new business model,"{""Novelis"": ""positive""}",14
8393,Radico Khaitan hits 52-week high as Rakesh Jhunjhunwala picks 6.85 lakh shares,"{""Radico Khaitan"": ""positive""}",12
6279,Former LIC Chairman Dinesh Kumar Mehrotra named to MCX board,"{""LIC"": ""neutral"", ""MCX"": ""neutral""}",10
3100,Marico posts 28 per cent jump in Q1 net profit to Rs 238 crore,"{""Marico"": ""positive""}",14
6185,"Srikanth Srinivas joins Adfactors as senior V-P, Public Affairs","{""Adfactors"": ""neutral""}",9
10471,"Network18, TV18 shares drop over 6 per cent on BSE","{""Network18"": ""negative"", ""TV18"": ""negative"", ""BSE"": ""neutral""}",10
3562,Birla Corporation Q3 Net falls 50%,"{""Birla Corporation"": ""negative""}",6
5893,Sebi directs Suraksha Agrotech to refund investor money,"{""Suraksha Agrotech"": ""negative"", ""Sebi"": ""neutral""}",8
392,Financial Technologies receives non-binding bids for its stake,"{""Financial Technologies"": ""neutral""}",8
6737,Risk premium narrows between government bonds and state-backed securities on lower supply,"{""government bonds"": ""neutral""}",12
5619,RBI agility helps tame money market volatility,"{""RBI"": ""neutral""}",7
5259,"HPCL, BPCL, IOC pare gains after firm start","{""HPCL"": ""negative"", ""BPCL"": ""negative"", ""IOC"": ""negative""}",8
9688,IndusInd Bank shares fall over four per cent on RBI move,"{""IndusInd Bank"": ""negative"", ""RBI"": ""neutral""}",11
2696,Share sale proceeds to help Prestige Estates Projects cut debt component,"{""Prestige Estates Projects"": ""neutral""}",11
2028,JSW Energy closes up a paltry 0.75% on BSE,"{""JSW Energy"": ""positive""}",9
5464,Anant Goenka promoted as Ceat MD,"{""Ceat"": ""neutral""}",6
2569,"Foreign institutional investors pump in Rs 4,900 crore in Indian stocks","{""Indian stocks"": ""positive""}",11
8007,Wealthy investors lap up NHAI's Rs 10k cr bond issue,"{""NHAI"": ""positive""}",10
65,Tata Sons names Gopichand Katragadda chief technology officer,"{""Tata Sons"": ""neutral""}",8
2063,Oil near 9-month high as Iraq battles for refinery,"{""Oil"": ""positive""}",9
5277,"Sensex ends flat, above 25000; Nifty holds 7450","{""Sensex"": ""neutral"", ""Nifty"": ""neutral""}",8
7209,Ashok Leyland Q4 net up at 298.23 crore,"{""Ashok Leyland"": ""positive""}",8
8685,Cautious on two-wheeler space: David Pezarkar,"{""two-wheeler"": ""negative""}",6
8572,IIFL recommends Apollo Tyres with a `Buy and a target price of Rs 94,"{""Apollo Tyres"": ""positive"", ""IIFL"": ""neutral""}",14
6332,Maharashtra Seamless' Board approves Rs 100 crore share buy back,"{""Maharashtra Seamless"": ""neutral""}",10
4860,"China stocks drop as yuan falls further; airlines, property in the crosshairs","{""China stocks"": ""negative"", ""yuan"": ""negative"", ""airlines"": ""negative"", ""property"": ""negative""}",12
4888,"Chart Check from IIFL Private Wealth for Monday, March 19: Idea, Ranbaxy","{""Idea"": ""neutral"", ""Ranbaxy"": ""neutral""}",12
9269,MF agent's guaranteed returns to Flipkart violate Sebi norms,"{""Flipkart"": ""negative"", ""Sebi"": ""neutral""}",9
879,"Info Edge: Economic turnaround, improved hiring to be immediate trigger","{""Info Edge"": ""neutral""}",10
8530,Sugar stocks see sweet gains as govt approves subsidy on raw sugar export,"{""Sugar stocks"": ""positive""}",13
7917,"OMCs may cut petrol, diesel price in November; stocks gain","{""OMC"": ""positive""}",10
6864,Suggest to wait till ICICI Bank plans to list its insurance arm: Deepak Shenoy,"{""ICICI Bank"": ""neutral""}",14
7893,"Momentum in markets looks upbeat: Anand Tandon, CEO, JRG Securities","{""markets"": ""positive"", ""JRG Securities"": ""neutral""}",10
6440,100 Infosys shares for 9.5K in 1993 now worth 4 crore,"{""Infosys"": ""neutral""}",11
7870,Liberty Shoes logs 20 pc rise in June quarter Net,"{""Liberty Shoes"": ""positive""}",10
1017,What should investors do with RIL ahead of Q2 results?,"{""RIL"": ""neutral""}",10
9468,Higher supply pulls down crude palm oil at futures trade,"{""crude palm oil"": ""negative""}",10
7630,"Safe-haven bids keep gold above $1,300; physical demand eyed","{""gold"": ""positive""}",9
996,Sugar companies & investors get the sweet smell of revival,"{""Sugar companies"": ""positive""}",10
10174,"Discom revival plan fails to lift power stocks; REC, PFC fall up to 13%","{""REC"": ""negative"", ""PFC"": ""negative"", ""power stocks"": ""negative""}",14
4298,"Rubber prices likely to struggle, no rebound in sight :Industry body","{""Rubber"": ""negative""}",11
162,RBI Deputy Governor Anand Sinha retires,"{""RBI"": ""neutral""}",6
5676,6 smart things to know about gold loans,"{""gold"": ""neutral""}",8
6874,Hard to say if the rebound in the markets will sustain or not: Ashwani Gujral,"{""markets"": ""neutral""}",15
9693,IRB Infra Q2 net profit down 12% at Rs 107 crore,"{""IRB Infra"": ""negative""}",11
7990,"Thin world markets rally may run longer, draw new cash","{""world markets"": ""positive""}",10
3844,Sebi imposes Rs 5 lakh fine on Serene Industries,"{""Serene Industries"": ""negative"", ""Sebi"": ""neutral""}",9
1022,Worldpay Group Ltd valued at $7.4 billion in London listing,"{""Worldpay Group Ltd"": ""neutral""}",10
3074,Both private and PSU banks look good at this point in time: Arindam Ghosh,"{""private"": ""positive"", ""PSU banks"": ""positive""}",14
7556,L&T in talk to supply nuclear equipments; stock up,"{""L&T"": ""positive""}",9
3944,DLF Ltd slips as High Court cancels 300-acre land allotment,"{""DLF Ltd"": ""negative""}",10
1586,Pistachio up on fresh buying,"{""Pistachio"": ""positive""}",5
10148,"Impact of delay in gas price hike: RIL, ONGC may fall in the short term","{""RIL"": ""negative"", ""ONGC"": ""negative""}",15
3153,"Outlook for auto ancilliary stocks bright in medium to long term: Mayuresh Joshi, Angel Broking","{""auto ancilliary stocks"": ""positive""}",15
8227,Star Network's Balaji exit sparks excitement in entertainment space: Deven Choksey,"{""Star Network"": ""neutral"", ""Balaji"": ""neutral""}",11
776,What analysts have to say about Infosys Q3 results,"{""Infosys"": ""neutral""}",9
9671,"Growth fears weigh on major shares, dollar up after big slide","{""dollar"": ""positive""}",11
7100,Guargum futures recover on rising spot demand,"{""Guargum"": ""positive""}",7
5487,Overweight on IT sector: BP Singh,"{""IT sector"": ""neutral""}",6
6236,Bharat Forge Q2 profit nearly flat at Rs 175 crore,"{""Bharat Forge"": ""neutral""}",10
9556,Sterling edges down on dovish BoE comments; eyes on Fed,"{""Sterling"": ""negative"", ""BoE"": ""neutral""}",10
7042,"22,715 new all-time closing high for Sensex","{""Sensex"": ""positive""}",7
2613,Jyothy Labs registers 89.9% jump in net profit in Q2 FY15,"{""Jyothy Labs"": ""positive""}",11
7514,Gold's safe-haven gains from Greece fizzle on robust dollar,"{""Gold"": ""positive"", ""dollar"": ""positive""}",9
10234,"Private banks, power, oil & gas, auto, tourism to outperform in 2015: Emkay","{""Private banks"": ""positive"", ""power"": ""positive"", ""oil & gas"": ""positive"", ""auto"": ""positive"", ""tourism"": ""positive""}",13
8434,TV18 posts multi-fold decline in FY-11 net loss at Rs 20.11 crore,"{""TV18"": ""positive""}",12
10254,"Gold glitters to top Rs 32,000 mark on global cues; silver shines","{""Gold"": ""positive"", ""silver"": ""positive""}",12
10556,InterGlobe on a high; other airline stocks also gain,"{""InterGlobe"": ""positive"", ""airline stocks"": ""positive""}",9
8793,Asian markets: Tokyo stocks open 0.28% lower,"{""Tokyo stocks"": ""negative""}",7
10628,"Stocks, FX slip lower as steep annual losses loom","{""Stocks"": ""negative"", ""FX"": ""negative""}",9
5394,Sebi revamps secondary market advisory committee,"{""Sebi"": ""neutral""}",6
8839,"Further downside likely: Sonam Udasi, IDBI Capital","{""IDBI Capital"": ""neutral""}",7
3891,"Weak demand, higher supply drag down mentha oil futures","{""mentha oil futures"": ""negative""}",9
3557,"BP shares plunge, US threatens new penalties","{""BP"": ""negative""}",7
1529,Siemens shares gain after strong earnings,"{""Siemens"": ""positive""}",6
1268,NSEL-FTIL merger issue: Govt to seek more time from Bombay High Court,"{""NSEL"": ""neutral"", ""FTIL"": ""neutral""}",12
7735,"Berger Paints gains 8% on robust Q1 results, expansion plans","{""Berger Paints"": ""positive""}",10
1900,Broader markets valuations look attractive: Ambit Capital,"{""Ambit Capital"": ""neutral""}",7
4659,Spice Communications IPO case: Sebi bans Dipti Kirit Parekh from markets for 2 years,"{""Spice Communications"": ""negative""}",14
3006,Larsen & Toubro's Q1 net profit soars 111% on sale of assets and stake,"{""Larsen & Toubro"": ""positive""}",13
2735,Vedanta's weight in key indices to rise post Cairn India buyout,"{""Vedanta"": ""positive"", ""Cairn India"": ""neutral""}",11
190,Things that influence pharmaceutical sector growth story,"{""pharmaceutical sector"": ""neutral""}",7
9999,Shameful that listed firms not finding women directors: Sebi Chief U K Sinha,"{""Sebi"": ""neutral""}",13
9168,Balance sheet oriented news driving telecom stocks: Nitin Raheja,"{""telecom stocks"": ""negative""}",9
2748,365 days of Modi govt: Global funds seen increasing India weightage: HSBC,"{""HSBC"": ""neutral""}",12
2048,Metals and banking are likely to outperform: Ashwani Gujral,"{""Metals"": ""positive"", ""banking"": ""positive""}",9
7850,IT stocks to benefit in the short term: Mitesh Thacker,"{""IT stocks"": ""positive""}",10
2559,Escorts been trading up pretty well around Rs 80: CK Narayan,"{""Escorts"": ""positive""}",11
9275,MRF Q2 net dips 19% at Rs 171 crore,"{""MRF"": ""negative""}",9
8667,"Make a base right now, trade in low volatile ranges: Gaurang Shah, Geojit BNP Paribas Financial Services","{""Geojit BNP Paribas Financial Services"": ""neutral""}",17
6397,Sebi to participate in India International Trade Fair at Delhi,"{""Sebi"": ""neutral"", ""India International Trade Fair"": ""neutral""}",10
3386,Manali Petrochemicals Q4 net down 72.6 pc,"{""Manali Petrochemicals"": ""negative""}",7
4556,DLF slips over 4% as Q1 net profit slips on lower home sales,"{""DLF"": ""negative""}",13
1185,Standard Chartered appoints former SBI chief OP Bhatt as board member,"{""Standard Chartered"": ""neutral"", ""SBI"": ""neutral""}",11
6421,Top three reasons why rupee is gaining strength against USD,"{""rupee"": ""neutral"", ""USD"": ""neutral""}",10
5052,"Bharat Forge, Bharti Infra may make it to MSCI India","{""Bharat Forge"": ""positive"", ""Bharti Infra"": ""positive"", ""MSCI India"": ""neutral""}",10
5312,"Chilli, turmeric prices rise on fresh buying","{""Chilli"": ""negative"", ""turmeric"": ""negative""}",7
2434,SJVNL Q3 net profit rises 10% to Rs 210.93 crore,"{""SJVNL"": ""positive""}",10
6950,Street mood lifts Oriental Hotels,"{""Oriental Hotels"": ""positive""}",5
10584,"Sensex hits record all-time high; Nifty races past 7,600","{""Sensex"": ""positive"", ""Nifty"": ""positive""}",9
770,VRL Logistics IPO subscribed 0.47 times on Day 1,"{""VRL Logistics"": ""neutral""}",9
1686,Insecticides India Q1 net up 29 per cent,"{""Insecticides India"": ""positive""}",8
8323,Go for bigger names like SBI in public sector banks: IV Subramaniam,"{""SBI"": ""positive""}",12
5579,Mid-cap stocks set to play catch-up soon,"{""Mid-cap stocks"": ""neutral""}",7
4427,J&K Bank can slide down to levels closer to 1370: Prakash Gaba,"{""J&K Bank"": ""negative""}",12
467,BS Transcomm debuts at Rs 257/share on NSE,"{""BS Transcomm"": ""neutral""}",8
6266,ET in the Classroom: Simple strategies to play Nifty F&O,"{""Nifty"": ""neutral""}",10
5735,D K Sarraf takes over as ONGC Chairman,"{""ONGC"": ""neutral""}",8
5192,Sensex slips over 100 points; Nifty tests 7900 levels,"{""Sensex"": ""negative"", ""Nifty"": ""neutral""}",9
5391,Sebi finalises norms for research analysts,"{""Sebi"": ""neutral""}",6
861,"Goldman Sachs prices 30-year, $974 million bond in Taiwan: Sources","{""Goldman Sachs"": ""neutral""}",10
7271,GSK Consumer gains 1.7% on in-line Q4 results,"{""GSK Consumer"": ""positive""}",8
