S No.,Title,Decisions,Words
5669,WNS Q4 Net profit at $13.4 million,"{""WNS"": ""neutral""}",7
9188,Cardamom futures fall 0.77 per cent on profit booking,"{""Cardamom"": ""negative""}",9
1801,Crude oil futures up on overseas cues,"{""Crude oil futures"": ""positive""}",7
9955,"Demand for corporate bonds falls 36% in June on monsoon worries, Greece default","{""corporate bonds"": ""negative""}",13
2430,Shangai stock index hits 8-month high despite worries over economy,"{""Shangai stock index"": ""positive""}",10
10687,"NSE, Sebi hold investor awareness programme in Srinagar","{""NSE"": ""neutral"", ""Sebi"": ""neutral""}",8
5483,ECB's bond buying plan: What's next,"{""ECB"": ""neutral""}",6
6762,Wall Street brightest minds reveal the most important charts in the world,"{""Wall Street"": ""neutral""}",12
10580,"SEB reforms positive for PNB, Canara Bank: Deutsche Bank","{""PNB"": ""positive"", ""Canara Bank"": ""positive"", ""SEB"": ""neutral"", ""Deutsche Bank"": ""neutral""}",9
8976,Cardamom futures decline 0.58 per cent on profit-booking,"{""Cardamom"": ""negative""}",8
1969,Elections to trigger rally in media stocks: Gaurang Shah,"{""media stocks"": ""positive""}",9
8969,"BofA halts buybacks, dividend increase on stress-test error","{""BofA"": ""negative""}",8
8786,10-year bonds pare gains after budget announcements,"{""10-year bonds"": ""negative""}",7
8557,Chennai Petroleum net profit jumps over seven-fold at Rs 364 crore for fourth quarter,"{""Chennai Petroleum"": ""positive""}",14
4698,Diwali only hope for gold traders as demand at two-decade low after yellow metal hits record prices,"{""gold"": ""negative""}",17
7009,Commexes turnover surges 55%,"{""Commexes"": ""positive""}",4
4988,"Mutual funds buy RIL, HDFC Bank and L&T on recovery hopes","{""RIL"": ""positive"", ""HDFC Bank"": ""positive"", ""L&T"": ""positive""}",11
10492,S.Korean stocks post best day in 4-weeks; won closes weaker,"{""S.Korean stocks"": ""positive"", ""won"": ""negative""}",10
4651,Nomura plans to sell stake in mutual fund JV with  Life Insurance Corporation,"{""Nomura"": ""neutral"", ""Life Insurance Corporation"": ""neutral""}",14
1160,"Railways trying to match airlines; to offer personalised alerts, wake-up calls","{""Railways"": ""neutral"", ""airlines"": ""neutral""}",11
1214,Be cautious on amount of stock you buy into BEML: Devang Visaria,"{""BEML"": ""negative""}",12
8360,"Lower levels on Nifty to be good buying opportunities: Mitesh Thacker, miteshthacker.com","{""Nifty"": ""positive""}",12
1326,French President Francois Hollande says euro is now at right level vs dollar,"{""euro"": ""positive""}",13
8455,Blue Star profit up 36 per cent at Rs 31.01 crore in Q1,"{""Blue Star"": ""positive""}",13
8489,"IGATE to create team that targets strategic deals, revenue rises 3.5 per cent","{""IGATE"": ""positive""}",13
4797,"Companies like Vodafone, Vedanta and Adani Power debut in bond sales at cheaper rates","{""Vodafone"": ""neutral"", ""Vedanta"": ""neutral"", ""Adani Power"": ""neutral""}",14
6797,Implementation of new securities lending and borrowing norms will be informed later: NSE,"{""NSE"": ""neutral""}",13
5809,KV Sridhar Joins SapientNitro as chief creative officer,"{""SapientNitro"": ""neutral""}",8
5944,VK Sharma Tipped to be RBI deputy Governor,"{""RBI"": ""neutral""}",8
9988,Over 30 entities under Sebi lens for unusual trading activities on May 16,"{""Sebi"": ""neutral""}",13
10609,"Income tax department orders special audit of MCX-SX, NSEL","{""MCX-SX, NSEL"": ""negative""}",9
1456,Hospitals are very capital intensive: Ajay Bagga,"{""Hospitals"": ""neutral""}",7
5411,Downside risk to NIIT looks limited,"{""NIIT"": ""neutral""}",6
8237,Tata Chemicals Q1 net jumps over two-fold to Rs 175.50 crore,"{""Tata Chemicals"": ""positive""}",11
9059,Markets on edge ahead of Janet Yellen testimony,"{""Markets"": ""negative""}",8
4963,"Chart Check from GEPL Capital for Wednesday, March 07: MMTC, DCB","{""MMTC"": ""neutral"", ""DCB"": ""neutral""}",11
2801,DTDC picks up 70% in logistic firm Nikkos for Rs 1 crore,"{""DTDC"": ""positive""}",12
1645,Macros suddenly turning supportive for markets: Ajay Bodke,"{""markets"": ""positive""}",8
2141,"TTML looks good in telecom space: Amit Harchekar, IIFL","{""TTML"": ""positive"", ""IIFL"": ""neutral""}",9
4537,Avoid getting into JustDial even as the stock continues to fall: Ashwani Gujral,"{""JustDial"": ""negative""}",13
7617,Rail stocks jump 5-12 per cent on FDI buzz,"{""Rail"": ""positive""}",9
4458,OMC stocks likely to witness profit booking in short term: Deven Choksey,"{""OMC stocks"": ""negative""}",12
9635,Disturbance in Saudi oil space can cause market fall: Ambit Capital,"{""market"": ""negative""}",11
5587,Nafed likely to market north-east horticultural products,"{""Nafed"": ""neutral""}",7
7816,GlaxoSmithKline Pharma PAT seen up 16% at Rs 171 cr,"{""GlaxoSmithKline Pharma"": ""positive""}",10
4379,"Brent holds above $109 on outlook for US oil stocks, Ukraine crisis","{""Brent"": ""positive""}",12
730,Sharekhan revises BASF India price target to Rs 586,"{""Sharekhan"": ""neutral"", ""BASF India"": ""neutral""}",9
4358,WTI crude falls to lowest since June on US supply surge,"{""WTI"": ""negative""}",11
10025,Australian shares falls for third day straight as growth data reduces rate hike prospects,"{""Australian shares"": ""negative""}",14
6717,Nifty looks set to touch 6420 in next few days: Mitesh Thacker,"{""Nifty"": ""neutral""}",12
1937,BRIC issuers raise $374.5 billion through debt securities: Dealogic,"{""Dealogic"": ""neutral""}",9
3794,"Oil,pricey inputs make it a sticky affair for Pidilite","{""Pidilite"": ""negative""}",9
3737,Gold declines after 17-week high spurs selling by traders,"{""Gold"": ""negative""}",9
2262,Gemini Communications Q4 net jumps over 3-fold to Rs 15.75cr,"{""Gemini Communications"": ""positive""}",10
7430,BOC India hits 20% upper circuit on delisting plans,"{""BOC India"": ""positive""}",9
4006,Indonesian stock index falls 2 per cent as rupiah depreciates,"{""Indonesian stock index"": ""negative"", ""rupiah"": ""negative""}",10
1111,IPFs of commodity bourses not to have FMC official as trustee,"{""commodity bourses"": ""neutral""}",11
7752,"Bullish on TCS in the IT sector: Pankaj Pandey, ICICIdirect.com","{""TCS"": ""positive"", ""ICICIdirect.com"": ""neutral""}",10
9717,Nagarjuna Construction Company net profit declines 35 per cent in April-June,"{""Nagarjuna Construction Company"": ""negative""}",11
5481,Adecco India head Sudhakar Balakrishnan quits,"{""Adecco India"": ""neutral""}",6
2999,"Jet, SpiceJet shares Soars on Etihad Deal as brokers turned bullish on aviation","{""Jet"": ""positive"", ""SpiceJet"": ""positive"", ""Etihad"": ""neutral""}",13
2395,Pre-market: Nifty likely to bounce back on positive global cues,"{""Nifty"": ""positive""}",10
1186,State-owned banks may have to shell out more on perpetual bonds,"{""State-owned banks"": ""neutral""}",11
2008,"IFC doubles rupee bond offering to Rs 2,000 crore","{""IFC"": ""positive""}",9
194,OnMobile appoints Sanjay Bhambri as Regional VP,"{""OnMobile"": ""neutral""}",7
5612,Pulses market remains steady in tight movements,"{""Pulses"": ""neutral""}",7
2902,Sesa net at Rs 1.62K crore; hopes to resume mining post monsoon,"{""Sesa"": ""positive""}",12
579,Growth more promising in midsize IT companies: Deven Choksey,"{""midsize IT companies"": ""positive""}",9
8109,IDFC sees potential of 30-40% upside in 6-9 months: Devang Mehta,"{""IDFC"": ""positive""}",11
6220,What should investors expect from Reliance Industries' 40th AGM?,"{""Reliance Industries"": ""neutral""}",9
5526,Executive pay should reflect company performance: Sebi,"{""Sebi"": ""neutral""}",7
772,Waiting for Nifty to move above 5570-5575: Mitesh Thacker,"{""Nifty"": ""neutral""}",9
6684,Geojit BNP Paribas net profit for 2012-13 stands at Rs 82 crore,"{""Geojit BNP Paribas"": ""neutral""}",12
2396,Pre-market: Nifty seen opening higher on US Federal Reserve outlook,"{""Nifty"": ""positive""}",10
1479,United Bank raises $350 million under MTN programme,"{""United Bank"": ""positive""}",8
1847,Expecting Bank Nifty to touch 11900-12000: Ashwani Gujral,"{""Bank Nifty"": ""positive""}",8
9800,"AAP may decimate Congress, no big moves seen on Sensex: Credit Suisse","{""Sensex"": ""negative"", ""Credit Suisse"": ""neutral""}",12
4275,"Politics holds Indian market back slightly, says Aberdeen AMC's Martin Gilbert","{""Aberdeen AMC"": ""neutral""}",11
3741,Greeks brace for stock market carnage after five-week shutdown,"{""stock market"": ""negative""}",9
4601,Sahara chief Subrata Roy should be punished for contempt: SEBI to Supreme Court,"{""Sahara"": ""negative"", ""SEBI"": ""neutral""}",13
10615,"Parag Milk Foods, Maini Precision Products file for IPO","{""Parag Milk Foods"": ""neutral"", ""Maini"": ""neutral""}",9
1574,Ramco Systems climbs over 14% on order win,"{""Ramco Systems"": ""positive""}",8
7987,T-Bill rates spurt as investors link price to term repo,"{""T-Bill"": ""positive""}",10
6677,Farmer bodies likely to lock horns with sugar mill owners in Maharashtra,"{""sugar mill"": ""neutral""}",12
6376,PR Ravimohan appointed RBI nominee director of Bank of India,"{""RBI"": ""neutral"", ""Bank of India"": ""neutral""}",10
406,Euro is not too strong: Luc Coene,"{""Euro"": ""neutral""}",7
10262,"BNP Paribas upgrades India to 'overweight', sees Sensex hitting 24k by end-2014","{""Sensex"": ""positive"", ""BNP Paribas"": ""neutral""}",12
4916,S.Korean shares rise as investors look past weak China PMIs; won flat,"{""S.Korean shares"": ""positive"", ""won"": ""neutral""}",12
2074,Polaris Financial Technology shares surge 20% on spin-off plans,"{""Polaris Financial Technology"": ""positive""}",9
4755,"Edelweiss, IIFL, Motilal Oswal, Geojit BNP churn out solid numbers; show driven by all segments","{""Edelweiss"": ""positive"", ""IIFL"": ""positive"", ""Motilal Oswal"": ""positive"", ""Geojit BNP"": ""positive""}",15
1897,Worst may be Over for FTIL and MCX,"{""FTIL"": ""neutral"", ""MCX"": ""neutral""}",8
9199,Clariant Chemicals slips; buyback value lower than market price,"{""Clariant Chemicals"": ""negative""}",9
6703,Kotak Mahindra Bank sees rupee range bound at 58-61 against US dollar,"{""Kotak Mahindra Bank"": ""neutral"", ""rupee"": ""neutral"", ""US dollar"": ""neutral""}",12
6318,"Jim Rogers may buy gold if price drops to $1,300","{""gold"": ""neutral""}",10
3660,BEML will go as low as 540: Ashwani Gujral,"{""BEML"": ""negative""}",9
6582,Rathin Basu appointed Country President of Alstom India & South Asia,"{""Alstom India & South Asia"": ""neutral""}",11
2380,Perfect Infraengineers becomes 32nd stock to list on NSE Emerge,"{""Perfect Infraengineers"": ""positive""}",10
1448,"SUUTI to sell 9% in Axis Bank via block trades, govt plans to mop up Rs 5,500-cr","{""SUUTI"": ""neutral"", ""Axis Bank"": ""neutral""}",17
7599,OIL October-quarter net up 4% at Rs 902.96 crore,"{""OIL"": ""positive""}",9
343,Two IIFL subsidiaries get investment adviser licence,"{""IIFL"": ""neutral""}",7
7469,Defence related companies rally as government notifies FDI hike,"{""Defence related companies"": ""positive""}",9
5128,"Sensex rangebound, Nifty reclaims 8100; TCS, Tech Mahindra top gainers","{""Nifty"": ""positive"", ""TCS"": ""positive"", ""Tech Mahindra"": ""positive"", ""Sensex"": ""neutral""}",10
3137,Environmental clearance for the Mundra SEZ a big relief for Adani Ports: P Phani Sekhar,"{""Adani Ports"": ""positive""}",15
2528,Calcutta High Court extends status quo on sale of HPL shares,"{""HPL"": ""neutral""}",11
728,Sentimental impact coal pricing is inevitable: P Phani Sekhar,"{""coal"": ""neutral""}",9
4578,"Investors should avoid power sector till the Lok Sabha elections: G Chokkalingam, Equinomics","{""power sector"": ""negative"", ""Equinomics"": ""neutral""}",13
977,Sebi notifies rules on launch of new mutual fund schemes,"{""Sebi"": ""neutral""}",10
9022,Gitanjali Gems to buy DIT Group; stock down,"{""Gitanjali Gems"": ""negative"", ""DIT Group"": ""neutral""}",8
5444,HSBC holds oil at $60,"{""HSBC"": ""neutral"", ""oil"": ""neutral""}",5
9723,"Nifty50 in no-trade zone, be stock-specific in the market: Sandeep Wagle","{""Nifty50"": ""negative""}",11
3517,Commexes' turnover dips 70 per cent,"{""Commexes"": ""negative""}",6
9571,Unitech plunges as CBI begins fresh probe in 2G case,"{""Unitech"": ""negative""}",10
8696,Sterling falls back after BoE minutes,"{""Sterling"": ""negative"", ""BoE"": ""neutral""}",6
7157,RPG Life Sciences net up 31 pc,"{""RPG Life Sciences"": ""positive""}",7
10401,Biotechs lift Wall Street; Dow back in black for 2014,"{""Biotechs"": ""positive"", ""Wall Street"": ""positive"", ""Dow"": ""negative""}",10
7852,Jagran Prakashan Q2 net up 10% at Rs 55.50 cr,"{""Jagran Prakashan"": ""positive""}",10
10525,"BSE, NSE among top five emerging market bourses: Sebi","{""BSE"": ""positive"", ""NSE"": ""positive"", ""Sebi"": ""neutral""}",9
3941,DGH to question RIL on falling KG output; stock falls,"{""RIL"": ""negative""}",10
1300,"UTI Mutual Fund appoints Suraj Kaeley as group president, sales & marketing","{""UTI Mutual Fund"": ""neutral""}",12
10502,"SKNL, Century Textile & Raymonds have pullback nature: Ashwani Gujral","{""SKNL"": ""negative"", ""Century Textile"": ""negative"", ""Raymonds"": ""negative""}",10
1349,"Once competitive pressure eases, get into telecom stocks for long term: Paras Adenwala","{""telecom stocks"": ""neutral""}",13
661,P Padmanabhan takes charge as MD Numaligarh Refinery Ltd,"{""Numaligarh Refinery Ltd"": ""neutral""}",9
5887,Sanjay Kapoor joins PVR Cinemas board as director,"{""PVR Cinemas"": ""neutral""}",8
1493,"TCS signals slowdown; brokerages remain unfazed, retain rating","{""TCS"": ""positive""}",8
10693,Rupee ends day at 59.27 against US dollar,"{""Rupee"": ""neutral""}",8
4590,"Over 1,000 entities under scanner as Sebi widens tax evasion, money laundering probe","{""Sebi"": ""neutral""}",13
7744,BlackRock ETF funds draw record $102.8 billion in new money,"{""BlackRock ETF"": ""positive""}",10
9174,BOC delisting plan fails as company misses buyout target,"{""BOC"": ""negative""}",9
5155,"Dow, S&P 500 end slightly lower after Fed minutes","{""Dow"": ""positive"", ""S&P 500"": ""positive""}",9
10307,"Tobacco, liquor investors may face tax hit as farmers' relief takes priority","{""Tobacco"": ""negative"", ""liquor"": ""negative""}",12
2525,Buy Zee Entertainment with a target of Rs 295: Ashwani Gujral,"{""Zee Entertainment"": ""positive""}",11
10343,"HDIL, LITL a BTST call: Sandeep Wagle, APTART Technical Advisory Services","{""HDIL"": ""positive"", ""LITL"": ""positive"", ""APTART Technical Advisory Services"": ""neutral""}",11
9871,Orchid Chemical can be sold with a target of 290: Ashwani Gujral,"{""Orchid Chemical"": ""negative""}",12
5375,US stocks hold near record levels,"{""US stocks"": ""neutral""}",6
3199,"TD Power to bag strong profits in the next 3 years: Girish Pai, Nirmal Bang Institutional Equities","{""TD Power"": ""positive"", ""Nirmal Bang Institutional Equities"": ""neutral""}",17
5718,Catamarans investment in SKS was to help poor,"{""Catamarans"": ""neutral"", ""SKS"": ""neutral""}",8
8223,"Sovereign gold bond scheme more likely to succeed, says Nomura report","{""gold bond"": ""positive""}",11
9794,You can sell Bank Nifty March Futures around 9950: Rajat Bose,"{""Bank Nifty"": ""negative""}",11
8863,Investments in infra stocks can wait: IL&FS,"{""IL&FS"": ""neutral""}",7
8666,"Blackstone believes in India blockbuster, to invest over $2 billion in India over the next 5-6 years","{""Blackstone"": ""positive""}",17
41,Western Coalfields CMD D C Garg passes away,"{""Western Coalfields"": ""neutral""}",8
9515,New Companies Act may hurt non-banking finance companies bond sales,"{""non-banking finance companies"": ""negative""}",10
6817,"Plan to list Syngene in August, use IPO proceeds for R&D: Kiran Mazumdar-Shaw","{""Syngene"": ""neutral""}",13
8294,"Continue to be positive on Titan, part of portfolio: Pankaj Pandey, ICICIdirect.com","{""Titan"": ""positive"", ""ICICIdirect.com"": ""neutral""}",12
8800,Bond yields edge down; profit-taking expected later,"{""Bond yields"": ""negative""}",7
2724,TV18 Broadcast Ltd Q4 net up two-fold at Rs 35.9 crore,"{""TV18 Broadcast Ltd"": ""positive""}",11
9884,"Rupee sees worst week in four months, closes at 59.10/11 per $","{""Rupee"": ""negative""}",12
9228,GMR Infrastructure hits year-low on Maldives civil court order,"{""GMR Infrastructure"": ""negative""}",9
10647,"Dollar, euro propped up by better economic data","{""Dollar"": ""positive"", ""euro"": ""positive""}",8
7156,Rouble continues gains as oil price firms,"{""Rouble"": ""positive"", ""oil"": ""positive""}",7
8290,"Clean chit to Halol plant, strategic buys key for Sun Pharma's future","{""Sun Pharma"": ""positive""}",12
9923,Vishal Retail Q4 loss widens by 12 pc to Rs 129 cr,"{""Vishal Retail"": ""negative""}",12
7231,"Can buy LIC Housing: Ashwani Gujral, Market Strategist","{""LIC Housing"": ""positive""}",8
5076,"Essar Oil, Essar Ports crack as promoters deny delisting plans","{""Essar Oil"": ""negative"", ""Essar Ports"": ""negative""}",10
7881,McNally Bharat posts 53% rise in Q3 rise net profit,"{""McNally Bharat"": ""positive""}",10
5395,Sebi to discuss commodity market norms,"{""Sebi"": ""neutral""}",6
9201,Commexe turnover drops by 59 per cent in April-August,"{""Commexe"": ""negative""}",9
7790,Educomp extends gain; stock up 10% on debt restructuring plans,"{""Educomp"": ""positive""}",10
10046,Hotel Leela Venture fails to pay quarterly interest on LIC loan; stock falls 6%,"{""Hotel Leela Venture"": ""negative"", ""LIC"": ""neutral""}",14
4089,Sun TV shares fall about 6% as earnings lag estimates,"{""Sun TV"": ""negative""}",10
1968,"Election results: Sebi, market entities up vigil on stocks","{""Sebi"": ""neutral""}",9
9675,Heavy selling leads to plunge in spot and future sugar prices,"{""sugar"": ""negative""}",11
9476,India bond yields edge lower at open on bargain buying,"{""India bond"": ""negative""}",10
10316,"Hong Kong, China shares fall after HSBC services PMI, property drags","{""Hong Kong"": ""negative"", ""China shares"": ""negative"", ""HSBC"": ""negative""}",11
7000,Diamond Power July-Sept net jumps 66%,"{""Diamond"": ""positive""}",6
424,Dhabriya Polywood lists on SME platform of BSE,"{""Dhabriya Polywood"": ""neutral"", ""BSE"": ""neutral""}",8
9230,Gold declines before Fed meeting as Ukraine crisis assessed,"{""Gold"": ""negative""}",9
6143,Rajdeep Endow is new Managing Director of Sapient India,"{""Sapient India"": ""neutral""}",9
5662,Unique identification number for hallmarked jewellery: BIS,"{""BIS"": ""neutral""}",7
4597,Punjab National Bank Q4 Net dips 29 per cent at Rs 806 crore,"{""Punjab National Bank"": ""negative""}",13
2660,"Persistent Systems rallies nearly 5%, hits 52-week high on expansion plans","{""Persistent System"": ""positive""}",11
142,Budget 2014 mustn't sell rupee short,"{""rupee"": ""neutral""}",6
2598,IDFs can extend schemes' tenure by up to 2 years: Sebi,"{""IDF"": ""neutral"", ""Sebi"": ""neutral""}",11
6702,Key support level for Nifty seen between 8000 and 8050: Mitesh Thacker,"{""Nifty"": ""neutral""}",12
1378,FTIL-NSEL merger dispute: Bombay High Court allows government to pass final order with riders,"{""FTIL"": ""neutral"", ""NSEL"": ""neutral""}",14
3675,Cairn India Q3 net drops 14% on forex losses,"{""Cairn India"": ""negative""}",9
10640,"Credit Suisse, Deutsche bank surprise with Yankee bonds","{""Credit Suisse"": ""neutral"", ""Deutsche bank"": ""neutral"", ""Yankee bonds"": ""neutral""}",8
6363,"Nitin Fire Protection Industries expects Rs 1,000-crore turnover this fiscal","{""Nitin Fire Protection Industries"": ""neutral""}",10
10073,"D-Street fears a volatility spike on uncertainty over Fed, heavy FPI selling and weak Rupee","{""Rupee"": ""negative""}",15
4742,"L&T, Bajaj Auto scrips may gain as their weight on MSCI India Index likely to increase","{""L&T"": ""positive"", ""Bajaj Auto"": ""positive"", ""MSCI India Index"": ""neutral""}",16
1139,National Stock Exchange issues new guidelines for furures and options segment,"{""National Stock Exchange"": ""neutral""}",11
7375,Sundaram Fasteners Q4 profit jump 67.4 per cent,"{""Sundaram Fasteners"": ""positive""}",8
1788,Dewan Housing a good portfolio pick: Avinnash Gorakssakar,"{""Dewan Housing"": ""positive""}",8
8655,Metals and mining companies will now have to operate more efficiently to generate profits: Pramod Gubbi,"{""Metals"": ""positive"", ""mining companies"": ""positive""}",16
4647,Most South East Asia stocks down ahead of US jobs data; Singapore worst performer,"{""South East Asia stocks"": ""negative"", ""Singapore"": ""negative""}",14
7569,Marico Q2 net up 27% to Rs 150.72 crore,"{""Marico"": ""positive""}",9
460,BSE Sensex rangebound; Nifty holds 7600 levels,"{""BSE Sensex"": ""neutral"", ""Nifty"": ""neutral""}",7
6116,NSE to auction limits in bonds for foreign investors,"{""NSE"": ""neutral""}",9
8180,Polishing image: Fixing of supply chain issues may rerate Bata India,"{""Bata India"": ""positive""}",11
949,"Pre-market: Nifty likely to open flat; may retest 6,500 levels","{""Nifty"": ""neutral""}",10
6371,Parabolic Drugs fixes IPO price at Rs 75 per share,"{""Parabolic Drugs"": ""neutral""}",10
4629,"CBI grills Jignesh Shah, founder of the FTIL group, files FIR in NSEL scam","{""FTIL"": ""negative"", ""NSEL"": ""negative""}",14
7359,Shares of Financial Technologies surge 10% on BSE,"{""Financial Technologies"": ""positive"", ""BSE"": ""neutral""}",8
5926,Syntel appoints Nitin Rakesh as CEO and President,"{""Syntel"": ""neutral""}",8
6041,Glenmark Pharma posts FY11 net at Rs 457.83 cr,"{""Glenmark Pharma"": ""neutral""}",9
442,Cipla appoints Adil Zainulbhai as an independent director,"{""Cipla"": ""neutral""}",8
6660,Coming weeks may see Nifty hovering in a narrow range: Ashwani Gujral,"{""Nifty"": ""neutral""}",12
3831,"Rupee hits over 9-mth low, RBI seen capping fall","{""Rupee"": ""negative"", ""RBI"": ""neutral""}",9
10107,Strides Arcolab may see some more downside if the Mylan deal does not come through: Avinnash Gorakssakar,"{""Strides Arcolab"": ""negative""}",17
6145,"RBI buys bonds worth Rs 9,092.9 cr under OMO","{""RBI"": ""neutral""}",9
9741,Punj Lloyd shares slump nearly 14% after Q2 net loss widens,"{""Punj Lloyd"": ""negative""}",11
6345,"Mondelez International elevates Manu Anand, names new MD for India","{""Mondelez International"": ""neutral""}",10
1959,Den Networks surges over 8% on FII limit hike,"{""Den Networks"": ""positive""}",9
156,Religare's top four picks for 2014,"{""Religare"": ""neutral""}",6
4579,LIC offloads two per cent stake in Bharat Forge for Rs 151 crore,"{""Bharat Forge"": ""negative""}",13
1090,Hatson Agro registers net profit of Rs 13.89 crore in Q1,"{""Hatson Agro"": ""neutral""}",11
6050,"Hold JSW Steel, target price Rs 900: BNP Paribas","{""JSW Steel"": ""neutral"", ""BNP Paribas"": ""neutral""}",9
7951,S K Nationwide's profit soars 44.5% to Rs 33.09 cr,"{""S K Nationwide"": ""positive""}",10
1675,JHS Svendgaard Labs sales up 144.28%,"{""JHS Svendgaard Labs"": ""positive""}",6
6764,"With investors steering clear, infra bonds by banks may see early death","{""infra bonds"": ""neutral""}",12
9451,"Gold holds steady below $1,300 an ounce; investor interest muted","{""Gold"": ""negative""}",10
6417,Tata Power: Existing investors should participate in upcoming rights issues,"{""Tata Power"": ""neutral""}",10
2327,Little sign of election nerves as sterling hits 2-month high,"{""sterling"": ""positive""}",10
7097,Gold's intraday surge catches speculators off guard,"{""Gold"": ""positive""}",7
9243,"Infotech Enterprises Q2 net down 7%, revenues up 24%","{""Infotech Enterprises"": ""negative""}",9
8490,"IIFCL net profit up 47 per cent at Rs 1,000 crore in 2012-13","{""IIFCL"": ""positive""}",13
6451,Airtel hires IT expert Manish Prakash to head its enterprise unit,"{""Airtel"": ""neutral""}",11
1716,HDIL boosting the realty sector,"{""HDIL"": ""positive"", ""realty sector"": ""positive""}",5
3832,Rupee slips against US dollar as Iraq violence intensifies,"{""Rupee"": ""negative"", ""US dollar"": ""neutral""}",9
6300,HNIs buy Nifty-linked debentures worth Rs 200-300 crore every month,"{""Nifty"": ""neutral""}",10
3349,"Nifty can slip to 8,200 levels: Sandeep Wagle","{""Nifty"": ""negative""}",8
10240,"Sectoral churning likely; IT, pharma to outperform in weeks to come: Mitesh Thacker","{""IT"": ""positive"", ""pharma"": ""positive""}",13
588,Hero MotoCorp appoints Sanjay Jorapur as Chief HR Officer,"{""Hero MotoCorp"": ""neutral""}",9
10244,Textile space with stocks like Alok Industries and Arvind looks good: Deepak Mohoni,"{""Alok Industries"": ""positive"", ""Arvind"": ""positive""}",13
2991,IDFC Banks a good long-term bet even if it makes a slow start,"{""IDFC Bank"": ""positive""}",13
9985,Not a good idea to buy REI Agro for the long-term: Deepak Mohoni,"{""REI Agro"": ""negative""}",13
10289,"Nine blue-chip companies add Rs 1,14,806 cr in m-cap; ITC top gainer","{""ITC"": ""positive""}",12
10003,Shree Renuka Sugars slips 10% on fears of equity dilution after Wilmar deal,"{""Shree Renuka Sugars"": ""negative"", ""Wilmar"": ""neutral""}",13
265,"August 7, 2014: Mecklai Financial report on Rupee","{""Mecklai Financial"": ""neutral""}",8
8514,"Outlook for IT sector positive, pick IT names for long-term gains: Neeraj Deewan","{""IT sector"": ""positive""}",13
6789,"GM Infrastructure reshuffles its top deck, Kiran Grandhi to replace Rao as MD","{""GM Infrastructure"": ""neutral""}",13
9158,Apple shares slump ahead of September 9 iPhone launch,"{""Apple"": ""negative""}",9
3865,Sugar turns bitter for india mills as losses mount,"{""Sugar"": ""negative""}",9
6275,"First India bond ETF, bond index to launch in London","{""India"": ""neutral"", ""London"": ""neutral""}",10
10542,"European shares down, BNP Paribas slumps on possible fine","{""European shares"": ""positive"", ""BNP Paribas"": ""positive""}",9
3712,Egypt stock market plunges on reports of new taxes,"{""Egypt stock market"": ""negative""}",9
1530,"Cost cuts, reworked deals boost Siemens margins","{""Siemens"": ""positive""}",7
8846,"Growth worries grip stock markets, crude oil","{""stock"": ""negative""}",7
924,"Nifty can hit 12,000 in five years, says Raamdeo Agrawal","{""Nifty"": ""neutral""}",10
9653,Financial Technologies slips 20% after government  orders merger with NSEL,"{""Financial Technologies"": ""negative"", ""NSEL"": ""neutral""}",11
7330,"Polaris is a buy: Ashwani Gujral, Market Strategist","{""Polaris"": ""positive""}",8
4365,"ACC unlikely to run up in a hurry: Ashwani Gujral, Market Strategist","{""ACC"": ""negative""}",12
670,Pre-market: Nifty seen opening flat; mat retest 8100 levels,"{""Nifty"": ""neutral""}",9
3605,Cautious on ABB: Gaurav Mehta,"{""ABB"": ""negative""}",5
5109,"Prefer ICICI, SBI, IndusInd Bank from long-term perspective: Dipan Mehta","{""ICICI"": ""positive"", ""SBI"": ""positive"", ""IndusInd Bank"": ""positive""}",10
5249,"Europe stocks steady, euro hostage to ECB decision","{""euro"": ""negative"", ""Europe stocks"": ""neutral""}",8
7184,V-Guard Q4 profit soars 129% on cost-cutting,"{""V-Guard"": ""positive""}",7
2592,Highway developers party on dull Dalal Street; stocks have more upside,"{""Highway developers"": ""positive""}",11
5907,"SEBI to replace listing regulations, tighten trading rules","{""SEBI"": ""neutral""}",8
6510,Global happenings likely to affect markets in the short-term: Prateek Agarwal,"{""markets"": ""neutral""}",11
7134,NBFCs may outperform strong banks: BP Singh,"{""NBFC"": ""positive"", ""strong banks"": ""negative""}",7
2308,JK Paper mulls pulp mill in South Asia; stock up,"{""JK Paper"": ""positive""}",10
3691,Crompton Greaves dips on worries over likely Q3 loss,"{""Crompton Greaves"": ""negative""}",9
688,"Religare Capital Markets appoints head of institutional equities, India","{""Religare Capital Markets"": ""neutral""}",9
613,"Larger companies reverse trend, beat SMEs in Q3 results","{""Larger companies"": ""positive"", ""SMEs"": ""negative""}",9
7168,SRF ends FY15 with 86% profit growth,"{""SRF"": ""positive""}",7
8523,Sanghvi Movers a turnaround story; IFB Inds to see festive boost: Kunj Bansal,"{""Sanghvi Movers"": ""positive""}",13
3201,"Augmentation of revenues for food security bill needs to be watched out for: Manish Sonthalia, Motilal Oswal Securities","{""Motilal Oswal Securities"": ""neutral""}",18
6630,Unwinding of longs key feature of the stock market in June,"{""stock market"": ""neutral""}",11
4136,"Ambit Capital sees 25% downside in L&T, advises investors to 'sell'","{""L&T"": ""negative"", ""Ambit Capital"": ""neutral""}",11
1899,Colgate approves third interim dividend for current fiscal,"{""Colgate"": ""neutral""}",8
283,MCX migrates to latest version of exchange software,"{""MCX"": ""neutral""}",8
259,"Mecklai Financial Report: September 08, 2014","{""Mecklai Financial"": ""neutral""}",6
10138,"Sun Pharma, Cipla, Ranbaxy slip for second day in a row; EM currency rout may hurt","{""Sun Pharma"": ""negative"", ""Cipla"": ""negative"", ""Ranbaxy"": ""negative""}",16
4944,Not overweight on the engineering and road construction stocks: Dipan Mehta,"{""engineering and road construction stocks"": ""negative""}",11
2823,ILFS Engineering shares zoom 20% on Rs 675 crore road project order,"{""ILFS Engineering"": ""positive""}",12
3526,"Ample supply, profit-booking hurt chana futures, shed 2.36%","{""chana futures"": ""negative""}",8
10390,"Wipro shares fall 7 per cent, top loser on Sensex, Nifty","{""Wipro"": ""negative"", ""Sensex"": ""neutral"", ""Nifty"": ""neutral""}",11
5224,"US Federal Reserve optimism lifts Asia stocks, dollar struggles","{""Asia stocks"": ""positive"", ""dollar"": ""negative""}",9
2286,"HUL at fresh 52-week high; stock outperforms peers, FMCG index","{""HUL"": ""positive""}",10
6064,Infosys Q3 earnings: Five things to watch out for,"{""Infosys"": ""neutral""}",9
8079,European operations puts Motherson Sumi overseas order book on fast track,"{""Motherson Sumi"": ""positive""}",11
4655,"Re-allocation of coal blocks a temporary setback for JSPL, Usha Martin: P Phani Shekhar","{""JSPL"": ""negative"", ""Usha Martin"": ""negative""}",14
5001,Sensex drops over 100 points from record high; Ranbaxy plunges 20%,"{""Sensex"": ""negative"", ""Ranbaxy"": ""negative""}",11
6711,Message in the great fall of Nokia: Can it learn from mistakes?,"{""Nokia"": ""neutral""}",12
10033,"Cut in natural gas price, weak global demand to hurt RIL stock: Hemindra Hazari","{""natural gas"": ""negative"", ""RIL"": ""negative""}",14
5417,NBHC appoints Vijay Kelkar as chairman,"{""NBHC"": ""neutral""}",6
476,Fruitful talks held with Bharti on mobile industry,"{""Bharti"": ""neutral""}",8
2556,Edelweiss Financial Services Q2 net up 21% at Rs 96 crore,"{""Edelweiss Financial Services"": ""positive""}",11
8088,Gas stocks jump on report RasGas may modify SPA with Petronet,"{""Gas stocks"": ""positive"", ""RasGas"": ""neutral"", ""Petronet"": ""neutral""}",11
8,HOEC could retest 30-35 levels: Ashwani Gujral,"{""HOEC"": ""neutral""}",7
6412,"Sterling takes pause from election-inspired gains, focus on data, BoE","{""Sterling"": ""neutral"", ""BoE"": ""neutral""}",10
9862,Iron ore upswing may not last as China mulls raise in output,"{""Iron ore"": ""negative""}",12
9597,Adani Enterprises Q3 net profit declines 84% to Rs 68 crore,"{""Adani Enterprises"": ""negative""}",11
5547,Hewlett-Packard Co to resume share repurchase program,"{""Hewlett-Packard Co"": ""neutral""}",7
2427,Seeing decent growth in auto stocks ahead: Networth Stock Broking,"{""auto stocks"": ""positive""}",10
6745,Sebi mulls five-board cap for independent directors; curbs on whole-time directors likely,"{""Sebi"": ""neutral""}",12
10357,"Nifty slips below 6,150; Infosys firm as Q3 PAT rises 19.4%","{""Nifty"": ""negative"", ""Infosys"": ""neutral""}",11
2275,GVK Power can go up to 14-15 levels: Vijay Bhambwani,"{""GVK Power"": ""positive""}",10
1578,Railways earnings up by over 9 per cent,"{""Railways"": ""positive""}",8
7265,"GAIL profit up 42% at Rs 1,303 crore","{""GAIL"": ""positive""}",8
3971,GlaxoSmithKline Pharmaceuticals Q1 net dips 43% to Rs 96.5 crore,"{""GlaxoSmithKline Pharmaceuticals"": ""negative""}",10
5880,Reliance Industries Ltd shares end flat after earnings,"{""Reliance Industries Ltd"": ""neutral""}",8
9061,Media stocks drag down European equities from highs,"{""Media stocks"": ""negative""}",8
10036,Doubt on Dalal Street: Sensex sheds 518 points as fast as a bullet train,"{""Sensex"": ""negative""}",14
7194,"15,500-15,600 levels possible for Bank Nifty: Ashwani Gujral","{""Bank Nifty"": ""positive""}",8
3868,Surya Pharma CDR fails; bankers to start recovery process,"{""Surya Pharma"": ""negative""}",9
10129,"Even after the dream run, PSU oil companies like BPCL, HPCL, others have much upside left","{""BPCL"": ""positive"", ""HPCL"": ""positive""}",16
6824,V P Baligar appointed HUDCO CMD; Satyanarayan Mohanty becomes new DG of DGS&D,"{""HUDCO"": ""neutral"", ""DGS&D"": ""neutral""}",13
7549,JMD Telefilms to enter mobile phone biz; stock up,"{""JMD Telefilms"": ""positive""}",9
782,Yen broadly in line with Japan fundamentals: IMF Lipton,"{""Yen"": ""neutral"", ""IMF Lipton"": ""neutral""}",9
1750,Gammon Infra jumps; ICICI Prudential Mutual Fund buys,"{""Gammon Infra"": ""positive""}",8
6520,"Hospitality doyen, Leela group founder Capt C P Krishnan Nair dead","{""Leela group"": ""neutral""}",11
5775,Gujarat's canal-top solar power plant: 10 must-know facts,"{""Gujarat"": ""neutral""}",8
2325,LIC likely to pick 5 per cent stake in BHEL,"{""BHEL"": ""positive"", ""LIC"": ""neutral""}",10
5056,"Brokerage views on Tech Mahindra, Sesa Goa, United Spirits, PFC","{""Tech Mahindra"": ""neutral"", ""Sesa Goa"": ""neutral"", ""United Spirits"": ""neutral"", ""PFC"": ""neutral""}",10
9708,Malaysian palm oil snaps 5-day decline but China outlook caps gains,"{""Malaysian palm oil"": ""negative""}",11
1728,Groundnut oil prices rise on fresh demand,"{""Groundnut oil"": ""positive""}",7
611,Komli Media CEO Prashant Mehta quits for personal reasons,"{""Komli Media"": ""neutral""}",9
4667,Central bank should resume FX purchases if dollar falls below 60 to rouble: Kremlin aide,"{""dollar"": ""negative""}",15
5414,Nifty witnessing sideways consolidation: Ashwani Gujral,"{""Nifty"": ""neutral""}",6
8104,Housing Development and Infrastructure Ltd stocks rise above 5 per cent,"{""Housing Development and Infrastructure Ltd"": ""positive""}",11
8175,"Opto Circuits unveils latest AED in US, Canada; stock rallies 9%","{""Opto Circuits"": ""positive""}",11
3751,HPCL shares fall 2.5% as gross refining margins disappoint,"{""HPCL"": ""negative""}",9
98,Maruti-Suzuki deal: Institutional investors approach Sebi,"{""Sebi"": ""neutral"", ""Maruti-Suzuki"": ""neutral""}",6
6986,Hedge funds thrive on macro bets,"{""Hedge funds"": ""positive""}",6
3138,HFCs can offer a CAGR return of 25% over the next few years: Deven Choksey,"{""HFC"": ""neutral""}",15
1538,Short-covering helps Sensex recover from losses,"{""Sensex"": ""positive""}",6
3649,"Australia shares dip to 2-week lows on banks, miners","{""Australia shares"": ""negative""}",9
1518,Soyabean futures advance on global cues,"{""Soyabean futures"": ""positive""}",6
10060,"South Korea won falls to 5-month low on US rate outlook, shares edge lower","{""South Korea won"": ""negative""}",14
4625,Worst is not over; Nifty could go down to sub-7500 level: Sandeep Wagle,"{""Nifty"": ""negative""}",13
6567,NSE to auction government bonds worth Rs 646 crore on Tuesday,"{""NSE"": ""neutral"", ""government bonds"": ""neutral""}",11
2091,Refined soya oil futures extend gains on rising demand,"{""Refined soya oil futures"": ""positive""}",9
7098,Groundnut oil moves up on retailers demand,"{""Groundnut oil"": ""positive""}",7
6172,Sebi proposes norms for reclassifying promoter as public shareholders,"{""Sebi"": ""neutral""}",9
7522,"HDFC, ICICI will continue the good run: Sudip Bandyopadhyay","{""HDFC"": ""positive"", ""ICICI"": ""positive""}",9
573,"Get ready to test 8,650-8,700 on Nifty: Sandeep Wagle","{""Nifty"": ""neutral""}",9
9817,China yuan falls to two-month lows as central bank sets weaker midpoint,"{""China yuan"": ""negative""}",12
3063,"Transport Corporation of India in pole position to gain from ecommerce boom, GST","{""Transport Corporation of India"": ""positive""}",13
598,Infosys Q4 results: Five things to watch out for,"{""Infosys"": ""neutral""}",9
6634,Will add ONGC to portfolio on diesel deregulation prospects: Deepak Shenoy,"{""ONGC"": ""neutral"", ""diesel"": ""neutral""}",11
7876,M&M Q2 net profit rises 8% at Rs 758.49 cr,"{""M&M"": ""positive""}",10
7346,Renault shares jump on sale of Volvo stake,"{""Renault"": ""positive"", ""Volvo"": ""neutral""}",8
6305,India Inc's second quarter profits flat but silver lining visible,"{""India Inc"": ""neutral""}",10
10155,"Sensex, Nifty @ life high on rate cut hopes, crude; top 10 stocks in focus","{""Sensex"": ""positive"", ""Nifty"": ""positive""}",15
5977,Bajaj Electricals Q2 net profit at Rs 11.26 crore,"{""Bajaj Electricals"": ""neutral""}",9
1939,"BSE currency derivatives turnover crosses Rs 2,000 cr mark","{""BSE"": ""positive""}",9
8101,Hike in LPG and diesel to reduce subsidy bill: UR Bhat,"{""LPG"": ""positive"", ""diesel"": ""positive""}",11
1754,London stocks index FTSE 100 hits record highs,"{""FTSE"": ""positive""}",8
3671,Brokerages remain bearish on HUL as growth challenges remain,"{""HUL"": ""negative""}",9
9867,MOIL Q1 net profit down 8.74 per cent at Rs 99.41 crore,"{""MOIL"": ""negative""}",12
2362,Nitesh Estates post Q2 net profit of Rs 15.2 crore,"{""Nitesh Estates"": ""neutral""}",10
4261,Nifty still choppy; might hit 7960 on the upside: Mitesh Thacker,"{""Nifty"": ""negative""}",11
5433,Infotech Enterprises rebrands itself as Cyient,"{""Infotech Enterprises"": ""neutral"", ""Cyient"": ""neutral""}",6
6286,Fullerton India Credit to raise Rs 6 bn via bonds,"{""Fullerton India Credit"": ""neutral""}",10
8498,Keep long positions in the IT sector in the coming days: Mitesh Thacker,"{""IT sector"": ""positive""}",13
10182,"Infrastructure cos like ITNL, Sadbhav Engg, IRB, others likely to gain from economic revival","{""ITNL"": ""positive"", ""Sadbhav Engg"": ""positive"", ""IRB"": ""positive""}",14
8459,Camlin Fine Sciences may return 100-200% in next  30 months: Mehraboon Irani,"{""Camlin Fine Sciences"": ""positive""}",13
9207,Crude palm oil futures remain weak on sluggish demand,"{""Crude palm oil"": ""negative""}",9
5592,Nifty's strong support seen at 5750 levels,"{""Nifty"": ""neutral""}",7
1172,SC dismisses Sebi's plea for insider trading charges against Samir Arora,"{""Sebi"": ""neutral""}",11
7928,Pick of the week: KEC International a good long-term bet,"{""KEC International"": ""positive""}",10
8676,"Technical Check: Not the time to log out of Infosys, stock can hit Rs 1,600 in 1 year","{""Infosys"": ""positive""}",18
10061,Standard Chartered India's H1 2014 operating profit down 10 per cent to $395 million,"{""Standard Chartered India"": ""negative""}",14
9936,Apple's Tanking: Here's what a 1-point move in Apple does to the Dow,"{""Apple"": ""negative""}",13
10053,OBC Q3 net down 31 pc at Rs 224 cr on rising bad loans,"{""OBC"": ""negative""}",14
875,HUL Ltd with target price of Rs 586: Mitesh Thacker,"{""HUL Ltd"": ""neutral""}",10
2298,Inox Wind marks splendid debut; shares soar 35.5 per cent,"{""Inox Wind"": ""positive""}",10
10010,TCS shares slump over 9% post Q2 results; mcap down Rs 46K crore,"{""TCS"": ""negative""}",13
2644,Nikkei rises after Wall Street gains; market awaits US jobs data,"{""Nikkei"": ""positive"", ""Wall Street"": ""positive""}",11
5348,"Chilli, coriander fall on sluggish demand","{""Chilli"": ""negative"", ""coriander"": ""negative""}",6
10684,"ITDC, KFHL present dividends worth Rs 18.84 crore","{""ITDC"": ""neutral"", ""KFHL"": ""neutral""}",8
582,HCL Q3 Results: Five things to watch out for,"{""HCL"": ""neutral""}",9
205,NSEL appoints five new independent directors,"{""NSEL"": ""neutral""}",6
7897,"Mphasis continues rally post bright Q2 nos, change of directorate","{""Mphasis"": ""positive""}",10
2015,Insurance companies raise holdings in equities as markets correct,"{""Insurance companies"": ""neutral""}",9
906,Maruti versus minority shareholders: It a precedent in the making,"{""Maruti"": ""neutral""}",10
632,Nasdaq to settle Facebook IPO lawsuit for $26.5 million,"{""Facebook"": ""neutral""}",9
8979,"CCI smells cartelisation in guar trade, orders probe","{""guar"": ""negative"", ""CCI"": ""neutral""}",8
1975,Era Infra Q3 net marginally up by 1.6 pc,"{""Era Infra"": ""positive""}",9
163,Cash rates stabilise after RBI's MSF auction,"{""RBI"": ""neutral""}",7
4999,"SAIL, Sterlite to exit Nifty index; UltraTech, Lupin to move in","{""UltraTech"": ""positive"", ""Lupin"": ""positive"", ""SAIL"": ""negative"", ""Sterlite"": ""negative""}",11
4714,Greek shares hit fresh three-year low,"{""Greek shares"": ""negative""}",6
1432,"South Mumbai Zaveri bazaar may soon move to a new address, experts proposes to relocate to Panvel","{""Zaveri bazaar"": ""neutral""}",17
6869,"Wives, daughters chip in to rescue listed companies in compliance with Sebi new norm","{""Sebi"": ""neutral""}",14
9834,"Expect market to be edgy and volatile in October: Arindam Ghosh, Blackridge","{""Blackridge"": ""neutral""}",12
7711,ACC's October-December net profit rises 9.74% to Rs 276 crore,"{""ACC"": ""positive""}",10
7737,Best performing stocks of 2015: Lupin shone through pharma headwinds,"{""Lupin"": ""positive""}",10
4284,Q1 earnings: Loss widens for Suzlon Energy on high interest cost,"{""Suzlon Energy"": ""negative""}",11
7532,iGate Q4 net income up 7.5% at $33.1 million,"{""iGate"": ""positive""}",9
8586,Shoppers Stop surges 14 per cent to hit year high on fund raising plan,"{""Shoppers Stop"": ""positive""}",14
3385,Volatility would continue in the market: Fayeza Hafizee,"{""market"": ""negative""}",8
10290,"ONGC, GAIL our top bets in OMCs: Tirthankar Patnaik, Religare Capital Markets","{""ONGC"": ""positive"", ""GAIL"": ""positive"", ""Religare Capital Markets"": ""neutral""}",12
8758,Chana falls 0.25% on increased supply,"{""Chana"": ""negative""}",6
8977,"Cardamom futures down on low demand, higher arrivals","{""Cardamom"": ""negative""}",8
7463,Cummins India shares gain after Deutsche upgrades to 'buy',"{""Cummins India"": ""positive"", ""Deutsche"": ""neutral""}",9
3332,OnMobile clearly in short-term downtrend: Deepak Mohoni,"{""OnMobile"": ""negative""}",7
6405,Shriram City to launch Rs 200-crore NCD on April 16,"{""Shriram City"": ""neutral""}",10
2097,Right time to enter into IT stocks: Prakash Diwan,"{""IT stocks"": ""positive""}",9
9038,Icra downgrades bonds of United Bank of India,"{""United Bank of India"": ""negative"", ""Icra"": ""neutral""}",8
8000,Usha Martin gains 18 per cent on coal block wins,"{""Usha Martin"": ""positive""}",10
5018,"Watch out for ICICI Bank, SBI next week : Technical Trends","{""ICICI Bank"": ""positive"", ""SBI"": ""negative""}",11
1450,Association of Mutual Funds in India warns members to stay away from suspicious ready forward certificate of deposits,"{""Association of Mutual Funds in India"": ""neutral""}",18
6901,Short Bank of India with stoploss of Rs 287 for target of Rs 280: Vijay Bhambwani,"{""Bank of India"": ""neutral""}",16
2611,JBM Auto Q2 net profit up 18% to Rs 18 crore,"{""JBM Auto"": ""positive""}",11
1901,Reforms bring investors back to equities,"{""equities"": ""positive""}",6
8187,"Prime Focus up 18% in 2 days, can gain 15% more","{""Prime Focus"": ""positive""}",11
3921,Canara Bank Q4 profit down 16% at Rs 611 crore,"{""Canara Bank"": ""negative""}",10
2758,Aditya Birla Nuvo Q2 Net increases 2.2 pc at Rs 290.15 crore,"{""Aditya Birla Nuvo"": ""positive""}",12
6398,Sebi wants government to allow pension money in Mutual Funds,"{""Sebi"": ""neutral""}",10
9326,Sebi rejects Alka India promoter plea for waiving interest,"{""Alka India"": ""negative"", ""Sebi"": ""neutral""}",9
2098,Rising consumption to drive markets: BNP Paribas Asset Management,"{""BNP Paribas Asset Management"": ""neutral""}",9
8330,HCL Tech surges over 4% after denial of $10-billion stake sale report,"{""HCL Tech"": ""positive""}",12
5625,Rouble firms as oil steadies above $50,"{""Rouble"": ""neutral"", ""oil"": ""neutral""}",7
3472,European shares held back by weak German data,"{""European shares"": ""negative""}",8
8267,40-50% earnings growth expected for Amara Raja Batteries in FY11: Anagram Capital,"{""Amara Raja Batteries"": ""positive"", ""Anagram Capital"": ""neutral""}",12
2172,Airline stocks soar as lower oil prices bring down fares,"{""Airline stocks"": ""positive""}",10
9934,Amtek Auto fallout: Are rating agencies slow to raise alarm on possible defaults?,"{""Amtek Auto"": ""negative""}",13
9883,Rupee falls 31 paise vs US dollar to one-week low of 61.41,"{""Rupee"": ""negative""}",12
2011,"Info Edge a great investment story, says Prakash Diwan","{""Info Edge"": ""positive""}",9
10530,"Dealing room: IOC, Yes Bank, Tata Coffee, Fin Tech","{""IOC"": ""positive"", ""Yes Bank"": ""positive"", ""Tata Coffee"": ""positive"", ""Fin Tech"": ""positive""}",9
1284,SAT asks Financial Technologies  to approach Sebi to seek more time,"{""SAT"": ""neutral"", ""Financial Technologies"": ""neutral"", ""Sebi"": ""neutral""}",12
10327,"BHEL, NTPC look value buys, but significant upsides unlikely: Hemang Jani","{""BHEL"": ""positive"", ""NTPC"": ""positive""}",11
1020,"Why 9,000 on Nifty matters: Putting bull market in perspective","{""Nifty"": ""neutral""}",10
2811,GE Shipping Sept qtr Net up 98 pc at Rs 161 crore,"{""GE Shipping"": ""positive""}",12
9289,Not betting hugely on large cap indices: Ashwani Gujral,"{""large cap indices"": ""negative""}",9
1652,"HSBC upgrades Mahindra and Mahindra, cites valuations","{""Mahindra and Mahindra"": ""positive"", ""HSBC"": ""neutral""}",7
10342,"Focus on inorganic growth, talent pool gives TCS, HCL an edge","{""TCS"": ""positive"", ""HCL"": ""positive""}",11
1170,Rupee to stay in 60-62/$ band till election results are out,"{""Rupee"": ""neutral""}",11
6257,Corrections in market will be shorter than rallies: Ashwani Gujral,"{""market"": ""neutral""}",10
5470,Bond yields little changed; consolidation seen,"{""Bond"": ""neutral""}",6
868,HCL Technologies Q4 results: Five things to watch out for,"{""HCL Technologies"": ""neutral""}",10
5094,"Lupin, UltraTech gain; to replace SAIL, Sterlite in NSE index","{""Lupin"": ""positive"", ""UltraTech"": ""positive"", ""SAIL"": ""negative"", ""Sterlite"": ""negative""}",10
5434,Infosys Q3 earnings: Five takeaways,"{""Infosys"": ""neutral""}",5
542,BSE to foray into commodities trading with new platform,"{""BSE"": ""neutral"", ""commodities"": ""neutral""}",9
10578,Rouble drops against dollar as oil price slumps again,"{""dollar"": ""positive"", ""Rouble"": ""negative"", ""oil"": ""negative""}",9
6355,Nifty heading towards key support zones of 6570-6650: Ashwani Gujral,"{""Nifty"": ""neutral""}",10
10043,"Gold futures tumble to below 26,000; five reasons why yellow metal is losing sheen","{""Gold"": ""negative""}",14
3391,London copper slips to new six-year low,"{""London copper"": ""negative""}",7
8664,"Uptrend in Infosys on account of relative value, not on standalone basis: Emkay Global Financial Services","{""Infosys"": ""positive"", ""Emkay Global Financial Services"": ""neutral""}",16
10683,IT and pharma sectors broadly currency play: Mitesh Thacker,"{""IT"": ""neutral"", ""pharma"": ""neutral""}",9
3960,Empee Distilleries reports Q3 net loss at Rs 2.47 crore,"{""Empee Distilleries"": ""neutral""}",10
6644,Betting on dividend yields: Top ten stocks that can counter market volatility,"{""market"": ""neutral""}",12
6842,"Eyeing fresh capital, publishing firm S Chand and Company gets ready for an IPO","{""S Chand and Company"": ""neutral""}",14
8927,Supply pressure drags down sugar futures 0.89%,"{""sugar"": ""negative""}",7
3587,"Arhar, its dal trade lower in thin trade","{""Arhar"": ""negative"", ""dal"": ""negative""}",8
8704,Sahara One Media shares slump 3.5%,"{""Sahara One Media"": ""negative""}",6
2564,FII exit will not hurt Nifty as retail investors take charge,"{""Nifty"": ""positive""}",11
5037,"Havells, UltraTech and Apollo Tyres are best bets: Ashwani Gujral","{""Havells"": ""positive"", ""UltraTech"": ""positive"", ""Apollo Tyres"": ""positive""}",10
1081,Former FMC executive director PK Singhal to lead MCX management team,"{""MCX"": ""neutral""}",11
5892,SEBI changes rule of dividend transfer under SLB,"{""SEBI"": ""neutral""}",8
4967,"Dena, Syndicate Bank look good, Oriental Bank long bet: ICICI Securities","{""Dena"": ""positive"", ""Syndicate Bank"": ""positive"", ""Oriental Bank"": ""positive"", ""ICICI Securities"": ""neutral""}",11
2024,Jet Airways top pick in aviation stocks: Pankaj Pandey,"{""Jet Airways"": ""positive""}",9
9673,"Have a sell call on Moser Baer: Kunal Saraogi, Technical Analyst","{""Moser Baer"": ""negative""}",11
7910,"Nikkei rises on Federal Reserve view, industrial data, GPIF news","{""Nikkei"": ""positive""}",10
9384,"Australia shares pare gains on NY Ebola case, financials underpin","{""Australia shares"": ""negative""}",10
7322,"OVL's H1 net up 14% at 1,886 crore","{""OVL"": ""positive""}",8
227,Should you buy Nestle India now?,"{""Nestle India"": ""neutral""}",6
1014,Wall Street Week Ahead: S&P 500 nearing the 2K summit,"{""S&P 500"": ""positive"", ""Wall Street"": ""neutral""}",10
1930,"Bihar polls: Sebi, exchanges beef up risk management systems","{""Sebi"": ""neutral""}",9
5252,European stock rally stalls; DAX eyes record high,"{""DAX"": ""positive"", ""European stock"": ""neutral""}",8
2180,APL Apollo Tubes hits record high; HDFC MF buys shares,"{""APL Apollo Tubes"": ""positive"", ""HDFC"": ""neutral""}",10
698,Santosh Nayar to be MD and CEO of IFCI,"{""IFCI"": ""neutral""}",9
1125,Market may retest 5600 level in next few weeks: Ashwani Gujral,"{""Market"": ""neutral""}",11
7379,Techno Electric to raise Rs 750 cr;stk surges,"{""Techno Electric"": ""positive""}",8
8840,Gati slips 6% on dissapointing Q2 numbers,"{""Gati"": ""negative""}",7
5111,"Prefer Zee, Den Networks from the media space: Sudip Bandyopadhyay","{""Zee"": ""positive"", ""Den Networks"": ""positive""}",10
7903,NBCC net profit up by 57 per cent in Q3,"{""NBCC"": ""positive""}",10
1779,"Edible oils recover on millers buying, global cues","{""Edible oils"": ""positive""}",8
9842,Gold's longest run in a year ends as US inflation picks up,"{""Gold"": ""negative""}",12
2635,Multi Commodity Exchange bidders want Financial Technologies to share vital information,"{""Financial Technologies"": ""positive""}",11
7545,Japan's zero interest rate pushes gold to new high,"{""gold"": ""positive""}",9
7605,"Petronet LNG a strong stock: Ashwani Gujral, Market Strategist","{""Petronet LNG"": ""positive""}",9
3490,"Dr Reddy extends falls; Morgan Stanley, BofA downgrade","{""Dr Reddy"": ""negative"", ""Morgan Stanley"": ""neutral""}",8
1038,BSE to auction investment limits for Rs 561- crore government bonds,"{""BSE"": ""neutral""}",11
8811,Caution required on agri stocks: Dipan Mehta,"{""agri stocks"": ""negative""}",7
8506,Morgan Stanley sees 30% upside in Reliance Communications post Rs 1200 cr deal,"{""Reliance Communications"": ""positive"", ""Morgan Stanley"": ""neutral""}",13
2650,OIL net rises 30 pc in Q4 to Rs 562 cr,"{""OIL"": ""positive""}",11
2980,"Gateway Distriparks is a good bet with a one-year view: Avinnash Gorakssakar, Mintdirect.com","{""Gateway Distriparks"": ""positive"", ""Mintdirect.com"": ""neutral""}",13
2548,Danone deal expected to act as a trigger for 'troubled' Wockhardt,"{""Wockhardt"": ""positive"", ""Danone"": ""neutral""}",11
5133,"Sensex rangebound; Infosys, Sun Pharma, TCS and DRL top losers","{""Infosys"": ""negative"", ""Sun Pharma"": ""negative"", ""TCS"": ""negative"", ""DRL"": ""negative"", ""Sensex"": ""neutral""}",10
2160,World stocks hold at all-time high after bumper week,"{""World stocks"": ""positive""}",9
6446,"Adlabs cuts IPO price band, extends offer date on muted response","{""Adlabs"": ""neutral""}",11
3968,Fear of post-poll price drop draws people to sell gold,"{""gold"": ""negative""}",10
1429,"Budget 2012: STT cut, Rajiv Gandhi Scheme are small but key steps, says Rashesh Shah, Edelweiss Group","{""Edelweiss Group"": ""neutral""}",17
9053,L&T likely to underperform in medium-term: Nitin Raheja,"{""L&T"": ""negative""}",8
2521,Bosch Q3 Net up 30 per cent at Rs 306.36 crore,"{""Bosch"": ""positive""}",11
8034,Bhushan Steel looks good over medium to long term: Ashit Suri,"{""Bhushan Steel"": ""positive""}",11
9290,"Not excited about NBFC space: Gaurav Mehta, Ambit Capital","{""NBFC space"": ""negative"", ""Ambit Capital"": ""neutral""}",9
10613,"MCX, Chitkara University sign MoU to support financial literacy","{""MCX"": ""neutral"", ""Chitkara University"": ""neutral""}",9
449,China stocks close mixed ahead of 'connector' launch,"{""China stocks"": ""neutral""}",8
9126,TCS results disappoints on revenue: 10 important takeaways,"{""TCS"": ""negative""}",8
5996,Cairn India: Progress on E&P Projects key to growth,"{""Cairn India"": ""neutral""}",9
8653,Infosys: Implied volatilty hits 5-year high as buyers queue up to puchase options ahead of results,"{""Infosys"": ""positive""}",16
3728,"FII inflows slowing, tough times ahead for Dalal Street?","{""Dalal Street"": ""negative""}",9
7354,Seven expensive stocks that are still outpacing Sensex,"{""Sensex"": ""neutral""}",8
6280,Forward Markets Commission chairman Ramesh Abhishek gets another 3-month extension,"{""Forward Markets Commission"": ""neutral""}",10
9626,CNX IT nearing 9200 could put pressure on Nifty: Mitesh Thacker,"{""Nifty"": ""negative"", ""CNX IT"": ""neutral""}",11
7296,Maximise returns: Go for Gold ETFs this Diwali,"{""Gold ETF"": ""positive""}",8
6252,Cisco rejigs India operations; appoints Dinesh Malkani as President Sales,"{""Cisco"": ""neutral""}",10
5927,Taiwan to tap $15.3 billion stocks stabilisation fund,"{""Taiwan"": ""neutral""}",8
2461,Unitech to sell non-core lands to cut debt; stock up,"{""Unitech"": ""positive""}",10
23,Gur closes steady on low demand,"{""Gur"": ""neutral""}",6
2067,Oracle worth watching over next few days: Deepak Mohoni,"{""Oracle"": ""positive""}",9
1654,Macquarie puts 'outperform' on Mahindra & Mahindra,"{""Mahindra & Mahindra"": ""positive"", ""Macquarie"": ""neutral""}",7
1377,Forward Markets Commission to hire 20 experts on contract basis to ease staff crunch,"{""Forward Markets Commission"": ""neutral""}",14
1725,Growth-linked currencies at multi-week highs on risk rally,"{""Growth-linked currencies"": ""positive""}",8
3755,Indices plumb new lows after US stocks post record,"{""Indices"": ""negative""}",9
4184,Dish TV Q4 loss widens over three-fold to Rs 149.05 crore,"{""Dish TV"": ""negative""}",11
4083,SPARC net loss widens to Rs 9.40 crore in Q4,"{""SPARC"": ""negative""}",10
8475,"Facebook goes express to mega-cap status - now valued more than AT&T, Coca-Cola","{""Facebook"": ""positive"", ""AT&T"": ""neutral"", ""Coca-Cola"": ""neutral""}",13
6580,Ramco Systems plans to raise Rs 123 crore from rights issue,"{""Ramco Systems"": ""neutral""}",11
4559,Europe stocks dip ; Astra Zeneca rejection of Pfizer takeover bid weighs in,"{""Europe stocks"": ""negative"", ""Astra Zeneca"": ""neutral"", ""Pfizer"": ""neutral""}",13
3538,Cardamom futures extend losses on adequate stocks,"{""Cardamom futures"": ""negative""}",7
7004,Leisure revenue buoys Cox & Kings,"{""Cox & Kings"": ""positive""}",6
10189,"Petrol, diesel prices hiked again, but OMC stocks remain subdued; IOC, HPCL in red","{""OMC stocks"": ""negative"", ""IOC"": ""negative"", ""HPCL"": ""negative""}",14
647,NMDC offers RINL's ex-CMD AP Choudhary full-time advisor's post,"{""NMDC"": ""neutral"", ""RINL"": ""neutral""}",9
6382,Reliance Communications names former Bharti executive Vinod Sawhny as CEO,"{""Reliance Communications"": ""neutral"", ""Bharti"": ""neutral""}",10
7528,"HPCL Q4 net up 48 pc at 1,122.66 crore","{""HPCL"": ""positive""}",9
10432,"Brokerage views on Wipro, Sun Pharma, M&M, SAIL, Lupin, NMDC","{""Wipro"": ""neutral"", ""Sun Pharma"": ""neutral"", ""M&M"": ""neutral"", ""SAIL"": ""neutral"", ""Lupin"": ""neutral"", ""NMDC"": ""neutral""}",10
7166,Smaller stocks reap big gains; outshine blue-chips,"{""Smaller stocks"": ""positive"", ""blue-chips"": ""neutral""}",7
8603,Bank of Indias net profit up 8.6 per cent due high provisions for bad loan,"{""Bank of Indias"": ""positive""}",15
7698,Wipro Q2 profit up 9.7 per cent; lags forecast,"{""Wipro"": ""positive""}",9
10120,Current surge in fuel prices not enough to reassure investment in oil and gas space: Hemindra Hazari,"{""oil"": ""neutral"", ""gas space"": ""neutral""}",17
4876,3i Infotech shares in a free fall as ICICI Bank trims stake,"{""3i Infotech"": ""negative"", ""ICICI Bank"": ""neutral""}",12
9247,ITC edges lower as Nomura downgrades stock to 'neutral',"{""ITC"": ""negative"", ""Nomura"": ""neutral""}",9
5342,"Pharma, autos, media companies will do well'","{""Pharma"": ""positive"", ""autos"": ""positive"", ""media companies"": ""positive""}",7
7032,Birla Shlokas valuations look expensive,"{""Birla Shlokas"": ""negative""}",5
2161,Yes Bank net profit rises 58% Rs 176.26 cr,"{""Yes Bank"": ""positive""}",9
686,Reliance Industries may post a flat performance for Q1,"{""Reliance Industries"": ""neutral""}",9
2462,UP-based sugar firms gain on SP win in state polls,"{""UP-based sugar firms"": ""positive""}",10
7129,"Midcap pharma, a robust story: Gajendra Nagpal","{""Midcap pharma"": ""positive""}",7
6268,Euronext says cash market's pre-opening to start at 0700 GMT,"{""Euronext"": ""neutral""}",10
4942,"LIC, four banks likely to invest Rs 161 cr in Videocon","{""Videocon"": ""positive"", ""LIC"": ""neutral""}",11
5947,"Wall Street ends flat in earnings, data lull","{""Wall Street"": ""neutral""}",8
4584,Media firm DB Corp Q1 net profit down 16% at Rs 66.45 crore,"{""DB Corp"": ""negative""}",13
5785,HT Media Q1 net at Rs 32.67 crore,"{""HT Media"": ""neutral""}",8
7570,Marine fuel premium jumps to more than 9-month high,"{""Marine fuel"": ""positive""}",9
522,Ambit Capital appoints Saurabh Mukherjea as Head of Equities,"{""Ambit Capital"": ""neutral""}",9
3984,Hero MotoCorp slips over 2% on disappointing Q1 net profit,"{""Hero MotoCorp"": ""negative""}",10
10286,"NBFC stocks like Manappuram, Muthoot Finance down on new gold loan curb","{""Manappuram"": ""negative"", ""Muthoot Finance"": ""negative"", ""NBFC stocks"": ""negative""}",12
781,Would look at shorting opportunities in banks: Mitesh Thacker,"{""banks"": ""neutral""}",9
8865,"Ishtitmar to convert SpiceJet bonds, sell shares","{""SpiceJet bonds"": ""negative"", ""Ishtitmar"": ""neutral""}",7
5608,Polycab Wires appoints Ramakrishnan as group CEO,"{""Polycab Wires"": ""neutral""}",7
5979,"Banks seek shareholder nod for Rs 5,934-crore capital infusion","{""Banks"": ""neutral""}",9
3748,"Hong Kong shares at 2-1/2-month low, unrest unnerves investors","{""Hong Kong shares"": ""negative""}",9
2197,"Britannia sales rise 11 per cent in Q1, margins improve","{""Britannia"": ""positive""}",10
8562,Easier Sebi listing norms aim at encouraging startup industry to tap institutional trading platform,"{""Sebi"": ""neutral""}",14
10629,"Valuation concerns loom over infra, engineering counters: IV Subramaniam","{""infra"": ""negative"", ""engineering counters"": ""negative""}",9
4286,Railway stocks derail ahead of the budget; Wagon makers in focus,"{""Railway stocks"": ""negative""}",11
8570,Gujarat State Fertilizers Company's net profit in Q1 rises 22% to Rs 172 crore,"{""Gujarat State Fertilizers Company"": ""positive""}",14
6980,Right to buy Infosys: Ambareesh Baliga,"{""Infosys"": ""positive""}",6
1828,"Bullion dominates futures market, agriculture at 10%","{""Bullion"": ""positive"", ""agriculture"": ""positive""}",7
10406,"Gold edges lower on steady equities, flat dollar limits downside","{""Gold"": ""negative"", ""dollar"": ""neutral""}",10
2377,Pantaloon Retail net profit at Rs 20 cr; stock up,"{""Pantaloon Retail"": ""positive""}",10
8552,"Autos drive Sensex higher, can return upto 8 per cent in August say experts","{""Sensex"": ""positive""}",14
3840,"SBI's downside is of concern: CK Narayan, Sharyans Resources","{""SBI"": ""negative"", ""Sharyans Resources"": ""neutral""}",9
1247,IFC in talks with regulators for additional $2 bn offshore rupee bonds,"{""IFC"": ""neutral""}",12
7505,Gammon India bags Rs 1947 cr project; stock surges,"{""Gammon India"": ""positive""}",9
6512,GoDaddy's IPO to value web-hosting company at up to $2.87 billion,"{""GoDaddy"": ""neutral""}",11
5440,IndiGo to debut today on bourses,"{""IndiGo"": ""neutral""}",6
9951,"Cement consumption unlikely to increase in near term: Prateek Agarwal, ASK Investment Managers","{""Cement"": ""negative"", ""ASK Investment Managers"": ""neutral""}",13
5511,Commercial papers fast replacing conventional bank loans,"{""Commercial papers"": ""neutral"", ""conventional bank loans"": ""neutral""}",7
5331,"Citi bullish on metals, upgrades Tata Steel","{""metals"": ""positive"", ""Tata Steel"": ""positive"", ""Citi"": ""neutral""}",7
4532,AirAsia shares sink to 5-year low on threat of suspension at Indonesia unit,"{""AirAsia"": ""negative""}",13
366,"India valuations are less compelling, says Goldman Sachs","{""Goldman Sachs"": ""neutral""}",8
10736,"ONGC, SBI drag Sensex to 8-week low","{""ONGC"": ""negative"", ""SBI"": ""negative"", ""Sensex"": ""negative""}",7
148,RP-Sanjiv Goenka Group to begin new CSR initiatives,"{""RP-Sanjiv Goenka Group"": ""neutral""}",8
1669,KEC International rallies on strong Q4 results,"{""KEC International"": ""positive""}",7
10214,ADAG pack fires up after Ambani brothers seal Rs 1200 crore telecom deal,"{""ADAG pack"": ""positive""}",13
7651,Solid volumes may help Ashok Leyland stock maintain momentum,"{""Ashok Leyland"": ""positive""}",9
8600,"Ambuja, ACC post higher Q2 profits of Rs 239 crores and Rs 192 crores respectively","{""Ambuja"": ""positive"", ""ACC"": ""positive""}",15
7789,Edelweiss is a good bet in broking stocks: Nitin Raheja,"{""Edelweiss"": ""positive""}",10
3457,Mistaken identity costs Future Group dear,"{""Future Group"": ""negative""}",6
3272,"Wealthy investors exit stocks, get debt for safety","{""stocks"": ""negative""}",8
4941,Jewellery stocks rebound after initial dip; PCJ soars 19 per cent,"{""Jewellery stocks"": ""positive"", ""PCJ"": ""positive""}",11
6231,Alkem Labs appoints banks for up to $291 million IPO,"{""Alkem Labs"": ""neutral""}",10
9587,Would not take a position on the Nifty: Deepak Mohoni,"{""Nifty"": ""negative""}",10
8738,Bearish on Great Offshore: Ashwani Gujral,"{""Great Offshore"": ""negative""}",6
3927,China yuan edges down on weak midpoint and FDI data,"{""China yuan"": ""negative""}",10
9193,Chambal Fertilisers may slide to 68-69 levels: Mitesh Thacker,"{""Chambal Fertilisers"": ""negative""}",9
8081,Extremely positive on RIL; stock may see rerating:  Mayuresh Joshi,"{""RIL"": ""positive""}",11
79,Red-hot sterling cools a touch after PMI numbers,"{""sterling"": ""neutral""}",8
7089,F&O Tracker: Nifty support likely around 6220-6000,"{""Nifty"": ""neutral""}",7
2248,Ethanol acts as lone bright spot amid China commodity gloom,"{""Ethanol"": ""positive""}",10
8889,OMC stocks not looking attractive: UR Bhat,"{""OMC stocks"": ""negative""}",7
10697,"Vedanta, Hindalco to exit Sensex on December 21","{""Vedanta"": ""negative"", ""Hindalco"": ""negative"", ""Sensex"": ""neutral""}",8
7452,Changes in fundamentals makes Tata Motors sustainable: Prakash Diwan,"{""Tata Motors"": ""positive""}",9
2280,Hindalco shares surge over 3% as company bags maximum mines,"{""Hindalco"": ""positive""}",10
8124,Intel could rise 30 per cent over next two years: Report,"{""Intel"": ""positive""}",11
3898,Yield of Dollar bonds plunges to a 9-year low,"{""Dollar bonds"": ""positive""}",9
8680,"Downgrade Wipro to 'Hold', says Edelweiss","{""Wipro"": ""negative""}",6
7178,Trent shares gain nearly 6% on bourses,"{""Trent"": ""positive""}",7
10172,"Capital goods names like Cummins, Voltas and Engineers India to fetch returns: Manish Sonthalia","{""Cummins"": ""positive"", ""Voltas"": ""positive"", ""Engineers India"": ""positive""}",14
3632,Bombay Stock Exchange suspends trading in 49 companies,"{""Bombay Stock Exchange"": ""neutral""}",8
9281,Nestle India slips over 1% on gross margins concerns,"{""Nestle India"": ""negative""}",9
6273,FIIs submit bids worth $ 1.58 billion for government bonds,"{""government bonds"": ""neutral""}",10
8617,Does Greece matter to India? Nifty likely to hit Mt 11K in next 18 months,"{""Nifty"": ""positive""}",15
393,Ficci establishes centre for corporate governance,"{""Ficci"": ""neutral""}",6
3192,"Earning upgrades in H2 will give a good fillip to the market: Avinash Gorakshekar, Anagram Capital Ltd","{""Anagram Capital"": ""neutral""}",17
17,Why Chinese stocks leave US investors vulnerable,"{""US"": ""negative"", ""Chinese stocks"": ""neutral""}",7
4201,Farmers may shift from Chana as prices fall below 10-15% MSP,"{""Chana"": ""negative""}",11
2673,Ramky Infra FY'11 consolidated net up 62pc to Rs 206 crore,"{""Ramky Infra"": ""positive""}",11
6165,Sebi allows Pune Stock Exchange to exit bourse business,"{""Sebi"": ""neutral"", ""Pune Stock Exchange"": ""neutral""}",9
3494,Over 5.6% stake in Dish TV pledged,"{""Dish TV"": ""negative""}",7
7395,Welspun Corp soars 9% on robust Q2 earnings,"{""Welspun Corp"": ""positive""}",8
4840,"Farm sector stocks like HUL, Dabur may suffer due to El Nino effect","{""HUL"": ""negative"", ""Dabur"": ""negative""}",13
594,"Immediate target for Nifty is 6230-6250: Sandeep Wagle, APTART","{""Nifty"": ""neutral"", ""APTART"": ""neutral""}",9
10021,8300-8400 levels on Nifty to be worst case scenario post Budget 2015: Ashwani Gujral,"{""Nifty"": ""negative""}",14
5828,NBCC IPO subscribed 58 pc on Day 3,"{""NBCC"": ""neutral""}",8
7962,Shilpi Cable Technologies rallies as Q1 net profit jumps 55%,"{""Shilpi Cable Technologies"": ""positive""}",10
5888,"Saria, other steel remain flat in thin trade","{""Saria"": ""neutral"", ""steel"": ""neutral""}",8
2356,New RBI norms to aid higher earnings of banks:Credit Suisse,"{""RBI"": ""neutral"", ""Credit Suisse"": ""neutral""}",10
6037,Flash crash: Sebi to hear NSE's reply on Monday,"{""Sebi"": ""neutral"", ""NSE"": ""neutral""}",9
4799,"Double-digit returns seen from IT stocks; Wipro, HCL Tech, NIIT Tech hit 52-week highs","{""IT stocks"": ""positive"", ""Wipro"": ""positive"", ""HCL Tech"": ""positive"", ""NIIT Tech"": ""positive""}",14
9304,Ranbaxy plunges 25% in two sessions after USFDA ban,"{""Ranbaxy"": ""negative""}",9
4593,Pfizer net profit declines 56.11 per cent to Rs 220.85 crore in FY14,"{""Pfizer"": ""negative""}",13
8657,"Orient Cement rallies 20 per cent, hits 52-week high as Rakesh Jhunjhunwala buys 17.1 lakh shares","{""Orient Cement"": ""positive""}",16
164,RBI moves to curb novel bond structure,"{""RBI"": ""neutral""}",7
9965,HDIL Q2 net profit down 70% at Rs 42.7 crore; income up 66%,"{""HDIL"": ""negative""}",13
10149,"Infosys, Wipro, MindTree slip over 10% since March; is it time to revisit IT stocks?","{""Infosys"": ""negative"", ""Wipro"": ""negative"", ""MindTree"": ""negative""}",15
10515,"UltraTech, ACC top bets among largecap cement stocks: Mayuresh Joshi","{""UltraTech"": ""positive"", ""ACC"": ""positive""}",10
7381,Textile sector will perform now: Tata Investment Corporation,"{""Textile sector"": ""positive"", ""Tata Investment Corporation"": ""neutral""}",8
10707,"Dealing Room Buzz: Alstom, DRL, Raymond, Titan","{""Alstom"": ""positive"", ""DRL"": ""positive"", ""Raymond"": ""positive"", ""Titan"": ""positive""}",7
6357,"Nifty likely to test its 200-DMA of 8,250: Ashwani Gujral","{""Nifty"": ""neutral""}",10
5543,Gold trades flat a day before Diwali,"{""Gold"": ""neutral""}",7
6008,Coaching institute Resonance Eduventures Plans Rs 500 crore IPO,"{""Resonance Eduventures"": ""neutral""}",9
7994,"Unity Infra could give a decent upside: Hemang Jani, Sharekhan","{""Unity Infra"": ""positive"", ""Sharekhan"": ""neutral""}",10
7639,Shalimar paints has good headroom for growth: Prakash Diwan,"{""Shalimar paints"": ""positive""}",9
6794,H Kumar takes over as Managing Director of Mangalore Refinery and Petrochemicals Ltd,"{""Mangalore Refinery and Petrochemicals Ltd"": ""neutral""}",13
7759,Ceat Q3 net profit surges three-fold to Rs 67 crore,"{""Ceat"": ""positive""}",10
4838,"Dish TV, TV18, and Zee TV look good in media space: Dilip Bhat","{""Dish TV"": ""positive"", ""TV18"": ""positive"", ""Zee TV"": ""positive""}",13
2294,Indraprastha Gas gains 2% as govt defers gas price hike,"{""Indraprastha Gas"": ""positive""}",10
6549,"Market may remain sideways; 8,150-8,200 range holds the key: Ashwani Gujral","{""Market"": ""neutral""}",11
7899,Mundra Port Q3 net up 40% at Rs 228.46 cr,"{""Mundra Port"": ""positive""}",10
4482,Sell Bharti Airtel Ltd with target price of Rs 289: Prakash Gaba,"{""Bharti Airtel Ltd"": ""negative""}",12
3717,Essar stocks fall; group signs pacts with Russian firms,"{""Essar stocks"": ""negative""}",9
6141,PVR reports Q3 net profit at Rs 31.55 crore,"{""PVR"": ""neutral""}",9
1550,Sabero's growth prospects appear attractive,"{""Sabero"": ""positive""}",5
2045,Mastek surges over 14% as subsidiary plans NYSE listing,"{""Mastek"": ""positive""}",9
768,Visa Steel appoints Punkaj Kumar Bajaj as new CEO,"{""Visa Steel"": ""neutral""}",9
5694,Asian Paints Q2 Net at Rs 347.30 crore,"{""Asian Paints"": ""neutral""}",8
7871,"LIC buys 4.66% stake in BHEL for Rs 1,889 crore","{""LIC"": ""positive"", ""BHEL"": ""positive""}",10
7858,"Jaypee, Reliance Group stocks in focus ahead of UP results","{""Jaypee"": ""positive"", ""Reliance Group stocks"": ""positive""}",10
3303,Rupee falls 32 paise against dollar,"{""Rupee"": ""negative"", ""dollar"": ""neutral""}",6
4518,Uflex crashes 13% on reports of bogus sale worth Rs 100 crore,"{""Uflex"": ""negative""}",12
10032,Crude likely to fall to $60 a barrel in near to medium term: Experts,"{""Crude"": ""negative""}",14
3293,It is Sensexs third-worst Samvat in a decade,"{""Sensex"": ""negative""}",8
1404,AstraZeneca planning to delist Indian subsidiary; likely to appoint Merrill Lynch as manager for delisting,"{""AstraZeneca"": ""neutral"", ""Merrill Lynch"": ""neutral""}",15
1383,Infusion of additional $1 trillion to India's GDP to create new midcap leaders: Barclays,"{""Barclays"": ""neutral""}",14
6929,Spices sizzle on bad weather,"{""Spices"": ""positive""}",5
5672,10 takeaways from the second-quarter results of Infosys,"{""Infosys"": ""neutral""}",8
1639,MBL Infrastructures surges 18% on listing,"{""MBL Infrastructure"": ""positive""}",6
6908,"It does not make sense to go in for buying in the current environment: Hemang Jani, Sharekhan","{""Sharekhan"": ""neutral""}",17
8592,Tyre stocks may go up by another 30% from these levels: P Phani Sekhar,"{""Tyre stocks"": ""positive""}",14
6407,Six trading houses imported 40 per cent gold in September,"{""gold"": ""neutral""}",10
1180,"Seeing broader participation in market; Nifty may revisit 8,050: Ashwani Gujral","{""Nifty"": ""neutral""}",11
5449,Gur closes steady in thin trade,"{""Gur"": ""neutral""}",6
5079,"Expect more downside in the IT, pharma stocks: Sandeep Wagle","{""IT"": ""negative"", ""pharma"": ""negative""}",10
8649,Ancillary stocks like Ashok Leyland set to gain from rise in mining activity in coming years,"{""Ashok Leyland"": ""positive""}",16
5176,"Nifty slips in red; capital goods, banks, metals down","{""Nifty"": ""negative"", ""capital goods"": ""negative"", ""banks"": ""negative"", ""metals"": ""negative""}",9
690,Rice bran oil set to smoke out olive oil,"{""Rice bran oil"": ""positive"", ""olive oil"": ""negative""}",9
9532,Ranbaxy net loss at Rs 73.6 crore in Jan-Mar quarter,"{""Ranbaxy"": ""negative""}",10
6526,In no hurry to recommend 'Buy' on Coal India: Mehraboon Irani,"{""Coal India"": ""neutral""}",11
10561,"JSW Steel, Hindalco, Tata Power down on coalblock deallocation","{""JSW Steel"": ""negative"", ""Hindalco"": ""negative"", ""Tata Power"": ""negative""}",9
6489,"Dollar flatlines ahead of Janet Yellen, Mario Draghi at Jackson Hole","{""Dollar"": ""neutral"", ""Jackson Hole"": ""neutral""}",11
7155,"Rising gold lifts coin, gold loan demands","{""gold"": ""positive"", ""coin"": ""positive"", ""gold loan"": ""positive""}",7
9055,Low demand pulls down crude palm oil futures,"{""crude palm oil"": ""negative""}",8
6611,Shemaroo Entertainment Rs 120 crore IPO to open on September 16,"{""Shemaroo Entertainment"": ""neutral""}",11
9217,"Egypt security to keep buyers away, Saudi budget eyed","{""Egypt security"": ""negative""}",9
4350,United Bank of India's loss will test Basel III aproach: Fitch,"{""United Bank of India"": ""neutral"", ""Fitch"": ""neutral""}",11
1885,"Tinplate is certainly a hold: Deepak Mohoni, trendwatchindia.com","{""Tinplate"": ""neutral"", ""trendwatchindia.com"": ""neutral""}",8
9297,"Poor show in domestic business, disappointment for Lupins investors","{""Lupins"": ""negative""}",9
2495,Amara Raja Batteries Q2 net up 23% at Rs 123 crore,"{""Amara Raja Batteries"": ""positive""}",11
5948,Watch out for the banking space: Angel Broking,"{""Angel Broking"": ""neutral""}",8
3037,Pre-election rally: BSE benchmark index hits lifetime high as FIIs pump $1 billion,"{""BSE benchmark index"": ""positive""}",13
5778,HCL Infosystems appoints two independent directors on Board,"{""HCL Infosystems"": ""neutral""}",8
846,Five things to watch out for in HCL Technologies earnings,"{""HCL Technologies"": ""neutral""}",10
8735,Bearish on IDFC: Sudip Bandyopadhyay,"{""IDFC"": ""negative""}",5
7968,Sinclairs Hotels Q1 net profit up at Rs 2.67 crore,"{""Sinclairs Hotels"": ""positive""}",10
9121,"Stress in Indusind stock: Harendra Kumar, Elara Capital","{""Indusind"": ""negative"", ""Elara Capital"": ""neutral""}",8
7341,Record high prices no bar for gold sales,"{""gold"": ""positive""}",8
9694,"IVRCL: Debt pile, slow progress of projects weigh down the company","{""IVRCL"": ""negative""}",11
8918,Sentiment in government bond market turns bearish,"{""government bond"": ""negative""}",7
7138,Overall IT sector remains compelling: Taher Badshah,"{""IT sector"": ""positive""}",7
2965,"DCM Shriram Consolidated rallies 17%, hits 52-week high on plans to reward shareholders","{""DCM Shriram Consolidated"": ""positive""}",13
2530,CESC Q2 standalone net profit jumps 25.7% to Rs 171 cr,"{""CESC"": ""positive""}",11
5773,Gold remains steady in line with international sentiment,"{""Gold"": ""neutral""}",8
1049,Citigroup joins foreign brokerages in cutting year-end target for Indian stocks,"{""Citigroup"": ""neutral""}",11
7046,Almond futures gain 0.32% on spot demand,"{""Almond"": ""positive""}",7
1961,DHFL net profit up 52% to Rs 138.4 crore,"{""DHFL"": ""positive""}",9
2531,Chana price rises by 0.38 per cent as demand picks up,"{""Chana"": ""positive""}",11
8430,"Top seven companies add Rs 44,044 crore to investor wealth; SBI shines","{""SBI"": ""positive""}",12
4918,Sensex ends on flat note; IT stocks lead post Infosy Q3 results,"{""IT stocks"": ""positive"", ""Infosy"": ""positive"", ""Sensex"": ""neutral""}",12
5902,Sebi tightens norms for issue of participatory notes,"{""Sebi"": ""neutral""}",8
8287,City Union Bank set to report strong income in next few quarters,"{""City Union Bank"": ""positive""}",12
4260,"Nifty may show signs of weakness; IT, banks hold the key","{""IT"": ""positive"", ""banks"": ""positive"", ""Nifty"": ""negative""}",11
5657,Trent Ltd reappoints Philip Auld as CEO,"{""Trent Ltd"": ""neutral""}",7
6098,Midcap IT space insulated with domestic uncertainties: Prakash Diwan,"{""Midcap IT space"": ""neutral""}",9
5908,Sebi to seek extra funds for investor programmes,"{""Sebi"": ""neutral""}",8
7374,Subdued Ifo takes M&A shine off European stocks,"{""European stocks"": ""positive""}",8
2979,GAIL Q2 PAT beats estimates at Rs 1303 crore; stock at 52-week high,"{""GAIL"": ""positive""}",13
10292,Over 100-point gap down opening seen for Nifty; Sensex may retest 27K,"{""Nifty"": ""negative"", ""Sensex"": ""neutral""}",12
10007,Sugar costlier by up to Rs 2 per kg on import duty hike,"{""Sugar"": ""negative""}",13
6722,Of course Greece had a plan for a new currency: Paul Krugman,"{""Greece"": ""neutral""}",12
7843,Ind Swift Laboratories Q3 loss narrows to Rs 12.37 crore,"{""Ind Swift Laboratories"": ""positive""}",10
8265,100 days of Narendra Modi government: Sensex rallies nearly 9%; top bets,"{""Sensex"": ""positive""}",12
9438,FII buying in V-Mart Retail crosses limit; no further purchase,"{""V-Mart Retail"": ""negative""}",10
3139,"Hike in the freight rates is a bold, bold step by government: Pankaj Pandey, ICICIdirect.com","{""ICICIdirect.com"": ""neutral""}",15
8326,Government's proposed rule regarding ABS will boost auto components sector: Prakash Diwan,"{""auto components sector"": ""positive""}",12
10679,"Financial, commodity markets will remain closed on Friday","{""Financial"": ""negative"", ""commodity markets"": ""negative""}",8
1827,Capgemini raises 2015 revenue outlook on Igate acquisition,"{""Capgemini"": ""positive""}",8
5549,HSBC sees Rupee at 60-levels by December,"{""HSBC"": ""neutral"", ""Rupee"": ""neutral""}",7
561,Ennore Port to approach Shipping Ministry for IPO approval,"{""Ennore Port"": ""neutral""}",9
9482,IT companies may not enjoy the rupee edge for long,"{""IT companies"": ""negative""}",10
8436,Uninor operating loss narrows down to Rs 70 cr in second quarter,"{""Uninor"": ""positive""}",12
5436,Infosys Q4 FY14 results: 10 takeaways,"{""Infosys"": ""neutral""}",6
4438,"Macro headwinds are against the auto stocks: Vikas Khemani, Edelweiss Securities Ltd","{""auto stocks"": ""negative""}",12
8598,"Advani Hotels locked in upper circuit, up 20%, hits 52-week high; volumes surge over 1000%","{""Advani Hotels"": ""positive""}",15
1443,Road shows for SAIL FPO delayed,"{""SAIL"": ""neutral""}",6
8454,"Berger Paints a decent bet from a medium term horizon: Avinnash Gorakssakar, Mintdirect.com","{""Berger Paints"": ""positive"", ""Mintdirect.com"": ""neutral""}",13
4407,GMR Infrastructure's net loss widens to Rs 441 crore in December quarter,"{""GMR Infrastructure"": ""negative""}",12
10256,South Korean shares reverse early gains to close flat; won edges lower,"{""won"": ""negative"", ""South Korean shares"": ""neutral""}",12
1690,Infosys: Will it surprise markets once again?,"{""Infosys"": ""positive""}",7
10611,Japanese yen slips in Asia following weak China data,"{""Japanese yen"": ""negative""}",9
9680,IiAS tells Maruti's institutional holders to oppose Suzukis's proposed Gujarat plant,"{""Suzuki"": ""negative"", ""Maruti"": ""neutral"", ""IiAS"": ""neutral""}",11
5963,Alumni back IIM-A: 40 crore promised in a day,"{""IIM-A"": ""neutral""}",9
2497,Amrutanjan Healthcare Q4 net up 89 pc to Rs 5.59 cr,"{""Amrutanjan Healthcare"": ""positive""}",11
9456,GSPC likely to postpone IPO as merchant bankers advise caution,"{""GSPC"": ""negative""}",10
341,How India Inc can woo more international investors,"{""India Inc"": ""neutral""}",8
2409,"REC board approves raising Rs 3,000 cr through tax-free bonds","{""REC"": ""positive""}",10
8989,Costlier oilmeals not palatable to key global consumers,"{""oilmeals"": ""negative""}",8
5783,How much should you be investing in gold?,"{""gold"": ""neutral""}",8
4577,"Infosys tanks 8%; m-cap down by Rs 14,235 cr as BG Srinivas quits","{""Infosys"": ""negative""}",13
3726,F&O volumes plunge as VIX sinks to new low,"{""VIX"": ""negative""}",9
2786,"Construction players to get impetus from Budget 2015: Vinay Khattar, Edelweiss Financial","{""Construction players"": ""positive"", ""Edelweiss Financial"": ""neutral""}",12
1013,Wall Street Week Ahead: Don't leave small-cap stocks for dead,"{""Wall Street"": ""neutral""}",10
5281,"Sensex turns choppy, Nifty trades near 7950 levels","{""Sensex"": ""negative"", ""Nifty"": ""neutral""}",8
4896,"German stocks power to new high; euro, US Federal Reserve in focus","{""German stocks"": ""positive"", ""euro"": ""neutral"", ""US Federal Reserve"": ""neutral""}",12
7122,Kim Eng India recommends Buy on HDIL,"{""HDIL"": ""positive"", ""Kim Eng India"": ""neutral""}",7
6550,"Markets overbought, hence there could be momentum loss: Mitesh Thacker, miteshthacker.com","{""miteshthacker.com"": ""neutral"", ""Markets"": ""neutral""}",11
4038,Network18 Media reports Rs 11.72 crore loss in December quarter,"{""Network18 Media"": ""neutral""}",10
149,Ravi Venkatesan joins Rockefeller Foundation Board,"{""Rockefeller Foundation Board"": ""neutral""}",6
286,Maytas Infra to consider share issue July 19,"{""Maytas Infra"": ""neutral""}",8
10385,"TCS, L&T, RIL, Tata Motors, NTPC safe bet to retire on","{""TCS"": ""positive"", ""L&T"": ""positive"", ""RIL"": ""positive"", ""Tata Motors"": ""positive"", ""NTPC"": ""positive""}",11
8556,"Can buy Reliance on declines of Rs 15-20: Sandeep Wagle, APTART Technical Advisory Services","{""Reliance"": ""positive"", ""APTART Technical Advisory Services"": ""neutral""}",14
9041,India bond yields fall on Arun Jaitley comments,"{""India bond"": ""negative""}",8
6771,"As Modi government first anniversary approaches, are markets headed for an inflection point?","{""markets"": ""neutral""}",13
4444,Minority shareholders challenge Bombay High Court order on Cadbury India's buyback offer,"{""Cadbury India"": ""negative""}",12
7447,Castrol Q4 net up 7% to Rs 126 crore,"{""Castrol"": ""positive""}",9
237,D-Street shakeup may be triggered by MSCI rejig,"{""MSCI"": ""neutral""}",8
10315,Hindalco and Tata Steel look good in metal space: Ashwani Gujral,"{""Hindalco"": ""positive"", ""Tata Steel"": ""positive""}",11
7124,KSK Energy likely to give good returns,"{""KSK Energy"": ""positive""}",7
8987,Coriander futures gain 0.79% on upsurge in demand,"{""Coriander"": ""negative""}",8
3084,FIIs to pump $2.55 billion into Indian debt market; Rupee set to strengthen further,"{""Rupee"": ""positive""}",14
633,NCDEX seeks permission to do futures trading in sugar,"{""NCDEX"": ""neutral""}",9
6814,Oil prices mixed in Asian trade as dealers await fresh US economic data,"{""Oil"": ""neutral""}",13
2494,Amara Raja Batteries net profit at Rs 41 cr; stock up,"{""Amara Raja Batteries"": ""positive""}",11
2666,Preview: Axis Bank likely to report 22% rise in Q4 NII,"{""Axis Bank"": ""positive""}",11
9383,"Aurobindo Pharma shares fall; company comes under USFDA lens, again","{""Aurobindo Pharma"": ""negative""}",10
9056,Make a contra call on ITC: Hemendra Hazari,"{""ITC"": ""negative""}",8
9601,Apple's stock dips over 4% as concerns mount about iPhone shipments,"{""Apple"": ""negative""}",11
4212,"Global, not internal factors, weighing on rupee; 64.5 unlikely, say experts","{""rupee"": ""negative""}",11
3875,Time to book out of Sesa Sterlite: Ambareesh Baliga,"{""Sesa Sterlite"": ""negative""}",9
2818,"Hopes of rate cut, good Q3 lift Sensex to a new high","{""Sensex"": ""positive""}",12
8894,Paint stocks valuations not comfortable: Deven Choksey,"{""Paint stocks"": ""negative""}",7
10555,"Infy, HCL, TCS should do well : Emkay Global","{""Infy"": ""positive"", ""HCL"": ""positive"", ""TCS"": ""positive"", ""Emkay Global"": ""neutral""}",9
9666,Gold offtake slows as consumers expect price correction despite global uptrend,"{""Gold"": ""negative""}",11
7427,Berger Paints logs 35% increase in Q1 net profit,"{""Berger Paints"": ""positive""}",9
9256,Kenneth Andrade exits IDFC Mutual Fund leaving investors jittery,"{""IDFC Mutual Fund"": ""negative""}",9
9272,"More lawsuits filed against Honda, Takata over air bags","{""Honda"": ""negative"", ""Takata"": ""negative""}",9
9900,Sell Lupin Ltd with a stop loss of Rs 1360: Mitesh Thacker,"{""Lupin Ltd"": ""negative""}",12
1736,Traders build bullish bets on gold,"{""gold"": ""positive""}",6
7398,WNS Q2 net up 65% at $15.3 million,"{""WNS"": ""positive""}",8
4256,Metals continue to correct on demand woes as China data disappoints,"{""Metals"": ""negative""}",11
9657,FTIL drags Forward Markets Commission to court over amended shareholding norms,"{""Forward Markets Commission"": ""negative"", ""FTIL"": ""neutral""}",11
2476,Westlife raises Rs 180 cr via preferential issue of shares,"{""Westlife"": ""positive""}",10
10737,Rupee gains 29 paise against US dollar,"{""Rupee"": ""positive"", ""US dollar"": ""neutral""}",7
3714,Engineers India FPO gets lukewarm response on Day 1,"{""Engineers India"": ""negative""}",9
9664,"Gold demand falls in Q2 as jewellery, bar sales slide: WGC","{""Gold"": ""negative""}",11
1805,Players can borrow against corporate bonds,"{""corporate bonds"": ""positive""}",6
708,Sebi mulls YieldCo listing norms in renewable funding push,"{""Sebi"": ""neutral"", ""YieldCo"": ""neutral""}",9
9891,"Sectors, stocks that are likely to be impacted due to euro fall","{""euro"": ""negative""}",12
5190,"Sensex rangebound, Nifty directionless; top fifteen stocks in focus","{""Sensex"": ""neutral"", ""Nifty"": ""neutral""}",9
5473,Biocon marketing head Rakesh Bamzai quits,"{""Biocon"": ""neutral""}",6
73,Sugar ends steady in thin trade,"{""Sugar"": ""neutral""}",6
7844,Ind Swift Laboratories up 13% on Piramal stake buy reports,"{""Ind Swift Laboratories"": ""positive"", ""Piramal"": ""neutral""}",10
5102,Nifty ends on flat note; Maruti tanks post Q3 results,"{""Maruti"": ""negative"", ""Nifty"": ""neutral""}",10
6765,World's first fixed income Indian ETF to be traded on Deutsche Bourse,"{""Deutsche Bourse"": ""neutral""}",12
1126,Market taking cues from global factors and quarterly results: Sudip Bandyopadhyay,"{""Market"": ""neutral""}",11
1242,Forward Markets Commission to soon take a call on NSEL e-series payments,"{""Forward Markets Commission"": ""neutral"", ""NSEL"": ""neutral""}",12
8879,Mustardseed futures slip on weak spot cues,"{""Mustardseed"": ""negative""}",7
2350,Morgan Stanley upgrades Axis Bank to Overweight; ups target price,"{""Axis Bank"": ""positive"", ""Morgan Stanley"": ""neutral""}",10
6603,SelectUSA arrives to lure SMEs to set up shop in USA,"{""SelectUSA"": ""neutral"", ""USA"": ""neutral""}",11
6781,ET 500: Which companies are likely to make it to Sensex by 2020?,"{""Sensex"": ""neutral""}",13
4359,Year-end profit booking by FIIs weighs on Sensex despite reform push,"{""Sensex"": ""negative""}",11
1344,Kesoram Industries to mop up upto Rs 500 crore through a rights issue,"{""Kesoram Industries"": ""neutral""}",13
10742,"Turmeric, jeera rise on buying support","{""Turmeric"": ""positive"", ""jeera"": ""positive""}",6
9341,Spicejet cracks nearly 6%; here what the management says,"{""Spicejet"": ""negative""}",9
10304,South Korea stocks edge down after Samsung Electronics's weak Q2 earnings guidance,"{""South Korea stocks"": ""negative"", ""Samsung Electronics"": ""negative""}",12
8633,"Praj Industries back on growth track with ethanol business revival, Ganga project and margin play","{""Praj Industries"": ""positive""}",15
6653,Chandan Deep Singh Dang appointed as Chief Marketing Officer of Tupperware India,"{""Tupperware India"": ""neutral""}",12
1101,"Immediate target is around 3400 in SBI: Prasad Kushe, Technical Analyst","{""SBI"": ""neutral""}",11
8842,Gold futures fall on weak global cues,"{""Gold"": ""negative""}",7
7328,"PFC's Q4 profit rises 9% to 1,411 crore","{""PFC"": ""positive""}",8
7623,Recent developments are positive for ONGC stock: Gajendra Nagpal,"{""ONGC"": ""positive""}",9
988,"Sesa Goa: Iron ore policy, demand from China hold key","{""Sesa Goa"": ""neutral""}",10
2853,"Low valuations, price corrections make Jubilant Life Sciences a good stock pick","{""Jubilant Life Sciences"": ""positive""}",12
8854,"Hong Kong shares fall again, financials down","{""Hong Kong shares"": ""negative""}",7
631,"Nagesh Basavanhalli to head India business of Fiat, Chrysler","{""Fiat"": ""neutral"", ""Chrysler"": ""neutral""}",9
1250,IndiGo plans to raise $400 million by selling 10% stake via IPO,"{""IndiGo"": ""neutral""}",12
3180,"Midcap stock certainly will be the flavour of the season: Dipan Mehta, Member, BSE and NSE","{""Midcap stock"": ""positive"", ""BSE"": ""neutral"", ""NSE"": ""neutral""}",16
483,Stock-specific action likely; all eyes on Bank Nifty,"{""Bank Nifty"": ""neutral""}",8
3041,Q4 weakness a temporary blip; buy largecap IT stocks on dips: Neeraj Deewan,"{""largecap IT stocks"": ""positive""}",13
5011,"Sensex@22,339, fresh closing high; Nifty seen at 6,900 in 30 days","{""Sensex"": ""positive"", ""Nifty"": ""neutral""}",11
9395,Brent slips below $72 after sharp rally in volatile market,"{""Brent"": ""negative""}",10
7001,DHFL looks promising: Prakash Diwan,"{""DHFL"": ""positive""}",5
3274,Scotland split jitters send sterling to 10-month low,"{""sterling"": ""negative""}",8
7228,Britannia Industrie consolidated Q3 net rises 62 %,"{""Britannia Industrie"": ""positive""}",8
3684,CIL shares fall over 2 per cent post earnings,"{""CIL"": ""negative""}",9
6675,Exim Bank plans to tap US institutional investors for overseas bond issue,"{""Exim Bank"": ""neutral"", ""US"": ""neutral""}",12
6808,"Market in a consolidation phase, expect Nifty to trade between 5500-6000: Nitin Raheja","{""Nifty"": ""neutral"", ""Market"": ""neutral""}",13
10473,"Nifty slips below 6,250; HCL Tech, JP Associates, BHEL down","{""Nifty"": ""negative"", ""HCL Tech"": ""negative"", ""JP Associates"": ""negative"", ""BHEL"": ""negative""}",10
1317,"Delhi High Court asks Centre, SEBI to reply to plea on automated trading","{""SEBI"": ""neutral""}",13
3226,"Brent steady above $108 as Russia, Libya support","{""Brent"": ""positive""}",8
1073,"Exercise caution, go light ahead of RBI policy review: Sandeep Wagle","{""RBI"": ""neutral""}",11
4816,"SBI, PNB and BoB make a complete PSB basket for long-term investors: Parag Thakkar","{""SBI"": ""positive"", ""PNB"": ""positive"", ""BoB"": ""positive""}",14
9090,Pulses slide as government intensifies crackdown against hoarding,"{""Pulses"": ""negative""}",8
5753,European shares pause for breath ahead of data,"{""European shares"": ""neutral""}",8
9841,"Gold trades near 4-month low before European Central Bank decision, US data","{""Gold"": ""negative""}",12
4617,"Sustained Call writing at strike price 8,300 on Nifty50 keeping bulls at bay","{""Nifty50"": ""negative""}",13
3098,"Life Insurance Corporation of India may buy ICICI infrastructure bonds worth Rs 3,000 crores","{""Life Insurance Corporation of India"": ""neutral""}",14
6870,191-192 is where price of NTPC to come in next few trading sessions: Sandeep Wagle,"{""NTPC"": ""neutral""}",15
1301,"Vodafone starts preparatory work for IPO in India, expresses optimism about government","{""Vodafone"": ""neutral""}",12
7286,IOC plans to hive-off E&P business; stock up,"{""IOC"": ""positive""}",8
6285,FTSE readies new global index series to include China A-shares,"{""FTSE"": ""neutral""}",10
5496,Ashoka Buildcon plans Rs. 225 cr IPO,"{""Ashoka Buildcon"": ""neutral""}",7
5292,"FMCG, pharma stocks not defensive bets: Rajesh Jain","{""FMCG"": ""negative"", ""pharma stocks"": ""negative""}",8
1799,CSE index gains 93 points,"{""CSE index"": ""positive""}",5
5204,"Weaker FTSE underpinned by Burberry, Barratt, AB Foods updates","{""Burberry"": ""negative"", ""Barratt"": ""negative"", ""AB Foods"": ""negative""}",9
8228,State Bank of India rallies over 1% on fund raising plans,"{""State Bank of India"": ""positive""}",11
5048,"Banking, autos and IT will lead the rally: Prashasta Seth","{""Banking"": ""positive"", ""autos"": ""positive"", ""IT"": ""positive""}",10
6442,3-5 per cent correction unlikely to affect markets: P Phani Sekhar,"{""markets"": ""neutral""}",11
8637,"Renewable energy sector likely to attract sea of opportunities; Adani Power, Tata Power top bets","{""Renewable energy sector"": ""positive"", ""Adani Power"": ""positive"", ""Tata Power"": ""positive""}",15
8106,HPCL Q3 net profit up nearly 7-fold at Rs 211.03 cr,"{""HPCL"": ""positive""}",11
2360,Nikkei rises to 1 1/2-week high; financials track U.S. counterparts,"{""Nikkei"": ""positive""}",10
10092,"State Bank of India Q3 net profit down 34% to Rs 2234 crore, lags estimates","{""State Bank of India"": ""negative""}",15
3655,Bajaj Auto falls over 2.5% as Nigeria devalues currency,"{""Bajaj Auto"": ""negative""}",9
7053,Bhushan Steel rallies; lenders approve loan restructuring,"{""Bhushan Steel"": ""positive""}",7
1287,Securities Appellate Tribunal asks Sebi to select SRO afresh for MF distributors,"{""Securities Appellate Tribunal"": ""neutral"", ""Sebi"": ""neutral""}",12
9821,Crash in crude prices:  Sectors and stocks that will be affected,"{""crude"": ""negative""}",12
4446,Mustard seed futures fall on hopes of good crop in growing regions,"{""Mustard seed futures"": ""negative""}",12
2138,Titan Company hits 52-week high on Morgan Stanley upgrade,"{""Titan Company"": ""positive"", ""Morgan Stanley"": ""neutral""}",9
6788,FTSE Russell to launch transitional indexes to bring Chinese shares in global markets,"{""FTSE Russell"": ""neutral""}",13
10487,"Prefer JK Tyre, Apollo Tyres among tyre names: Neeraj Deewan","{""JK Tyre"": ""positive"", ""Apollo Tyres"": ""positive""}",10
9151,10-yr bond yield stays down; Friday's debt sale watched,"{""10-yr bond"": ""negative""}",9
9652,"FIIs concerned about policy paralysis post elections: Anup Bagchi, ICICI Securities","{""ICICI Securities"": ""neutral""}",11
6895,"FDI hike in railways, defence to have limited impact on markets: Rajat Rajgarhia, Motilal Oswal Securities","{""railways"": ""neutral"", ""defence"": ""neutral"", ""Motilal Oswal Securities"": ""neutral""}",16
9219,Euro hits 9-month low vs dollar on German data,"{""Euro"": ""negative""}",9
8565,"Exporters expect black pepper to double to 70,000 tonne with bumper output in Karnataka","{""black pepper"": ""positive""}",14
7152,Recommend Lupin in pharmaceutical space: G Chokkalingam,"{""Lupin"": ""positive""}",7
964,Sandeep Batra may go back to ICICI Prudential Life Insurance,"{""ICICI Prudential Life Insurance"": ""neutral""}",10
6013,Dalal street plays smart as May 16 draws near,"{""Dalal street"": ""neutral""}",9
4883,"Bearish on United Phosphorous and Jain Irrigation: Seshadri Bharathan, KSEMA Fincon Ltd.","{""United Phosphorous"": ""positive"", ""Jain Irrigation"": ""positive"", ""KSEMA Fincon Ltd."": ""neutral""}",12
141,Expert's take: Rupee-dollar pair to test 45.30-45.50 levels,"{""Rupee"": ""neutral"", ""dollar"": ""neutral""}",8
9721,NHPC Q3 net profit drops about 17% to Rs 259.35 crore,"{""NHPC"": ""negative""}",11
8907,RIL shares fall 4.5% on earnings worries,"{""RIL"": ""negative""}",7
6937,Seafood exports up on better demand,"{""Seafood"": ""positive""}",6
6543,Lanco Infratech board to consider compulsory convertible debentures issuance next week,"{""Lanco Infratech"": ""neutral""}",11
5244,"Dealing room: Zee Entertainment; Coal India, Infosys, Glenmark","{""Zee Entertainment"": ""neutral"", ""Coal India"": ""neutral"", ""Infosys"": ""neutral"", ""Glenmark"": ""neutral""}",8
4432,"Kirloskar Oil Engines is still to make a comeback: Deepak Mohoni, trendwatchindia.com","{""Kirloskar Oil Engines"": ""negative"", ""trendwatchindia.com"": ""neutral""}",12
407,Euro remains steady ahead of ECB policy meeting,"{""Euro"": ""neutral""}",8
8213,Shree Cement January-March net profit up 26% to Rs 274 crore,"{""Shree Cement"": ""positive""}",11
9413,Court may soon appoint liquidator in NSEL case: Police officials,"{""NSEL"": ""negative""}",10
9284,"Nifty50 to face strong resistance at 8,000: Sandeep Wagle","{""Nifty50"": ""negative""}",9
8235,Taiwan stocks up slightly on caution ahead of key orders data,"{""Taiwan stocks"": ""positive""}",11
4400,Exercise caution while booking profits in sectors like metals: Networth Stock Broking,"{""metals"": ""negative"", ""Networth Stock Broking"": ""neutral""}",12
5253,Fitch Ratings affirms stable outlook rating to RIL,"{""RIL"": ""positive"", ""Fitch Ratings"": ""neutral""}",8
12,Wait and watch on Bharti Airtel: Vinay Khattar,"{""Bharti Airtel"": ""neutral""}",8
4761,"Add IT, pharma names to portfolio; Mastek, Aurobindo Pharma top bets: Daljeet Singh Kohli, IndiaNivesh","{""IT"": ""positive"", ""pharma"": ""positive"", ""Mastek"": ""positive"", ""Aurobindo Pharma"": ""positive"", ""IndiaNivesh"": ""neutral""}",15
1178,"Sebi to carry investor campaigns via mobile, Internet in FY 15","{""Sebi"": ""neutral""}",11
2864,NBCC IPO hits capital market to raise Rs 120 crore for government,"{""NBCC"": ""positive""}",12
6472,China stocks mixed as investors hold back before SH-HK connect launch,"{""China stocks"": ""neutral""}",11
6229,Adani Group to hit global bond mkt with $1.5-bn issue,"{""Adani Group"": ""neutral""}",10
2990,"Ideal time to get into FMCG companies: Gurunath Mudlapur, Atherstone Capital Markets Ltd","{""FMCG"": ""positive"", ""Atherstone Capital Markets Ltd"": ""neutral""}",13
7118,Its raining good news for turmeric producers,"{""turmeric"": ""positive""}",7
7011,Coal India shares rise almost 5%,"{""Coal India"": ""positive""}",6
10332,"China, Hong Kong shares slide as bank and casino stocks retreat","{""China"": ""negative"", ""Hong Kong shares"": ""negative"", ""bank"": ""negative"", ""casino stocks"": ""negative""}",11
8928,Titan Ltd falls after ending deposit schemes,"{""Titan Ltd"": ""negative""}",7
1441,Government will have to do a lot more to make new investors put money in equities and not gold,"{""equities"": ""neutral"", ""gold"": ""neutral""}",19
10482,PEs to buy into HIPL; Hero Honda down over 2%,"{""HIPL"": ""positive"", ""Hero Honda"": ""negative""}",10
2876,Persistent Net up 37 pc at Rs 57 cr; revenues rise 19%,"{""Persistent"": ""positive""}",12
9789,Voltas shares slump 6% as top brokerages downgrade on earnings concern,"{""Voltas"": ""negative""}",11
9463,HDIL Q4 net profit down 72% at Rs 31.89 crore,"{""HDIL"": ""negative""}",10
7233,CESC can give upto 20% returns: Sudip Bandyopadhyay,"{""CESC"": ""positive""}",8
3727,F&O: Nifty likely to face resistance at 5100 level,"{""Nifty"": ""negative""}",9
2773,Balasore Alloys FY11 consolidated net rose 115 pc to Rs 27 crore,"{""Balasore Alloys"": ""positive""}",12
455,Care reports flat net in Q3,"{""Care"": ""neutral""}",6
8190,Radico Khaitan Q4 net profit up 81% at Rs 17.4 crore,"{""Radico Khaitan"": ""positive""}",11
1368,Clarity on MAT holds the key; 5% downside can't be ruled out: Mayuresh Joshi,"{""MAT"": ""neutral""}",14
3713,EID Parry posts Rs 103.08 cr loss for Apr-Jun,"{""EID Parry"": ""negative""}",9
10595,"Tech, banks have potential to take Nifty to 9,000","{""Tech"": ""positive"", ""banks"": ""positive"", ""Nifty"": ""positive""}",9
1389,"MTNL planning to raise around Rs 2,300 crore by selling bonds with ten-year maturity","{""MTNL"": ""neutral""}",14
1001,The empire strikes back: Why gold will matter in 2014,"{""gold"": ""neutral""}",10
7762,"China stocks, after wild ride, reverse course and close higher","{""China stocks"": ""positive""}",10
3554,Brent falls below $109 as Libya restarts oilfield,"{""Brent"": ""negative""}",8
4115,"Won't look at textile space: Sajiv Dhawan, JV Capital Services","{""textile space"": ""negative"", ""JV Capital Services"": ""neutral""}",10
1668,Kewal's surplus cash leaves scope for expansion,"{""Kewal"": ""positive""}",7
3174,Gujarat Pipavav Port's expansion plans to make it a major container hub; stock likely to rise,"{""Gujarat Pipavav Port"": ""positive""}",16
10109,Goldman Sachs thinks oil prices could fall another 50% as the market spends another year sorting itself out,"{""oil"": ""negative"", ""Goldman Sachs"": ""neutral""}",18
489,GST is a brahmastra to kick-start GDP: Assocham,"{""Assocham"": ""neutral""}",8
3231,Emerging assets weaken after yuan devaluation,"{""yuan"": ""negative"", ""Emerging assets"": ""negative""}",6
3829,"Rupee drops 7 paise, trades at 58.54 Vs dollar","{""Rupee"": ""negative""}",9
9310,Return on equity bottoming but priced in: Credit Suisse,"{""Credit Suisse"": ""neutral""}",9
5209,Edelweiss maintains 'Hold' on RCom after GTL Infra deal,"{""RCom"": ""neutral"", ""Edelweiss"": ""neutral"", ""GTL Infra"": ""neutral""}",9
7849,IRB Infras subsidiary ties-up for Rs 831 cr debt;stk up,"{""IRB Infras"": ""positive""}",10
5705,Billionaire stake shakes Woolworths buyout of David Jones,"{""Woolworths"": ""neutral""}",8
10372,"SBI, Bank of Baroda allot shares to government for capital infusion","{""SBI"": ""neutral"", ""Bank of Baroda"": ""neutral""}",11
8134,Jyothy Labs looks interesting over a two-three year timeframe: IDBI Capital,"{""Jyothy Labs"": ""positive"", ""IDBI Capital"": ""neutral""}",11
704,Sebi board approves sharing KYC details with financial regulators,"{""Sebi"": ""neutral""}",9
5106,"ONGC, Oil India rise on new subsidy sharing proposal report","{""ONGC"": ""positive"", ""Oil India"": ""positive""}",10
9574,Unusual trades in December series Nifty options under Sebi lens,"{""Sebi"": ""neutral""}",10
3292,Four reasons Sensex tanked over 400 points intraday,"{""Sensex"": ""negative""}",8
8126,Investors can use intraday dips to buy into markets: Mitesh Thacker,"{""markets"": ""positive""}",11
10363,"NSE, BSE & MCX-SX to launch interest rate futures this month","{""NSE"": ""neutral"", ""BSE"": ""neutral"", ""MCX-SX"": ""neutral""}",11
10252,"Cox & Kings, Thomas Cook shares soar on slew of visa sops","{""Cox & Kings"": ""positive"", ""Thomas Cook"": ""positive""}",12
4910,"Policy sensitives stocks like cap goods, infra, power to outperform: Ashwani Gujral","{""cap goods"": ""positive"", ""infra"": ""positive"", ""power"": ""positive""}",12
4441,Max Life sees 5% fall in 9-month profit at Rs 308 crore,"{""Max Life"": ""negative""}",12
987,Sensex trading in a range; top 20 intraday trading ideas,"{""Sensex"": ""neutral""}",10
9939,August gold declines after rising to four-month high on lack of duty cut,"{""gold"": ""negative""}",13
9751,Sebi slaps Rs 42.50cr fine on 21 entities for fraudulent trade,"{""Sebi"": ""neutral""}",11
7706,"Zinc futures rise 0.29% on global cues, spot demand","{""Zinc"": ""positive""}",9
6258,Currency wars: Dollar vs yuan vs euro through the ages,"{""Dollar"": ""neutral"", ""yuan"": ""neutral"", ""euro"": ""neutral""}",10
6090,Maruti Q4 results: Here what to watch out for,"{""Maruti"": ""neutral""}",9
5239,"Broader markets, banking stocks gain post GDP numbers","{""banking stocks"": ""positive""}",8
1199,Wall Street struggles to comply with new US sanctions on Russia,"{""Wall Street"": ""neutral""}",11
9759,Sell Dr. Reddys with stop loss of Rs 3192: Mitesh Thacker,"{""Dr. Reddys"": ""negative""}",11
7520,HDFC Bank expected to report a robust 25-27% growth,"{""HDFC Bank"": ""positive""}",9
6813,"NCD returns may be higher, but do your homework before taking a call","{""NCD"": ""neutral""}",13
8321,Gilts reach highest premium to Bunds since 1997 as ECB QE starts,"{""Gilts"": ""positive""}",12
7176,Titan: Aggressive expansion plans to boost volumes,"{""Titan"": ""positive""}",7
4471,Rumour of split with Starbucks holding down Tata Global Beverages: Ambareesh Baliga,"{""Tata Global Beverages"": ""negative""}",12
892,Kasturi and Sons appoints Rajiv Lochan as MD & CEO,"{""Kasturi and Sons"": ""neutral""}",10
1970,"Electrolux Q1 profit tops forecast, stands by market outlook","{""Electrolux"": ""positive""}",9
5758,"February 25, 2014: Mecklai Financial report on rupee","{""Mecklai Financial"": ""neutral"", ""rupee"": ""neutral""}",8
6528,Infosys director Ann M Fudge wont seek reappointment after term expiry,"{""Infosys"": ""neutral""}",11
6295,H G Contractor takes over as new CFO of SBI,"{""SBI"": ""neutral""}",10
7596,No stock limits on commodities in regulated warehouses: FMC,"{""FMC"": ""neutral""}",9
3250,Unitech falls on wider-than-expected quarterly loss,"{""Unitech"": ""negative""}",6
6571,"OMCs rally on petrol price hike, but end day in red","{""OMCs"": ""neutral"", ""petrol"": ""neutral""}",11
6639,7080 mark to watch for Nifty traders on intraday basis: Mitesh Thacker,"{""Nifty"": ""neutral""}",12
7352,"Seasonal demand lifts sugar futures prices, up 1.11%","{""sugar"": ""positive""}",8
9870,"Novartis tanks 7%, hits 52-week low as SC denies cancer drug patent","{""Novartis"": ""negative""}",12
7474,Easing gold imports positive for jewellery companies: David Pezarkar,"{""gold"": ""positive""}",9
9907,Sell ZEE Entertainment Ltd with target price of Rs 255: Mitesh Thacker,"{""ZEE Entertainment Ltd"": ""negative""}",12
9856,Infosys may report sharp 11.3% drop in net profit for June quarter,"{""Infosys"": ""negative""}",12
1240,"Flash Boys, book on high-frequency trading, becomes the talk of Wall Street","{""Flash Boys"": ""neutral""}",12
2290,IDBI Bank gains on plan to sell stake in CARE,"{""IDBI Bank"": ""positive""}",10
2741,Whats brewing: Coffee exporter CCL Products looks strong after 155% rally,"{""CCL Products"": ""positive""}",11
8468,"Crucial support at 7,800 for Nifty50, bulls to take charge if it holds","{""Nifty50"": ""positive""}",13
4586,Moscow Exchange restricts trading in Sistema shares after they fall 27 per cent,"{""Sistema"": ""negative""}",13
1230,DCM Shriram Inds posts Rs 6.8 cr net profit for March quarter,"{""DCM Shriram Inds"": ""neutral""}",12
6981,Indraprastha Gas gains on government notification,"{""Indraprastha Gas"": ""positive""}",6
5179,"Pfizer, Wyeth merger to add more value to stocks","{""Pfizer"": ""positive"", ""Wyeth"": ""positive""}",9
4294,Reliance Industries shares end nearly 2 per cent lower post earnings,"{""Reliance Industries"": ""negative""}",11
1059,Dish TV makes first profit at Rs 35 crore in Q4,"{""Dish TV"": ""neutral""}",11
6263,Dollar holds firm as markets sniff risks of Fed hawkishness,"{""Dollar"": ""neutral"", ""Fed"": ""neutral""}",10
282,MCX CFO Hemant Vastani resigns,"{""MCX"": ""neutral""}",5
969,SBI to submit revised proposal on rights issue in June,"{""SBI"": ""neutral""}",10
3954,"Edelweiss says fiscal deficit, asset strain big worry for markets","{""Edelweiss"": ""neutral""}",10
1940,BSE to include Arvind Ltd in S&P BSE 200,"{""Arvind Ltd"": ""positive"", ""BSE"": ""neutral""}",9
9096,"Regulatory, tax pressures likely to hit ITC volumes","{""ITC"": ""negative""}",8
1275,Rallis is another one which has started to move today: Jagdish Malkani,"{""Rallis"": ""neutral""}",12
620,"March series may expire at 6,600-6,650: Vishal Kshatriya, Edelweiss","{""Edelweiss"": ""neutral""}",9
9143,"Wipro: Growth could be weak in FY15, too","{""Wipro"": ""negative""}",8
1743,Delisting buzz fuels Gillette stock surge,"{""Gillette"": ""positive""}",6
1391,"Pricing will do the trick for Coal India IPO: Avinash Gorakshekar, Anagram Capital Ltd","{""Coal India"": ""neutral"", ""Anagram Capital Ltd"": ""neutral""}",14
2204,Ceat shares up over 4% after workers call off strike,"{""Ceat shares"": ""positive""}",10
3569,Base metals remain weak on global cues,"{""Base metals"": ""negative""}",7
6117,"NSEL follows govt diktat, modifies contracts as per law","{""NSEL"": ""neutral""}",9
10722,"WhatsApp, BBM, FB chat under Sebi lens","{""WhatsApp"": ""negative"", ""BBM"": ""negative"", ""FB"": ""negative"", ""Sebi"": ""neutral""}",7
6053,HUL: Soaps business holds the key to co's prospects,"{""HUL"": ""neutral""}",9
3179,"Jet-Etihad deal: Downside risk to aviation sector is ruled out, says Mayuresh Joshi of Angel Broking","{""aviation sector"": ""positive"", ""Jet"": ""positive"", ""Etihad"": ""positive"", ""Angel Broking"": ""neutral""}",16
3193,"Great Eastern net profit up 10.5% to Rs 180.9 crore in Q1, total revenue at Rs 807.02","{""Great Eastern"": ""positive""}",17
6100,Motilal Oswal PE seeks tax exemption for fund investors,"{""Motilal Oswal PE"": ""neutral""}",9
7030,Argentina makes $1 billion bond payment,"{""Argentina"": ""positive""}",6
576,Gopal Vittal to be managing director at Bharti Airtel,"{""Bharti Airtel"": ""neutral""}",9
6657,City Union Bank to raise up to Rs 350 cr from QIP,"{""City Union Bank"": ""neutral""}",12
7116,IRFC raises $500 million via offshore bonds,"{""IRFC"": ""positive"", ""offshore bonds"": ""neutral""}",7
9478,International Energy Agency sees bear oil market as stocks balloon,"{""oil market"": ""negative"", ""International Energy Agency"": ""neutral""}",10
6277,FMC asks NSEL to file recovery suits against all defaulters,"{""NSEL"": ""neutral""}",10
9670,Greaves Cotton reports net loss of Rs 7.98 crore in Q2,"{""Greaves Cotton"": ""negative""}",11
5898,Sebi mulls mandatory 'Dividend Policy' for listed companies,"{""Sebi"": ""neutral""}",8
5725,China yuan flat after c.bank slightly softens guidance,"{""China yuan"": ""neutral"", ""c.bank"": ""neutral""}",8
270,"January 15, 2014: Mecklai Financial report on rupee","{""Mecklai Financial"": ""neutral""}",8
630,Muthoot Fincorp announces its first public issue of NCDs,"{""Muthoot Fincorp"": ""neutral""}",9
3082,Escorts posts 77 pc jump in Q2 net profit; to set up new plant,"{""Escorts"": ""positive""}",14
3467,European stocks diverge as markets track Ukraine,"{""European stocks"": ""negative""}",7
6431,What happening in the oil market right now is 'unprecedented',"{""oil"": ""neutral""}",10
10019,Yen sinks to 7-year low after Bank of Japan tricks and treats investors,"{""Yen"": ""negative""}",13
7063,China's yuan edges up on PBOC guidance,"{""yuan"": ""positive""}",7
10462,It's sonorous! Metals fall on China jitters; Vedanta dives 10%,"{""Metals"": ""negative"", ""Vedanta"": ""negative""}",10
5544,Gold-linked money pooling schemes under Sebi scanner,"{""Gold"": ""neutral"", ""Sebi"": ""neutral""}",7
4357,Wockhardt slips over 4% after company reports 93% drop in profit,"{""Wockhardt"": ""negative""}",11
2114,Shire helps keep FTSE 100 afloat on bid speculation,"{""Shire"": ""positive""}",9
8220,Sobha Developers Q1 PAT seen up 48% at Rs 46 cr,"{""Sobha Developers"": ""positive""}",11
3217,Gold at three-week high on Ukraine,"{""Gold"": ""positive""}",6
3815,"PSUs languishing in valuations, but offer pockets of hope","{""PSUs"": ""negative""}",9
8322,Glenmark Q1 net profit up 3.29 per cent at Rs 190 crore,"{""Glenmark"": ""positive""}",12
9240,ICI India net decline over 80 pc in Q3,"{""ICI India"": ""negative""}",9
2279,Higher FPI limit to help Maruti drive into MSCI India,"{""Maruti"": ""positive"", ""MSCI India"": ""neutral""}",10
4600,Rejection of merger by minorities may drive 40% upside in Cairn India: CLSA,"{""Cairn India"": ""positive"", ""CLSA"": ""neutral""}",13
14,MSCI adds Aurobindo Pharma to India index,"{""Aurobindo Pharma"": ""positive"", ""MSCI"": ""neutral"", ""India index"": ""neutral""}",7
9928,Zydus Wellness Q1 net down 25 per cent at Rs 17 crore,"{""Zydus Wellness"": ""negative""}",12
1526,Sintex looks good: Hemen Kapadia,"{""Sintex"": ""positive""}",5
2366,OMCs brave market volatility;surge to 52-week high on positive outlook,"{""OMCs"": ""positive""}",10
4649,Nestle net drops 60%; to resume Maggi noodles sales after second round of tests,"{""Nestle"": ""negative""}",14
375,"GMR, investors rework their investment in GEL","{""GMR"": ""neutral"", ""GEL"": ""neutral""}",7
9162,Asian shares slip as China concerns trump US optimism,"{""Asian shares"": ""negative""}",9
6478,"Commodities is a tricky call: Dhiraj Agarwal, Standard Chartered Capital Markets","{""Commodities"": ""neutral"", ""Standard Chartered Capital Markets"": ""neutral""}",11
526,Arbitrageurs building positions in natural gas counter on MCX,"{""MCX"": ""neutral""}",9
6896,"Government to sell 5 per cent stake in Bhel to LIC; may get Rs 2,046 crore","{""Bhel"": ""neutral"", ""LIC"": ""neutral""}",16
3592,Aluminium futures down on overseas trend,"{""Aluminium futures"": ""negative""}",6
7905,Nectar Life Q4 up 19.53 pc to Rs 31.82 cr,"{""Nectar Life"": ""positive""}",10
2959,"Break above 8,060 on Nifty may trigger 100-point rally on index: Mitesh Thacker","{""Nifty"": ""positive""}",13
530,"Asia stocks muted as China data, Wall St weighed","{""Asia stocks"": ""neutral""}",9
3715,"Entire midcap IT sector would underperform: Hemang Jani, Sharekhan","{""midcap IT sector"": ""negative""}",9
4733,"Vote on Account 2014: Bet on sectors like IT, pharma, capital goods and infrastructure to make money","{""IT"": ""positive"", ""pharma"": ""positive"", ""capital goods"": ""positive"", ""infrastructure"": ""positive""}",17
1395,"Rupee will hold to 62, do not see a depriciation from here: Manoj Rane","{""Rupee"": ""neutral""}",14
5632,Sebi notifies one-time registration system for brokers,"{""Sebi"": ""neutral""}",7
6564,Nokia India appoints V Sembian as new head of Chennai factory,"{""Nokia India"": ""neutral""}",11
4704,Vote on account 2014: Jewellery stocks plunge upto 11% as FM disappoints with no duty cut on gold,"{""Jewellery stocks"": ""negative""}",18
1713,"Hero MotoCorp forms subsidiary in Columbia, stock gains","{""Hero MotoCorp"": ""positive""}",8
10491,"S&P, Markit finalists for $1 billion-plus Barclays index unit: Sources","{""S&P"": ""positive"", ""Markit"": ""positive"", ""Barclays"": ""neutral""}",10
956,Raghuram Rajan wins in Sydney but Indian markets don't care,"{""Indian markets"": ""neutral""}",10
6676,Expect markets to be range bound in the near term: Mitesh Thacker,"{""markets"": ""neutral""}",12
3454,Global markets feel winter chill as uncertainties rise,"{""Global markets"": ""negative""}",8
8596,"With auto sales gaining pace, brokers say auto ancillaries can give over 20% returns","{""auto ancillaries"": ""positive""}",14
2072,PIL expands capacity to take advantage of growing demand,"{""PIL"": ""positive""}",9
10475,"Nifty, Sensex start on a cautious note; Infosys, TCS up","{""Infosys"": ""positive"", ""TCS"": ""positive"", ""Nifty"": ""negative"", ""Sensex"": ""negative""}",10
159,Reckitt Benckiser names Nitish Kapoor as India MD,"{""Reckitt Benckiser"": ""neutral""}",8
7006,Copper rises 0.22% on spot demand,"{""Copper"": ""positive""}",6
9095,Reforms unlikely to impact Coal India; stock down,"{""Coal India"": ""negative""}",8
353,Rajnikant Patel tipped to become ICEX CEO,"{""ICEX"": ""neutral""}",7
6079,Lodha Developers Pvt to raise $1 billion via IPO,"{""Lodha Developers"": ""neutral""}",9
6237,Bosch Ltd posts Q2 net profit of Rs 305 crore,"{""Bosch Ltd"": ""neutral""}",10
8947,Allahabad Bank may sell stake in insurance company,"{""insurance company"": ""negative"", ""Allahabad Bank"": ""neutral""}",8
2921,"Sun Pharma-Ranbaxy deal clears a big hurdle, secures NSE & BSE nod","{""Sun Pharma"": ""positive"", ""Ranbaxy"": ""positive"", ""NSE"": ""neutral"", ""BSE"": ""neutral""}",12
8504,Mid-caps to outperform large-caps in 2H15; top five stocks to bet on: HSBC,"{""Mid-caps"": ""positive"", ""large-caps"": ""neutral"", ""HSBC"": ""neutral""}",13
4645,Media form DB Corp's Q4 net profit falls about 16% to Rs 64 crore,"{""DB Corp"": ""negative""}",14
662,P Padmanabhan takes charge as MD Numaligarh Refinery Ltd,"{""Numaligarh Refinery Ltd"": ""neutral""}",9
7058,Castor seed future up on fresh buying,"{""Castor seed"": ""positive""}",7
3666,Brazil's leftover coffee sales may send ICE Futures lower,"{""ICE Futures"": ""negative""}",9
7980,Sundaram Finance Q1 Net jumps 22.3% to Rs 115.99 crore,"{""Sundaram Finance"": ""positive""}",10
307,Five things to know about KYC Registration Agency,"{""KYC Registration Agency"": ""neutral""}",8
4791,Solid stocks support Asia FX; won up after South Korea inflation at 11-month high,"{""won"": ""negative"", ""Asia FX"": ""negative""}",14
2357,Nickel moves up in futures trade on rising spot demand,"{""Nickel"": ""positive""}",10
1928,Berger Paints Q2 up 33% at Rs 89 crore,"{""Berger Paints"": ""positive""}",9
10041,Feels like 1986: Oil on track for longest weekly losing streak in 29 years,"{""Oil"": ""negative""}",14
3428,HCL Technologies plunges nearly 9% post Q1 results,"{""HCL Technologies"": ""negative""}",8
8942,World stocks slide as China manufacturing shrinks,"{""World stocks"": ""negative"", ""China manufacturing"": ""negative""}",7
3639,Appreciating rupee responsible for CNX IT downfall: Pankaj Pandey,"{""rupee"": ""positive"", ""CNX IT"": ""negative""}",9
1267,"November F&O expiry seen between 6050 and 6100: Vishal Kshatriya, Edelweiss Financial","{""Edelweiss Financial"": ""neutral""}",12
1561,RINL gets Sebi nod for IPO,"{""RINL"": ""positive"", ""Sebi"": ""neutral""}",6
7180,"Twitter Q2 results soar, stock flies high","{""Twitter"": ""positive"", ""stock"": ""positive""}",7
4110,"Wall Street ends down as energy shares decline, offset ECB","{""Wall Street"": ""negative"", ""energy"": ""negative""}",10
7868,"Kotak Mahindra Bank can be bought: Ashwani Gujral, Market Strategist","{""Kotak Mahindra Bank"": ""positive""}",10
4905,OMCs & aviation to get boost from crude's price performance: Networth Broking,"{""OMCs"": ""positive"", ""aviation"": ""positive"", ""Networth Broking"": ""neutral""}",12
7295,Marico Q2 up 12% to Rs 118 cr,"{""Marico"": ""positive""}",8
515,Markets may move in 8000-8200 range,"{""Markets"": ""neutral""}",6
895,KPMG appoints Samik Nandi as Partner of ERP Adivisory practice,"{""KPMG"": ""neutral""}",10
8602,"At Mahindra Holidays, a healthy view of future on cheaper stock valuation, better business prospects","{""Mahindra Holidays"": ""positive""}",15
22,Gur closes quiet on some support,"{""Gur"": ""neutral""}",6
900,Markets are loving the no vote in the Scottish referendum,"{""Markets"": ""positive""}",10
208,"Options suggest range of 8,000-8,300 for NSE","{""NSE"": ""neutral""}",7
459,Muhurat trading at BSE and NSE on Diwali,"{""BSE"": ""neutral"", ""NSE"": ""neutral""}",8
2431,Shriram Transport Finance net up 7% to Rs 366 cr,"{""Shriram Transport Finance"": ""positive""}",10
8443,"Wonderla Holidays debuts on bourses, IPO looks a good bet, say brokerages","{""Wonderla Holidays"": ""positive""}",12
3390,Lupin Q4 results misses Street estimates; stock declines,"{""Lupin"": ""negative""}",8
3912,Blue Star Q4 net profit down at Rs 56.85 crore,"{""Blue Star"": ""negative""}",10
5384,Steel prices steady in flat trade,"{""Steel"": ""neutral""}",6
8908,Russian shares down after Malaysian airliner crash,"{""Russian shares"": ""negative"", ""Malaysian airliner"": ""neutral""}",7
553,Create framework to fight cyber attacks on markets: Sebi,"{""Sebi"": ""neutral""}",9
3145,"Mid tier IT stocks attractive from a 2-3 year period: Arindam Ghosh, Blackridge Capital Advisors","{""Mid tier IT stocks"": ""positive"", ""Blackridge Capital Advisors"": ""neutral""}",15
6918,Spot demand lifts zinc futures,"{""zinc"": ""positive""}",5
2057,"Nifty resumes uptrend; ends above 6,150 on global cues","{""Nifty"": ""positive""}",9
1926,Banks outpace flat UK FTSE after RBS bumper results,"{""Banks"": ""positive"", ""UK FTSE"": ""neutral""}",9
635,"NHAI tax-free bond closes tomorrow, grab a share now","{""NHAI"": ""neutral""}",9
6083,Maintain limited investment in real estate stocks: Neeraj Deewan,"{""real estate stocks"": ""neutral""}",9
8509,"NBFC have gone little euphoric before the budget: Deven Choksey, KR Choksey Securities","{""NBFC"": ""positive"", ""KR Choksey Securities"": ""neutral""}",13
9975,Kingfisher Airlines shares tank 5 pc on buzz CEO Sanjay Aggarwal has quit,"{""Kingfisher Airlines"": ""negative""}",13
10412,"Markets on shaky ground: Fundamental road ahead for Sensex, Nifty","{""Sensex"": ""neutral"", ""Nifty"": ""neutral""}",10
8620,"Genpact ups sales forecast from 13% to 25%, beats street with sales of $336 mn","{""Genpact"": ""positive""}",15
9245,Investors dump higher oil bets as prices fall: IntercontinentalExchange,"{""oil"": ""negative"", ""IntercontinentalExchange"": ""neutral""}",9
106,Sebi considers proposal on cross-currency futures pairs,"{""Sebi"": ""neutral""}",7
3042,"Raised Infosys' weightage in portfolios post Q2 numbers: Sachin Shah, Emkay Investment Managers","{""Infosys"": ""positive"", ""Emkay Investment Managers"": ""neutral""}",13
1710,"Hind Sanitaryware not so fragile now, improving fortunes","{""Hind Sanitaryware"": ""positive""}",8
90,SGX's India office to woo fund raising corporations,"{""SGX"": ""neutral""}",8
7015,Cement companies rally on Holcim-Lafarge merger,"{""Cement companies"": ""positive"", ""Holcim-Lafarge"": ""neutral""}",6
3175,"Household sectors will be market outperformers in quarters to come: Sandeep Shenoy, Anand Rathi Financial Services","{""Anand Rathi Financial Services"": ""neutral""}",16
918,NCDEX to bring in differential transaction charges from February 19,"{""NCDEX"": ""neutral""}",10
7834,Hold HCL Tech and other IT stocks:  G Chokkalingam,"{""HCL Tech"": ""neutral"", ""IT stocks"": ""neutral""}",10
6733,"RBI net buyer of dollars in December, purchases over $ 5 billion","{""RBI"": ""neutral"", ""dollars"": ""neutral""}",12
1950,Cooling division making Voltas a hot pick: Hemindra Hazari,"{""Voltas"": ""positive""}",9
6369,NSE to launch physical subscription on web-based mutual fund platform,"{""NSE"": ""neutral"", ""mutual fund"": ""neutral""}",10
2,MMTC Q2 net loss at Rs 10.4 crore,"{""MMTC"": ""neutral""}",8
8033,"Bhusan Steel surges 14% as asset sale fetches Rs 3,000 crore","{""Bhusan Steel"": ""positive""}",11
6048,Hindalco Industries promotes Satish Pai as deputy managing director,"{""Hindalco Industries"": ""neutral""}",9
9128,Telecos under pressure as S&P raises debt concerns,"{""Telecos"": ""negative"", ""S&P"": ""neutral""}",8
9913,Sun Pharma tanks nearly 9% in two sessions on USFDA import alert,"{""Sun Pharma"": ""negative""}",12
2721,Tokyo shares inch higher at close after two days of losses,"{""Tokyo shares"": ""positive""}",11
8784,Economic growth worries hit emerging stocks,"{""emerging stocks"": ""negative""}",6
10552,"Gold, silver extend losses on global cues, sluggish demand","{""Gold"": ""negative"", ""silver"": ""negative""}",9
3118,"Technical check: Yes Bank on track to hit levels of 1000, says Reliance Securities","{""Yes Bank"": ""positive"", ""Reliance Securities"": ""neutral""}",14
10185,"Monetisation of telecom, retail investments holds the key; see RIL @ 1,200: Jaideep Goswami","{""RIL"": ""positive""}",14
3763,Iron ore eyes longest weekly losing streak since 2012,"{""Iron ore"": ""negative""}",9
214,Nifty will revisit 7930-7940 levels: Mitesh Thacker,"{""Nifty"": ""neutral""}",7
779,Why Hemang Jani is not bullish on banking stocks,"{""banking stocks"": ""neutral""}",9
3497,DB Realty defers announcement of financial results,"{""DB Realty"": ""negative""}",7
10470,"Maruti, Strides, Coffee Day among buy ideas of top brokerages","{""Maruti"": ""positive"", ""Strides"": ""positive"", ""Coffee Day"": ""positive""}",10
2044,"Manufacturers, logistic companies set to gain from GST implementation","{""Manufacturers"": ""positive"", ""logistic companies"": ""positive""}",9
8921,Soyabean oil edges up on retailers demand,"{""Soyabean oil"": ""negative""}",7
5421,Mindtree co-founder Janakiraman Srinivasan quits,"{""Mindtree"": ""neutral""}",5
6155,"Same time next year, Sensex may be at 29,000","{""Sensex"": ""neutral""}",9
8358,LIC Housing Q2 Net rises 10 per cent at Rs 341 crore,"{""LIC Housing"": ""positive""}",12
9371,10-year bond yield eases tracking fall in global oil prices,"{""10-year bond"": ""negative"", ""oil"": ""negative""}",10
8466,Crompton Greaves extends rally on stake sale reports; up over 20% since February,"{""Crompton Greaves"": ""positive""}",13
4168,Commodity exchanges turnover drops by 39% till Feb 15 in FY'14,"{""Commodity exchanges"": ""negative""}",11
3789,"Nifty turns choppy after hitting 7,700; top 20 bets","{""Nifty"": ""negative""}",9
8587,Shriram City seeks Sebi nod to raise up to Rs 200 cr via NCDs,"{""Shriram City"": ""positive"", ""Sebi"": ""neutral""}",14
584,"Healing process continues, investors need to be patient: CLSA","{""CLSA"": ""neutral""}",9
10657,"Gold, silver hit multi-year low on fading luster","{""Gold"": ""negative"", ""silver"": ""negative""}",8
10739,Sterling hits three-week high against weaker dollar,"{""Sterling"": ""positive"", ""dollar"": ""negative""}",7
117,Sebi directs banks to defreeze accounts of Somanis,"{""Sebi"": ""neutral""}",8
6645,Big ticket market debuts like Coffee Day Enterprises mask thin IPO pipeline,"{""Coffee Day Enterprises"": ""neutral""}",12
10593,"Silver bounces back on global cues, gold also gains","{""Silver"": ""positive"", ""gold"": ""positive""}",9
10699,Wall Street mixed as Apple weighs on Nasdaq,"{""Wall Street"": ""neutral"", ""Apple"": ""neutral"", ""Nasdaq"": ""neutral""}",8
9644,"Euro slides to 3-month low on German data, EU election uncertainty","{""Euro"": ""negative""}",11
8713,Soaring PSU shares spark pricing worry,"{""PSU"": ""negative""}",6
1764,Stabilising oil lifts European shares and bond yields,"{""European shares"": ""positive"", ""oil"": ""positive""}",8
1876,RPP Infra Projects gets Sebi' nod for IPO,"{""RPP Infra Projects"": ""positive""}",8
3225,British pound slips against buoyant Fed-boosted dollar,"{""dollar"": ""positive"", ""British pound"": ""negative""}",7
527,"Arcil to pick stake in Spic, come on board","{""Spic"": ""neutral""}",9
7726,Atul Ltd Q1 Net up 8% at Rs 40.45 crore,"{""Atul Ltd"": ""positive""}",10
2947,Adani Enterprises surges 13%; experts say surge in group stocks likely to continue,"{""Adani Enterprises"": ""positive""}",13
4474,"Sebi slaps Rs 1 crore fine on Falcon, chairman Pawan Kumar Ruia","{""Falcon"": ""negative"", ""Sebi"": ""neutral""}",12
5656,Three in fray for MCX-SX top post,"{""MCX-SX"": ""neutral""}",7
8885,No sustainable competitive advantage in airline industry',"{""airline industry"": ""negative""}",7
6060,In-charges of Rourkela Steel Plant awarded for exemplary work,"{""Rourkela Steel Plant"": ""neutral""}",9
960,"Reliance Industries to stay in 800-950 range, says Jagdish Malkani","{""Reliance Industries"": ""neutral""}",10
6343,MF revival will be top on new SEBI chief's list,"{""SEBI"": ""neutral""}",10
3634,"3 Sebi staff being probed in bribery, other cases","{""Sebi"": ""negative""}",9
1051,Corporation Bank to raise Rs 500 crore from Tier I bonds,"{""Corporation Bank"": ""neutral""}",11
8783,Deepening bond rout rattles world markets,"{""world markets"": ""negative""}",6
8712,Pyramid Saimira reports Rs 5.20-cr loss,"{""Pyramid Saimira"": ""negative""}",6
3381,Trend in markets to be choppy: Ashwani Gujral,"{""markets"": ""negative""}",8
3677,Cardamom futures decline 0.71 per cent  on profit-booking,"{""Cardamom futures"": ""negative""}",9
5777,HAL's Made-in-India combat chopper to test its firepower,"{""HAL"": ""neutral""}",8
9734,PNB Q2 net profit down 52%; shares come under selling pressure,"{""PNB"": ""negative""}",11
6574,Policy push likely to stabilise rupee in 60-61 band: Prateek Agarwal,"{""rupee"": ""neutral""}",11
5180,Positive on Glenmark Pharma and Ipca Laboratories: Avinash Gorakshekar,"{""Glenmark Pharma"": ""positive"", ""Ipca Laboratories"": ""positive""}",9
1608,Nirma a buy in 220-230 range: Devang Visaria,"{""Nirma"": ""positive""}",8
3611,10-year bond yield off 13-month low on profit-booking,"{""10-year bond"": ""negative""}",8
10494,"Sensex ends the day below 26,000; TCS, RIL big losers","{""Sensex"": ""negative"", ""TCS"": ""negative"", ""RIL"": ""negative""}",10
6636,Cushman and Wakefield appoints PR Srinivas as director of hospitality service,"{""Cushman and Wakefield"": ""neutral""}",11
10751,Rupee slips against US dollar,"{""Rupee"": ""negative"", ""US dollar"": ""neutral""}",5
792,Acropetal's Rs 170-cr IPO to hit market on Feb 21,"{""Acropetal"": ""neutral""}",10
8985,"Confused on Budget, Sensex ends 72 points down","{""Sensex"": ""negative""}",8
3057,Street @ new peak: Opto Circuits surges over 8%; top 20 stock bets,"{""Opto Circuits"": ""positive""}",13
1981,Festive seasonal buying pushes up sugar futures by 1.59%,"{""sugar futures"": ""positive""}",9
3599,Airline stocks fall as crude prices surge,"{""Airline stocks"": ""negative""}",7
934,"NSE moves court, seeks more time to reply to CCI","{""NSE"": ""neutral"", ""CCI"": ""neutral""}",10
7425,Bayer CropScience shares hit 52-week high on buyback plans,"{""Bayer CropScience"": ""positive""}",9
5627,Sadbhav Infrastructure IPO subscribed by 2.24 times,"{""Sadbhav Infrastructure"": ""neutral""}",7
1683,Right time to buy IT stocks: Ashwani Gujral,"{""IT stocks"": ""positive""}",8
4180,Deccan Chronicle Holdings Q3 net profit down at Rs 35.18 cr,"{""Deccan Chronicle Holdings"": ""negative""}",11
6447,"Adopt bottom-up approach to investing, says Prakash Diwan on banking stocks","{""banking stocks"": ""neutral""}",11
4117,Yellow Fever: Up to 15-tonne gold gone in three days,"{""gold"": ""negative""}",10
989,Shanghai Gold Exchange to launch international board on September 29,"{""Shanghai Gold Exchange"": ""neutral""}",10
2897,Sasken shares up 20% as it wins $31.7 million in arbitration case,"{""Sasken"": ""positive""}",12
3779,Meltdown in China has metal stocks sinking in India,"{""metal stocks"": ""negative""}",9
5659,TVM Capital appoints Sudhir Bahl as Director-India,"{""TVM Capital"": ""neutral""}",7
3094,"IndusInd Bank presents an interesting entry opportunity for new investors: Phani Sekhar, Angel Broking","{""IndusInd Bank"": ""positive"", ""Angel Broking"": ""neutral""}",14
3156,"Relaxo more attractive than Bata: Amit Khurana, Co-Head Equites & Head of Research, Dolat Capital","{""Relaxo"": ""positive"", ""Bata"": ""neutral"", ""Dolat Capital"": ""neutral""}",15
1824,Castorseed futures up on short-covering,"{""Castorseed futures"": ""positive""}",5
10354,"Mining and manufacturing behind disappointing GDP data: Ajay Bodke, Prabhudas Lilladher","{""Mining"": ""negative"", ""manufacturing"": ""negative""}",11
1099,ICICI Banks K Ramkumar moves from HR to head CSR division,"{""ICICI Bank"": ""neutral""}",11
2845,Karnataka Bank net profit during October-December up 33% at Rs 106 crore,"{""Karnataka Bank"": ""positive""}",12
9079,Oil prices slide in poor start to week,"{""Oil"": ""negative""}",8
3343,Bearish on NTPC: Avinnash Gorakssakar,"{""NTPC"": ""negative""}",5
39,Ten key takeaways from Wipro Q1 results,"{""Wipro"": ""neutral""}",7
6541,Key thing for OMCs is the subsidy sharing pattern: India Infoline,"{""OMC"": ""neutral"", ""India Infoline"": ""neutral""}",11
10059,Sensex under pressure a day ahead of June F&O expiry; top 20 trading bets,"{""Sensex"": ""negative""}",14
8708,Valuation of Religare-Invesco deal not expensive,"{""Religare-Invesco"": ""negative""}",6
3357,Nestle's brand damage could be temporary,"{""Nestle"": ""negative""}",6
7814,Genpact Q1 net up 8.3 per cent at $50.6 million,"{""Genpact"": ""positive""}",10
9099,"Rupiah extends losses, hits lowest since August 1998","{""Rupiah"": ""negative""}",8
8221,Sobha Developers: A realty counter that may give over 45% returns,"{""Sobha Developers"": ""positive""}",11
9930,Abbott India Q2 net profit down 3 per cent at Rs 61.70 crore,"{""Abbott India"": ""negative""}",13
2429,"Sensex conquers 27,000; over 300 stocks hit fresh 52-week high","{""Sensex"": ""positive""}",10
5044,"Asia stocks dip on Dow drop, China data cuts loss","{""Asia stocks"": ""negative"", ""Dow"": ""negative""}",10
5347,"Yemen Turmoil Boosts Gold, Precious Metals","{""Gold"": ""positive"", ""Precious Metals"": ""positive""}",6
8955,Avoid Jubilant foodworks in near future: Gaurav Mehta,"{""Jubilant foodworks"": ""negative""}",8
4812,Next few months might be a struggle for HDFC and banking sector: Sajiv Dhawan,"{""HDFC"": ""negative"", ""banking sector"": ""negative""}",14
8477,"FY16 likely to bring cheer to India Inc, push Sensex to record high","{""India Inc"": ""positive"", ""Sensex"": ""positive""}",13
687,Reliance will participate in a bigger way: Kunj Bansal,"{""Reliance"": ""neutral""}",9
4800,ENIL and HT Media rally as companies spend most in FM radio phase-3 auctions,"{""ENIL"": ""positive"", ""HT Media"": ""positive""}",14
7438,Cadila Healthare shares surge nearly 6% on smart earnings,"{""Cadila Healthare"": ""positive""}",9
2354,Mundra Port FY11 net up 35.82% at Rs 918.14 cr,"{""Mundra Port"": ""positive""}",10
6354,Nifty can move beyond 7000 only post elections: Arvind Sanger,"{""Nifty"": ""neutral""}",10
4570,"Hit by another high profile exit; Infosys drops 7%, slips below Rs 3,000","{""Infosys"": ""negative""}",13
8214,"Singapore dollar near 1-month high after easing, GDP; Asia FX up","{""Singapore dollar"": ""positive"", ""Asia FX"": ""positive""}",11
2753,Aarti Industries Q1 net up 39 per cent at Rs 25 crore,"{""Aarti Industries"": ""positive""}",12
9078,"Oil prices fall, stumbling emerging markets dent outlook","{""Oil"": ""negative""}",8
8074,EIL shares surge over 6% as board to mull interim dividend,"{""EIL"": ""positive""}",11
9110,Shoppers Stop net profit falls 53% in Q4,"{""Shoppers Stop"": ""negative""}",8
1041,Can Nifty hold 6200 levels next week? Top five trading bets,"{""Nifty"": ""neutral""}",11
7492,F&OTracker: Nifty likely to get support in 6200 zone,"{""Nifty"": ""positive""}",9
1266,"Not just MNCs, local cash-rich pharma companies also take to deal street","{""MNCs"": ""neutral"", ""pharma companies"": ""neutral""}",12
9969,ICICI Bank Q2 PAT grows 15.1% YoY; stock slips on asset quality concerns,"{""ICICI Bank"": ""negative""}",13
7060,Cement may attract some buying: Deepak Mohoni,"{""Cement"": ""positive""}",7
278,"September 1, 2014: Mecklai Financial report on Rupee","{""Mecklai Financial"": ""neutral""}",8
5085,"Gloomy French data hits European stocks, Iraq keeps oil high","{""oil"": ""positive"", ""European stocks"": ""negative""}",10
2383,Pfizer Q2 net profit up 33% at Rs 69.59 crore,"{""Pfizer"": ""positive""}",10
572,Gammon India to issue Rs 100-crore debentures to promoters,"{""Gammon India"": ""neutral""}",9
1436,"Consumption space would be largely favoured with the roll out of GST : Deven Choksey, KR Choksey Securities","{""KR Choksey Securities"": ""neutral""}",18
5353,"Copper, nickel up on global cues","{""Copper"": ""positive"", ""nickel"": ""positive""}",6
5446,Hong Kong stocks flat by lunch,"{""Hong Kong stocks"": ""neutral""}",6
1008,"UTI MF appoints Kaeley as group president, sales & marketing","{""UTI MF"": ""neutral""}",10
4544,Can't pay Rs 580 crore due to financial crunch: DLF to Supreme Court,"{""DLF"": ""negative""}",13
9492,Lack of clarity on raw sugar exports vexes mill owners,"{""raw sugar"": ""negative""}",10
2065,Onmobile Global jumps 57 per cent in three sessions,"{""Onmobile Global"": ""positive""}",9
1137,Mumbai HC to hear govt's case against FTIL board on Wednesday,"{""FTIL"": ""neutral""}",11
5344,"UK FTSE slips back, Hargreaves Lansdown tumbles","{""UK FTSE"": ""negative"", ""Hargreaves Lansdown"": ""negative""}",7
295,Manappuram Finance launches another public issue,"{""Manappuram Finance"": ""neutral""}",6
8781,10-year bond falls on liquidity woes,"{""10-year bond"": ""negative""}",6
2404,Rail-linked stocks surge up to 20% on Narendra Modi effect,"{""Rail-linked stocks"": ""positive""}",10
3999,IFCI tanks as Sebi approves government's stake hike to 55.57%,"{""IFCI"": ""negative"", ""Sebi"": ""neutral""}",10
3742,Guargum futures decline over 2% on weak spot cues,"{""Guargum futures"": ""negative""}",9
9925,"Won leads Asia FX slide as volatile China stocks, Greece hit sentiment","{""Won"": ""negative"", ""Asia FX"": ""negative""}",12
2720,"There are trading opportunities for REC and PFC: Hemang Jani, Sharekhan","{""REC"": ""positive"", ""PFC"": ""positive"", ""Sharekhan"": ""neutral""}",11
9901,Sell NMDC Ltd with a stop loss of Rs 153: Ashwani Gujral,"{""NMDC Ltd"": ""negative""}",12
5151,"BPCL, IOC, HPCL pare intraday gains after morning rally","{""BPCL"": ""neutral"", ""IOC"": ""neutral"", ""HPCL"": ""neutral""}",9
2809,"Force Motors almost doubles in two weeks on earnings, likely new orders","{""Force Motors"": ""positive""}",12
9018,FTSE hit by falls at banks and miners,"{""FTSE"": ""negative"", ""banks"": ""negative"", ""miners"": ""negative""}",8
557,DLF asked to give fund-requirement plans for interim relief,"{""DLF"": ""neutral""}",9
9608,Barclays expects gold prices to struggle as Fed plans rate hike,"{""gold"": ""negative"", ""Barclays"": ""neutral""}",11
4796,"Commodity stocks like Hindalco, Nalco will remain under pressure in near term: Vijay Bhambwani","{""Hindalco"": ""negative"", ""Nalco"": ""negative""}",14
2470,Videocon Industries jumps over 10 per cent on fund-raising plan,"{""Videocon Industries"": ""positive""}",10
3739,Google shares tumbles 2.3 per cent as profit dips,"{""Google"": ""negative""}",9
4287,Ranbaxy plunges 20% as USFDA halts drug imports from Toansa plant,"{""Ranbaxy"": ""negative""}",11
2605,Investors should opt for higher exposure to PSU banks: Kunj Bansal,"{""PSU banks"": ""positive""}",11
363,Sant Singh Chatwal-led Hampshire Hotels appoints new CEO,"{""Hampshire Hotels"": ""neutral""}",8
6925,Texmaco can move up: Rajat Bose,"{""Texmaco"": ""positive""}",6
1705,HPCL to gain most from diesel deregulation: Jefferies,"{""HPCL"": ""positive""}",8
2140,Trent Q4 Net up 28% at Rs 24.96 crore,"{""Trent"": ""positive""}",9
3240,Wipro slips for second session after Q2 results,"{""Wipro"": ""negative""}",8
2384,"PGCIL annual profit climbs 32 pc to Rs 2,696.89 cr","{""PGCIL"": ""positive""}",10
7315,Oil&gas stocks surge as government hikes fuel prices,"{""Oil&gas"": ""positive""}",8
4312,Sell Hindalco Ltd with target price of Rs 101: Sandeep Wagle,"{""Hindalco Ltd"": ""negative""}",11
1313,CIL workers that struck out on IPO may get chance to buy stake,"{""CIL"": ""neutral""}",13
3931,CNX IT is out of the sell mode: Mitesh Thacker,"{""CNX IT"": ""negative""}",10
6184,SpiceJet to issue warrants to promoters for fund raising,"{""SpiceJet"": ""neutral""}",9
1592,PFC FPO oversubscribed 4.32 times on final day,"{""PFC"": ""positive""}",8
10099,RBI's rate hike will see rise in number of stressed firms in BSE 500: India Ratings,"{""BSE 500"": ""negative"", ""RBI"": ""neutral""}",16
2163,10-yr bonds hit over 4-month high; RBI chief comments aid,"{""10-yr bond"": ""positive"", ""RBI"": ""neutral""}",10
2397,Prime Focus Tech raises Rs 45 crore to fund expansion,"{""Prime Focus Tech"": ""positive""}",10
318,"ITC Q2 profit at Rs 2,425.16 crore","{""ITC"": ""neutral""}",7
5234,"Australian dollar higher on capex numbers, euro steadies","{""Australian dollar"": ""positive"", ""euro"": ""neutral""}",8
5069,"Sterling hits 2-week low vs dollar, as housing fervour cools","{""Sterling"": ""negative""}",10
4037,Murli Indst to dilute stake to partly-fund 3 cement plants,"{""Murli Indst"": ""neutral""}",10
8988,Correction in IT a little worrying: Ashwani Gujral,"{""IT"": ""negative""}",8
3021,NBFCs rally as RBI likely to give bank licences in next 10-15 days,"{""NBFC"": ""positive"", ""RBI"": ""neutral""}",13
8229,Sterling heads towards first week of gains in 8 against dollar,"{""Sterling"": ""positive""}",11
9106,Sensex falls 252 points on weak global cues,"{""Sensex"": ""negative""}",8
5296,"IT, FMCG, healthcare sector prove their mettle again","{""IT"": ""positive"", ""FMCG"": ""positive"", ""healthcare sector"": ""positive""}",8
3973,GMR Group plans to sell stake in Karur Vysya Bank,"{""Karur Vysya Bank"": ""negative"", ""GMR Group"": ""neutral""}",10
5371,Nitin Vaidya quits Zee,"{""Zee"": ""neutral""}",4
4134,Aluminium futures weaken as traders reduc exposure amid weak global cues,"{""Aluminium futures"": ""negative""}",11
975,Sebi invites bids from BPOs for empanelment of helpline agency,"{""Sebi"": ""neutral""}",10
7292,Lupin's strong product pipeline likely to drive growth,"{""Lupin"": ""positive""}",8
9176,Book profits as Nifty crosses 7800 levels: Ashwani Gujral,"{""Nifty"": ""negative""}",9
955,Q4 numbers by PSU banks a mixed bag: Hemindra Hazari,"{""PSU banks"": ""neutral""}",10
10014,Viom Networks pushes back IPO plans to April 2016 as market turn sluggish,"{""Viom Networks"": ""negative""}",13
5017,"Wall Street ends lower, S&P 500 down for third straight day","{""Wall Street"": ""negative"", ""S&P 500"": ""negative""}",11
10465,"M&M, Pininfarina deal not saleable: Prateek Agarwal, ASK Investment Managers","{""M&M"": ""neutral"", ""Pininfarina"": ""neutral"", ""ASK Investment Managers"": ""neutral""}",10
9180,Brent falls close to $69 after Saudi price cut,"{""Brent"": ""negative""}",9
7491,"Expect an upmove in ONGC: Ajay Bagga, Market Expert","{""ONGC"": ""positive""}",9
1641,See 15-20% upside in Maruti: Hemang Jani,"{""Maruti"": ""positive""}",7
1291,"Simplex Infrastructure: Healthy order book, smart execution to help beat slump blues","{""Simplex Infrastructure"": ""neutral""}",12
1381,"HUL likely to remain at around 680 odd levels: Tirthankar Patnaik, Religare Capital Markets","{""HUL"": ""neutral"", ""Religare Capital Markets"": ""neutral""}",14
1934,Bond yields hit over 3-month high; auction outcome eyed,"{""Bond"": ""negative""}",9
4676,JSPL posts net loss of Rs 1675 crore in Q3FY15; cuts jobs to save costs,"{""JSPL"": ""neutral""}",15
893,KC Chakrabarty to join Indiabulls Housing Finance as Independent Director,"{""Indiabulls Housing Finance"": ""neutral""}",10
7288,Karur Vysya Bank Q4 net profit jumps 15.2%,"{""Karur Vysya Bank"": ""positive""}",8
4877,"Aussie dollar drops on fall in retail sales, New Zealand dollar steady","{""Aussie dollar"": ""negative"", ""New Zealand dollar"": ""neutral""}",12
7907,"Nickel jumps nearly 5 per cent, copper hits 2-month top","{""Nickel"": ""positive"", ""copper"": ""positive""}",10
8195,Reiterate 'Buy' on Infosys for target of Rs 3250: Prabhudas Lilladher,"{""Infosys"": ""positive"", ""Prabhudas Lilladher"": ""neutral""}",11
10091,Shree Renuka Sugars ends 6% down on Wilmar deal: To sell the stock or not?,"{""Shree Renuka Sugars"": ""negative"", ""Wilmar"": ""neutral""}",15
9042,Indian rupee edges lower; state-run banks buying dollars,"{""Indian rupee"": ""negative""}",8
2467,"UTI truly independent, IPO to strengthen this character: Leo Puri","{""UTI"": ""positive""}",10
7658,Sterlite: Electricity biz likely to pack a power punch,"{""Sterlite"": ""positive""}",9
1914,AP Paper gains as SAT dismisses International Papers appeal,"{""AP Paper"": ""positive""}",9
2737,Vijaya Bank Q1 net profit up 22% to Rs 161 crore,"{""Vijaya Bank"": ""positive""}",11
727,Sensex takes a breather; top ten stocks in focus,"{""Sensex"": ""neutral""}",9
7215,Balrampur Chini Mills Q2 net up by four-fold,"{""Balrampur Chini Mills"": ""positive""}",8
8246,TTML narrows down net loss to Rs 156.36 crore in Q3,"{""TTML"": ""positive""}",11
1797,Dabur plans three new plants overseas; stock up,"{""Dabur"": ""positive""}",8
3846,Selling pressure may continue in Sesa Goa: Seshadri Bharathan,"{""Sesa Goa"": ""negative""}",9
6403,Shibulal may succeed Kris Gopalakrishnan as Infosys CEO this April,"{""Infosys"": ""neutral""}",10
937,Oberoi Realty: Look at it only from a long-term perspective,"{""Oberoi Realty"": ""neutral""}",10
2266,Gold climbs after reports of US strikes on ISIS militants,"{""Gold"": ""positive""}",10
825,Crackdown on Ponzi schemes: Ordinance empowering Sebi set to lapse,"{""Sebi"": ""neutral""}",10
7275,HEG shares surge 10% as Q1 results surprise,"{""HEG"": ""positive""}",8
1390,OVL to raise up to $1 billion via dollar issue to fund Azerbaijan buy,"{""OVL"": ""neutral""}",14
3565,Dependence on power sector may hit BHELs margins,"{""BHEL"": ""negative""}",8
9077,Oil prices fall after OPEC keeps production high,"{""Oil"": ""negative"", ""OPEC"": ""neutral""}",8
5430,Jyothy Laboratories rejigs top management,"{""Jyothy Laboratories"": ""neutral""}",5
7828,Havells India Q1 PAT up 23% at Rs 87 crore,"{""Havells India"": ""positive""}",10
5691,Are firms with high Europe exposure in trouble?,"{""Europe"": ""neutral""}",8
7879,Mastek rallies 20% in 3 days ahead of buyback proposal,"{""Mastek"": ""positive""}",10
1869,Adani Enterprises jumps on April-June earnings,"{""Adani Enterprises"": ""positive""}",6
8203,Sanofi India stock likely to be re-rated on company's improving fundamentals,"{""Sanofi India"": ""positive""}",11
7487,Essar Oil gets shareholder nod for acquiring Vadinar Power,"{""Essar Oil"": ""positive"", ""Vadinar Power"": ""positive""}",9
807,BSE resumes trading after tech glitch; top 20 trading ideas,"{""BSE"": ""neutral""}",10
4806,"Investments in debt-free companies like ITC, Hindustan Unilever and Voltas pay off for investors","{""ITC"": ""positive"", ""Hindustan Unilever"": ""positive"", ""Voltas"": ""positive""}",14
9501,"Markets remain choppy, get used to smaller profits: Ashwani Gujral","{""Markets"": ""negative""}",10
9848,"HPCL tanks nearly 8% post Q2; Rs 2,041 crore m-cap shaved off","{""HPCL"": ""negative""}",12
9156,Amara Raja Batteries slips over 5% post Q3 results,"{""Amara Raja Batteries"": ""negative""}",9
7512,Glenmark Q3 net up 16.45 to Rs 109.55 cr,"{""Glenmark"": ""positive""}",9
8057,"Coffee stocks in for some good times: Deepak Shenoy, Capital Mind","{""Coffee stocks"": ""positive"", ""Capital Mind"": ""neutral""}",11
4495,Sell Tata Steel Ltd with target price of Rs 336: Sandeep Wagle,"{""Tata Steel Ltd"": ""negative""}",12
2633,Motherson Sumi Q1 Net rises over two-fold to Rs 163.73 crore,"{""Motherson Sumi"": ""positive""}",11
10170,"Build on to your positions, buy IT and pharma stocks on dips: Manish Sonthalia","{""IT"": ""positive"", ""pharma stocks"": ""positive""}",14
8897,"Police, NSEL investors spar over filing cases","{""NSEL"": ""negative""}",7
8624,Idea Cellulars consolidated net profit increases 7 per cent to Rs 809 crore in Q2,"{""Idea Cellulars"": ""positive""}",15
7833,HMT shares zoom over 19% on pact with German firm,"{""HMT"": ""positive""}",10
4389,Deccan Chronicle Holdings Limited Q3 net loss widens to Rs 3.65 crore,"{""Deccan Chronicle Holdings Limited"": ""negative""}",12
146,Rupee swings hand arbitrage advantage to day traders,"{""Rupee"": ""neutral""}",8
6468,Camlin Fine Sciences posts Rs 4.28 crore net profit in Q1,"{""Camlin Fine Sciences"": ""neutral""}",11
2034,Kotak Bank Q2 net profit at Rs 942 crore,"{""Kotak Bank"": ""positive""}",9
9822,Crude palm oil futures soften by 0.16 per cent on sluggish demand,"{""Crude palm oil"": ""negative""}",12
1166,"REC posts Rs 1,228 crore profit in Q3, announces interim dividend","{""REC"": ""neutral""}",11
2051,MOIL net profit at Rs 588 cr; stock gains,"{""MOIL"": ""positive""}",9
3761,IOC reports Rs 961-crore net loss in December quarter,"{""IOC"": ""neutral""}",9
4436,LKP Merchant Finance sells 53.41 lakh Kingfisher shares for Rs 5 cr,"{""Kingfisher"": ""negative"", ""LKP Merchant Finance"": ""neutral""}",12
3431,Guargum prices fall 3.37% on weak overseas demand,"{""Guargum"": ""negative""}",8
8191,"Ramco Systems surges on pact with Australian firm, up 100% YTD","{""Ramco Systems"": ""positive""}",11
9424,"Ebbing global cues, weak domestic demand bring down lead futures","{""lead"": ""negative""}",10
7070,Court decision positive on MCX: R Balakrishnan,"{""MCX"": ""positive""}",7
4362,"5500 level very difficult to breach in market: Jagdish Malkani, Member, NSE","{""NSE"": ""neutral""}",12
1772,Emerging-market assets get respite as dollar pulls back,"{""Emerging-market assets"": ""positive""}",8
3512,Copper falls in futures trade on global cues,"{""Copper"": ""negative""}",8
272,"March 15, 2014: Mecklai Financial report on rupee","{""Mecklai Financial"": ""neutral""}",8
8437,"Usha Martin zooms 20% on coal block win, volumes up 23 times","{""Usha Martin"": ""positive""}",12
2033,"Kolkata-based firms rally on Trinamool win, ITC top gainer","{""ITC"": ""positive""}",9
9006,Euro dips in Asia ahead of ECB comments,"{""Euro"": ""negative""}",8
10398,"Australia, New Zealand dollars nurse losses as China concerns weighs","{""Australia"": ""neutral"", ""New Zealand dollars"": ""neutral""}",10
3811,Power stocks may suffer in shorter term: Avinnash Gorakssakar,"{""Power stocks"": ""negative""}",9
4347,TVS Motor tanks over 11 per cent despite strong Q1 show,"{""TVS Motor"": ""negative""}",11
546,Century Textiles posts Rs 1.58 crore profit in Q3,"{""Century Textiles"": ""neutral""}",9
3242,Wheat declines on increased supply,"{""Wheat"": ""negative""}",5
8931,Tribunal upholds Sebi order against Comfort Fincap,"{""Comfort Fincap"": ""negative"", ""Sebi"": ""neutral""}",7
8503,"Midcaps correcting more than normal; good time to accumulate: Neeraj Deewan, Quantum Securities","{""Midcaps"": ""positive"", ""Quantum Securities"": ""neutral""}",13
9324,SBI bonds revive grey market; draw criticism from investors,"{""SBI"": ""negative""}",9
10664,"Nifty rangebound; Hindalco, Tata Steel, Sesa Sterlite lead","{""Hindalco"": ""positive"", ""Tata Steel"": ""positive"", ""Sesa Sterlite"": ""positive"", ""Nifty"": ""neutral""}",8
7565,"M&M is a buy: Seshadri Bharathan, KSEMA Fincon Ltd","{""M&M"": ""positive"", ""KSEMA Fincon Ltd"": ""neutral""}",9
921,Next few years need stable FDI flows:  JP Morgan,"{""JP Morgan"": ""neutral""}",10
9812,Bata India Q2 net down 4.14 per cent at Rs 59.37 crore,"{""Bata India"": ""negative""}",12
6641,"Anil Manghnani, Director, Modern Shares and Stockbrokers Limited talks about performing stocks","{""Modern Shares and Stockbrokers Limited"": ""neutral""}",12
7695,Vistaar Finance raises Rs 160 crore in fresh funding,"{""Vistaar Finance"": ""positive""}",9
8231,Stimulus efforts to lift silver assets  ETFs to a record,"{""silver"": ""positive""}",11
7127,"M&M, a strong long-term bet: Avinash Gorakshekar","{""M&M"": ""positive""}",7
4279,Pressure on margins amidst intensifying competition in store for Colgate Palmolive,"{""Colgate Palmolive"": ""negative""}",11
2984,HCL Technologies hits 52-week high post Q3 results; logs 20% gain in 2013,"{""HCL Technologies"": ""positive""}",13
131,SCI ex-chairman S Hajara joins Doehle Danautic India,"{""SCI"": ""neutral"", ""Doehle Danautic India"": ""neutral""}",8
7981,Supreme Industries Q3 net up 38.67% at Rs 75.83 crore,"{""Supreme Industries"": ""positive""}",10
2668,Quality stocks likely to keep outperforming in H1 2014: Prashasta Seth,"{""Quality stocks"": ""positive""}",11
7139,"Overseas cues, spot demand lift nickel futures","{""nickel"": ""positive""}",7
3224,Jet Airways trims losses in Q1; stock gains,"{""Jet Airways"": ""positive""}",8
9375,"ADAG stocks plummet further, RCOM hits record low on BSE","{""ADAG"": ""negative"", ""RCOM"": ""negative"", ""BSE"": ""neutral""}",10
7694,VIP Industries shares spike post stellar Q2 earnings show,"{""VIP Industries"": ""positive""}",9
5393,Sebi notifies norms for research analysts,"{""Sebi"": ""neutral""}",6
615,Limited options in banking space to pick: Harendra Kumar,"{""banking space"": ""neutral""}",9
10648,"Dow hits intraday high, boosted by Citi, deals","{""Dow"": ""positive"", ""Citi"": ""positive""}",8
1467,"Jim Rogers sees money in wind, solar power","{""wind"": ""positive"", ""solar power"": ""positive""}",8
4498,Short sell Reliance Capital in case of a sell off: Deepak Mohoni,"{""Reliance Capital"": ""negative""}",12
3043,"Rajasthan mining approval from Supreme Court, right investments prop up Birla Corp stock","{""Birla Corp"": ""positive""}",13
9127,TCS: New layer to oversee verticals; stock down,"{""TCS"": ""negative""}",8
2420,Rupee rises most among EM currencies since August 2013 low,"{""Rupee"": ""positive""}",10
5086,Go for Glenmark Pharma than Ranbaxy or Wockhardt: Jagannadham Thunuguntla,"{""Glenmark Pharma"": ""positive"", ""Ranbaxy"": ""neutral"", ""Wockhardt"": ""neutral""}",10
3295,"SBI net slumps 99% on bad loans, pensions","{""SBI"": ""negative""}",8
6738,Rupee will continue to stay in 60 to 63 range: Arindam Ghosh,"{""Rupee"": ""neutral""}",12
1501,Sun Pharmas stocks surge after merger with Taro,"{""Sun Pharma"": ""positive"", ""Taro"": ""neutral""}",8
9019,GAIL slips nearly 2% after explosion at pipeline,"{""GAIL"": ""negative""}",8
1522,SMX records turnover of over $ 100 billion,"{""SMX"": ""positive""}",8
9811,Axis Bank slips over 3% as SUUTI plans to offload 9% stake,"{""Axis Bank"": ""negative"", ""SUUTI"": ""neutral""}",12
4233,"India Cement shares weighed down by promoter N Srinivasan travails, inventory","{""India Cement"": ""negative""}",11
7687,"United Breweries: Input costs, TN show key to profitability","{""United Breweries"": ""positive""}",9
8821,Copper futures fall 0.20% on global cues,"{""Copper"": ""negative""}",7
4431,Karur Vysya Bank Q3 Net down 5.5 pc at Rs 106.82 crore,"{""Karur Vysya Bank"": ""negative""}",12
391,Financial Technologies appears befor Sebi in MCX-SX case,"{""Financial Technologies"": ""neutral"", ""Sebi"": ""neutral""}",8
10602,"Aviation, retail shares likely to attract more demand: Experts","{""Aviation"": ""positive"", ""retail shares"": ""positive""}",9
7125,"Like Orient paper: Harendra Kumar, Elara Capital","{""Orient paper"": ""positive"", ""Elara Capital"": ""neutral""}",7
5914,Shed off weight in banking stocks: IV Subramanium,"{""banking stocks"": ""negative""}",8
8593,Venus Remedies shares surge nearly 14% intraday as company announces issue of equity shares,"{""Venus Remedies"": ""positive""}",14
4807,"ITC falls as CS, CLSA cut target price to Rs 310 post Q4 earnings","{""ITC"": ""negative"", ""CLSA"": ""neutral""}",14
10486,"Prefer Bajaj, Hero MotoCorps in the two-wheeler sector: Prakash Diwan","{""Bajaj"": ""positive"", ""Hero MotoCorps"": ""positive""}",10
8239,"Techno Electric's Q1 FY13 PAT at Rs 40.7 crore, up 24%","{""Techno Electric"": ""positive""}",11
8045,Can expect ICICI bank to scale up further : Rajat Bose,"{""ICICI bank"": ""positive""}",11
10520,"Asian markets, US bond yields fall on growth concerns","{""Asian markets"": ""negative"", ""US bond"": ""negative""}",9
3994,"Hyundai Motors shares slips 10%, lowest in nearly 5 years","{""Hyundai Motors"": ""negative""}",10
10275,"IDBI, Canara Bank, SBI seen in talks to sell CARE Ratings stake","{""CARE Ratings"": ""negative"", ""IDBI"": ""neutral"", ""Canara Bank"": ""neutral"", ""SBI"": ""neutral""}",12
6610,Shareholders give LSE green light for $2.7 billion Frank Russell deal,"{""LSE"": ""neutral""}",11
5320,"Hong Kong shares end flat, Kunlun jumps","{""Kunlun"": ""positive"", ""Hong Kong shares"": ""neutral""}",7
10583,Sensex falls over 200 points; Nifty slips below 200-DMA,"{""Sensex"": ""negative"", ""Nifty"": ""negative""}",9
7120,Jefferies upgrades Jubliant Foodworks ahead of results,"{""Jubliant Foodworks"": ""positive"", ""Jefferies"": ""neutral""}",7
2422,Samvat survey: D-Street sees Sensex at 33k by next Diwali,"{""Sensex"": ""neutral""}",10
5605,Omnitech Infosolutions bets big on RTGS implemetations,"{""Omnitech Infosolutions"": ""neutral""}",7
1751,GAIL to benefit most from RasGas price tweak,"{""GAIL"": ""positive""}",8
9703,Lloyds loses attempt to buy back bonds and save $1.5 billion,"{""Lloyds"": ""negative""}",11
10453,"Funds buy banks, pharma in May as valuations turn attractive","{""banks"": ""positive"", ""pharma"": ""positive""}",10
339,"Indian market retains trillion-dollar tag, for now","{""Indian market"": ""neutral""}",7
8408,"Shriram Transports bond issue a big hit,  mops Rs 1,567 crore","{""Shriram Transports"": ""positive""}",12
1342,"Jet-Etihad deal: Taking 'control' in listed firms would need open offer, says Sebi","{""Jet"": ""neutral"", ""Etihad"": ""neutral""}",13
10268,"Cobrapost impact: ICICI Bank, HDFC Bank, Axis Bank fall on penalty woes","{""ICICI Bank"": ""negative"", ""HDFC Bank"": ""negative"", ""Axis Bank"": ""negative""}",12
7983,Swaraj Engines share price surges as company announces 330% dividend,"{""Swaraj Engines"": ""positive""}",10
3641,Ashok Leyland Q3 net loss at Rs 167 crore,"{""Ashok Leyland"": ""neutral""}",9
330,What brokerages are expecting from Infosys Q4 results,"{""Infosys"": ""neutral""}",8
9885,"Rupee tumbles to over 7-month low, down 42 paise vs US dollar","{""Rupee"": ""negative""}",12
3005,Larger part of story for Mahindra & Mahindra remains intact: KR Choksey Securities,"{""Mahindra & Mahindra"": ""positive"", ""KR Choksey Securities"": ""neutral""}",13
6961,Nalco reports record turnover in 2012-13,"{""Nalco"": ""positive""}",6
4091,Tata Communications slips over 2 per cent post Q4 results,"{""Tata Communications"": ""negative""}",10
2323,LG Electronics shares surge on speculation of Google stake buy,"{""LG Electronics"": ""positive""}",10
6668,Don't see much of an upside for RIL going forward: Harendra Kumar,"{""RIL"": ""neutral""}",12
7010,"Cognizant beats St, net zooms 43%","{""Cognizant"": ""positive""}",6
4198,"F & O Tracker: Short Nifty around 6300, buy ATM Calls","{""Nifty"": ""negative""}",11
3550,Morgan Stanley slashes Brent price forecasts,"{""Brent"": ""negative"", ""Morgan Stanley"": ""neutral""}",6
8364,"MFs dominate among 20 buyers of Rs 1,000 crore Tech Mahindra shares","{""Tech Mahindra"": ""positive""}",12
4204,Financial Technologies slips nearly 5% on delay in MCX stake sale,"{""Financial Technologies"": ""negative""}",11
10018,Would not want to buy Nifty for a target of 6750: Sandeep Wagle,"{""Nifty"": ""negative""}",13
9620,Chilli teja futures down 1.55 per cent on muted spot demand,"{""Chilli teja"": ""negative""}",11
6186,State government companies lure PFs with high-return bond issues,"{""State government companies"": ""neutral""}",9
1640,Mastek shares surge 9.5% ahead of buyback proposal,"{""Mastek"": ""positive""}",8
9131,Tough to curb rubber futures volatility: Expert Committee,"{""rubber"": ""negative""}",8
61,Thyrocare Technologies Limited files draft IPO papers,"{""Thyrocare Technologies Limited"": ""neutral""}",7
1241,Forward Markets Commission asks bourses not to charge audit fee from members,"{""Forward Markets Commission"": ""neutral""}",12
5761,Fiat Chrysler crowns merger with Wall Street debut,"{""Fiat Chrysler"": ""neutral""}",8
5137,"SPARC, Sun Pharma slide as USFDA rescinds approval to drug","{""SPARC"": ""negative"", ""Sun Pharma"": ""negative"", ""USFDA"": ""neutral""}",10
2344,Mid-sized IT firms may post moderate growth in June quarter,"{""Mid-sized IT firms"": ""positive""}",10
2121,Spicejet surges over 3 pc on stake sale report,"{""Spicejet"": ""positive""}",9
1525,Brokerspicks: Nomura reiterates Buy on Sintex Industries,"{""Sintex Industries"": ""positive"", ""Nomura"": ""neutral""}",7
7618,Rajesh exports hits new high on asset buy buzz,"{""Rajesh exports"": ""positive""}",9
154,Religare Securities launches virtual stock trading platform,"{""Religare Securities"": ""neutral""}",7
482,Bank Nifty may consolidate: Mitesh Thacker,"{""Bank Nifty"": ""neutral""}",6
6123,Onno Ruhl appointed World Bank Country Director for India,"{""World Bank"": ""neutral"", ""India"": ""neutral""}",9
7675,Telcos surge as brokerages turn bullish post spectrum auction,"{""Telcos"": ""positive""}",9
7102,Hexaware: Higher order inflows step up expectations,"{""Hexaware"": ""positive""}",7
1763,Steady growth signs lift European stocks and bonds,"{""European stocks and bonds"": ""positive""}",8
8943,Zinc futures soften 0.67% on global cues,"{""Zinc"": ""negative""}",7
7716,Allowing foreign investment in stock markets helped economy :Eswar Prasad,"{""stock markets"": ""positive""}",10
9771,Southeast Asian stocks falls as Singapore index touched a four-month low,"{""Southeast Asian stocks"": ""negative""}",11
7480,Engineers India get 'Navratna' status; stock gains over 3%,"{""Engineers India"": ""positive""}",9
6213,Valiant Capital values Shriram Housing at Rs 750 cr,"{""Valiant Capital"": ""neutral"", ""Shriram Housing"": ""neutral""}",9
4854,"PSUs, banks to benefit most from a stable government post elections: Dipan Mehta","{""PSUs"": ""positive"", ""banks"": ""positive""}",13
2712,"Sundaram Finance is a strong buy: Paras Adenwala, Capital Portfolio Advisors","{""Sundaram Finance"": ""positive"", ""Capital Portfolio Advisors"": ""neutral""}",11
6767,2 years of Rajan: Analysts give 4.3 out of 5 to RBI governor,"{""RBI"": ""neutral""}",13
4151,"Brent falls below $113, set for biggest weekly drop since January","{""Brent"": ""negative""}",11
1334,Hindustan Unilever Q3 PAT seen up 8% at Rs 871 crore; stock down,"{""Hindustan Unilever"": ""neutral""}",13
10122,"LinkedIn, Facebook post massive gains: This time, it's social media sending Nasdaq to brink of 2000 high","{""LinkedIn"": ""positive"", ""Facebook"": ""positive"", ""Nasdaq"": ""positive""}",17
8379,Oil jumps 3 per cent to $63 as energy firms slash investments,"{""Oil"": ""positive""}",12
9329,"Select edible oils fall on sluggish demand, global cues","{""edible oils"": ""negative""}",9
10101,Surge in sales volume of products linked to Indian equities can threaten NSE's pricing power: Experts,"{""NSE"": ""negative""}",16
10442,"Copper, aluminium at 6 year low on slowing Chinese growth","{""Copper"": ""negative"", ""aluminium"": ""negative""}",10
9815,Ceat drops by over 6 pc on BSE after disappointing FY11 nos,"{""Ceat"": ""negative"", ""BSE"": ""neutral""}",12
3851,"Shortsell ICICI Bank: CK Narayan, Growth Avenues Asset Advisors","{""ICICI Bank"": ""negative"", ""Growth Avenues Asset Advisors"": ""neutral""}",9
8341,"India's position better than other emergings markets: Arindam Ghosh, BlackRidge Capital Advisors","{""BlackRidge Capital Advisors"": ""neutral""}",12
4125,ACC net profit dips 31 pc to Rs 1077.53cr in 2010,"{""ACC"": ""negative""}",11
9648,Experts expect rupee to fall against dollar despite Moodys rate lift,"{""rupee"": ""negative"", ""Moodys"": ""neutral""}",11
4789,"Secular prediction for pharma space difficult, Cadila's correction not a surprise: P Phani Sekhar","{""pharma space"": ""negative"", ""Cadila"": ""negative""}",14
2867,"Nifty's upward move about to resume: Sandeep Wagle, APTART Technical Advisory Services","{""Nifty"": ""positive"", ""APTART Technical Advisory Services"": ""neutral""}",12
1387,Meera Sanyal to quit Royal Bank of Scotland for a full-time career in politics,"{""Royal Bank of Scotland"": ""neutral""}",14
5942,Vedanta appoints Mukesh Bhavnani as Group Legal Counsel,"{""Vedanta"": ""neutral""}",8
3068,"Yen gains on safety play, euro edges away from 9-year lows vs dollar","{""Yen"": ""positive"", ""euro"": ""positive"", ""dollar"": ""neutral""}",13
9747,REI Agro slumps over 6% on media report about RBI queries,"{""REI Agro"": ""negative""}",11
3630,Recommend to hold Cipla: Mayuresh Joshi,"{""Cipla"": ""neutral""}",6
10376,"Sensex reclaims 27000, Nifty holds 8100; top ten stocks in focus","{""Sensex"": ""positive"", ""Nifty"": ""neutral""}",11
9633,Den Networks Q2 down 28.24 per cent at Rs 11.18 crore,"{""Den Networks"": ""negative""}",11
3029,"Operating leverage will flow in for logistic companies, if economy improves: Dhiraj Sachdev","{""logistic companies"": ""positive""}",13
2970,Economic revival for Concor anticipated; limited upside for stock seen in short term,"{""Concor"": ""neutral""}",13
8647,YES Bank Q4 net up 33 pc at Rs 362.15 cr; declares 60 pc dividend,"{""YES Bank"": ""positive""}",15
6137,PSU banks showing some signs of life: Ajay Bodke,"{""PSU banks"": ""neutral""}",9
8802,Book profits in OMC stocks: Ambareesh Baliga,"{""OMC stocks"": ""negative""}",7
4264,NZ dollar hits 1-year low after central bank chief's FX comments,"{""NZ dollar"": ""negative""}",11
646,NMDC offers RINL ex-CMD AP Choudhary full-time advisor post,"{""NMDC"": ""neutral"", ""RINL"": ""neutral""}",9
10387,Valuation gap between mid and largecap IT stocks to narrow: Chokkalingam,"{""mid and largecap IT stocks"": ""neutral""}",11
2075,Polaris Q4 net up 3.6% to Rs 45.41 crore,"{""Polaris"": ""positive""}",9
342,IIFL Commodities behind NSEL defamation notice?,"{""IIFL Commodities"": ""neutral"", ""NSEL"": ""neutral""}",6
8042,BUY' Voltas Ltd with a target of Rs 365 :Ashwani Gujral,"{""Voltas Ltd"": ""positive""}",11
1623,Mundra Port a good buying opportunity: Deepak Mohoni,"{""Mundra Port"": ""positive""}",8
7142,Prabhudas Lilladher puts 'accumulate' on KPIT Cummins,"{""KPIT Cummins"": ""positive"", ""Prabhudas Lilladher"": ""neutral""}",7
5797,"January 23, 2014: Mecklai Financial report on rupee","{""Mecklai Financial"": ""neutral"", ""rupee"": ""neutral""}",8
7185,Vodafone leads Britain FTSE to six-week high,"{""Vodafone"": ""positive"", ""FTSE"": ""positive""}",7
8233,Surya Roshni Q1 net profit up 22% at Rs 12 crore,"{""Surya Roshni"": ""positive""}",11
5476,Asian markets: Tokyo stocks open flat,"{""Asian market"": ""neutral"", ""Tokyo stocks"": ""neutral""}",6
9956,"DLF's ratings likely to fall post ban, ratings firms to take a call","{""DLF"": ""negative""}",13
75,Sugar ends quiet amid sufficient stock positions,"{""Sugar"": ""neutral""}",7
10639,"Copper, lead strengthen on global cues, spot demand","{""Copper"": ""positive"", ""lead"": ""positive""}",8
8634,PTC India Financial Services  reports 91% jump in Q4 profit to Rs 46.36 crore,"{""PTC India Financial Services"": ""positive""}",15
9932,AI registers loss of Rs 1791 cr in 1st quarter of this fiscal,"{""AI"": ""negative""}",13
2052,Moser Baer near 3-yr high on preferential share issue,"{""Moser Baer"": ""positive""}",9
2542,"Consumer cos will see more consistent growth: David Pezarkar, Daiwa AMC","{""Consumer cos"": ""positive"", ""Daiwa AMC"": ""neutral""}",11
1302,Waiting to see initiatives from the government for PSU banks: Pramod Gubbi,"{""PSU banks"": ""neutral""}",12
5878,Recommend wait and watch for Wockhardt: Sudip Bandyopadhyay,"{""Wockhardt"": ""neutral""}",8
7369,SRS Ltd posts 54% rise in quarterly income,"{""SRS Ltd"": ""positive""}",8
1305,A look at how Federal Reserve decision is going to affect Dalal Street,"{""Dalal Street"": ""neutral""}",13
8429,Tobacco stocks surge up to 13% on reports of cigarette price hike,"{""Tobacco stocks"": ""positive""}",12
9784,TVS Motors: Slowdown in the two-wheeler industry hits revenues and margins,"{""TVS Motors"": ""negative"", ""two-wheeler industry"": ""negative""}",11
2600,IIFCL FY11 net rises by 61 pc to Rs 262.28 cr,"{""IIFCL"": ""positive""}",11
2574,GlaxoSmithKline FY10 net profit up 10.37 pc to Rs 560.57 cr,"{""GlaxoSmithKline"": ""positive""}",11
3187,Stop above 137 on Reliance Communications could give money on the short side:  Prakash Gaba,"{""Reliance Communications"": ""positive""}",16
2769,Astral Poly rocks D-Street by rallying over 3400% in last 5 years,"{""Astral Poly"": ""positive""}",12
4832,"Bata, Max India good stocks to add in a defensive pack: Kunj Bansal","{""Bata"": ""positive"", ""Max India"": ""positive""}",13
4224,Hedge fund big bets on energy companies pummeled in third quarter,"{""energy companies"": ""negative""}",11
10383,South Korea shares and won steady ahead of Fed policy meeting,"{""South Korea shares"": ""neutral"", ""won"": ""neutral""}",11
2107,Sea TV Network debuts 20 pc higher on BSE,"{""Sea TV Network"": ""positive""}",9
2680,Reliance Industries stock on the rise despite Arvind Kejriwal's repeated attacks,"{""Reliance Industries"": ""positive""}",11
1388,Motilal Oswal expects DLF to get re-rated on policy reforms & favorable macro trends,"{""Motilal Oswal"": ""neutral"", ""DLF"": ""neutral""}",14
9614,"Brent falls below $103 on higher Libyan output, lower geopolitical risk","{""Brent"": ""negative""}",11
10393,"ABB, BHEL better than L&T at the moment: Deepak Mohoni","{""ABB, BHEL"": ""positive"", ""L&T"": ""neutral""}",10
7084,Eros gains ahead of rival Shemaroo's IPO,"{""Eros"": ""positive"", ""Shemaroo"": ""neutral""}",7
1280,Rural Electrification Corp to raise Rs 700 crore via tax free bonds,"{""Rural Electrification Corp"": ""neutral""}",12
805,Bourses ask cos to strictly comply with 'trading window' rules,"{""Bourses"": ""neutral""}",10
1556,Rupee hits 11-month high; RBI intervention in focus,"{""Rupee"": ""positive""}",8
10206,Nikkei falls as yen bounces after Swiss jolt; down for a third week,"{""yen"": ""positive"", ""Nikkei"": ""negative""}",13
4567,HC refuses to stay FMC order asking FTIL to cut stake in MCX,"{""FTIL"": ""negative""}",13
10403,China Yuan edges lower on Dollar demand for dividend payments,"{""Dollar"": ""positive"", ""China Yuan"": ""negative""}",10
4842,"Focus on export-oriented sectors; tech, pharma and private banks top picks: Dipan Mehta","{""tech"": ""positive"", ""pharma"": ""positive"", ""private banks"": ""positive"", ""export-oriented sectors"": ""positive""}",13
3595,Aluminium futures soften 0.16% on global cues,"{""Aluminium futures"": ""negative""}",7
6036,Financial sector accounts for bulk of corporate bond issuances,"{""Financial sector"": ""neutral""}",9
6853,MSCI move to include Hong Kong-China ADRs in EM index may hit Indian stocks,"{""MSCI"": ""neutral""}",14
8706,"Fresh bout of liquidity on the rupee could weaken it further: Prakash Diwan, Asit C. Mehta Investment Intermediates Ltd.","{""rupee"": ""negative"", ""Asit C. Mehta Investment Intermediates Ltd."": ""neutral""}",19
4178,Cyient cracks on reports PE firm Carlyle may offload 10% stake,"{""Cyient"": ""negative"", ""Carlyle"": ""neutral""}",11
1309,Bank stocks have to participate in rally to take market higher: Ashwani Gujral,"{""Bank stocks"": ""neutral""}",13
9107,Sensex plunges over 426 points in global sell-off,"{""Sensex"": ""negative""}",8
3453,Global markets cautious ahead of US payrolls data,"{""Global markets"": ""negative""}",8
3696,"Crudes slide continues, oil companies' shares fall in sync","{""Crudes"": ""negative""}",9
4243,JBF Industries Q1 net profit falls 60% to Rs 4 crore,"{""JBF Industries"": ""negative""}",11
2199,bullish on IT for whole of this year: Anand Tandon,"{""IT"": ""positive""}",10
8967,Blended fuel could add to pressure on cane,"{""cane"": ""negative"", ""Blended fuel"": ""neutral""}",8
4426,Is the damage over on Bank Nifty? Strategies to tide over weakness,"{""Bank Nifty"": ""negative""}",12
6151,"Richard Merwe appointed MD, vice chairman of Bayer CropScience","{""Bayer CropScience"": ""neutral""}",9
944,Pawan Munjal elevated as new Vice Chairman in Hero Motocorp,"{""Hero Motocorp"": ""neutral""}",10
823,Cos listed on VSEL to move on BSE dissemination board,"{""VSEL"": ""neutral"", ""BSE"": ""neutral""}",10
5006,"Sensex tests 27,000, Nifty trading below 8100; top 20 trading ideas","{""Nifty"": ""negative"", ""Sensex"": ""neutral""}",11
6613,"SIC Global launches Stockal, Indias first mobile-based platform for global investments","{""SIC Global"": ""neutral""}",11
8357,Koutons Retail Q3 profit up 18.63 per cent at Rs 15.79 cr,"{""Koutons Retail"": ""positive""}",12
5620,Reliance Industries: Expect a flat earnings growth,"{""Reliance Industries"": ""neutral""}",7
4548,Component mix may impact some auto ancillary stocks more than others: Deepak Shenoy,"{""auto ancillary stocks"": ""neutral""}",13
2539,Commexes turnover jumps by 54% till Mar 15 of this fiscal,"{""Commexes"": ""positive""}",11
9504,Mindtree Q4 net profit falls 8.6% at Rs 129 crore,"{""Mindtree"": ""negative""}",10
5208,"Dhanteras gold, silver sales to surge on lower prices","{""gold"": ""positive"", ""silver"": ""positive""}",9
10236,"Recent fall in private banking stocks unjustified; prefer Axis, ICICI Bank: Mayuresh Joshi","{""Axis"": ""positive"", ""ICICI Bank"": ""positive""}",13
9696,JB Chemicals & Pharmaceuticals stock tanks on brand sale to J&J,"{""JB Chemicals & Pharmaceuticals"": ""negative""}",11
3055,"Spice Mobility to invest Rs 1,000 crore for expansion this fiscal; stock up","{""Spice Mobility"": ""positive""}",13
3676,Capital goods stocks may lead markets down: Ashwani Gujral,"{""Capital goods stocks"": ""negative""}",9
7777,DCM Shriram Q4 net marginally up at Rs 82.80 crore,"{""DCM Shriram"": ""positive""}",10
7219,Beginning of pre-budget rally on Nifty: Ashwani Gujral,"{""Nifty"": ""positive""}",8
6723,Oil companies to give mixed results for the fourth quarter of FY13,"{""Oil companies"": ""neutral""}",12
3301,Rupee leads Asia forex slide on profit-taking,"{""Rupee"": ""negative"", ""Asia forex"": ""negative""}",7
3311,Rouble's woes spread to other ex-Soviet currencies,"{""Rouble"": ""negative""}",7
7222,Binani Cement zooms 19 pc on delisting move,"{""Binani Cement"": ""positive""}",8
8520,"RCom rallies 20% in April; more deals will lead to re-rating, say brokerages","{""RCom"": ""positive""}",13
5955,Yogesh Munjal to quit Hero stake for Showa,"{""Showa"": ""positive"", ""Hero"": ""negative""}",8
833,ECB says forex benchmark rates compiled on too narrow basis,"{""ECB"": ""neutral""}",10
3463,Bearish on FMCG: IV Subramaniam,"{""FMCG"": ""negative""}",5
7644,Shoppers Stop Q2 net jumps to Rs 16 crore,"{""Shoppers Stop"": ""positive""}",9
55,TV Today Q2 profit at Rs 12.83 crore,"{""TV Today"": ""neutral""}",8
3452,GMR Group under CBI lens,"{""GMR Group"": ""negative"", ""CBI"": ""neutral""}",5
6306,India likely to issue new 10-year bond in June: sources,"{""India"": ""neutral""}",10
1482,Torrent Power gains on hopes of cheap gas,"{""Torrent Power"": ""positive""}",8
4874,"Major increase in support price for paddy, moong, tur & urad likely","{""paddy"": ""positive"", ""moong"": ""positive"", ""tur"": ""positive"", ""urad"": ""positive""}",12
8039,"Bulls on the rampage, tailwinds take FMCG, pharma to fresh highs","{""FMCG"": ""positive"", ""pharma"": ""positive""}",11
3336,"Investors take cover amid Russia crisis, oil slide","{""oil"": ""negative"", ""Russia"": ""negative""}",8
6017,Did FIIs get a whiff of the Daiichi sale?,"{""Daiichi"": ""neutral""}",9
4927,"Textile, pharma the only broad stories we are focusing on: Deepak Shenoy","{""Textile"": ""positive"", ""pharma"": ""positive""}",12
9139,Venezuelas vote for change has Indian pharma jittery,"{""Indian pharma"": ""negative""}",8
5798,"January 31, 2014: Mecklai Financial report on rupee","{""Mecklai Financial"": ""neutral"", ""rupee"": ""neutral""}",8
10572,Prefer LIC Housing Finance from NBFC space: Gaurav Mehta,"{""LIC Housing Finance"": ""positive"", ""NBFC space"": ""neutral""}",9
5084,"Glenmark, Aurobindo should be part of core portfolio: Ajay Bodke","{""Glenmark"": ""positive"", ""Aurobindo"": ""positive""}",10
6646,Bill Gross' Janus Global Unconstrained Bond posts $11.7 million outflow in May,"{""Janus Global Unconstrained Bond"": ""neutral""}",12
5491,Will the Nifty start moving upward?,"{""Nifty"": ""neutral""}",6
769,Vishal Sikka to outline strategy at Infosys' Q2 results,"{""Infosys"": ""neutral""}",9
2066,Oracle Financial net profit at Rs 1111 cr;stock surges,"{""Oracle Financial"": ""positive""}",9
10221,"Citigroup, HSBC Securities, UBS Securities among 5 bankers to manage ONGC share sale","{""Citigroup"": ""neutral"", ""HSBC Securities"": ""neutral"", ""UBS Securities"": ""neutral"", ""ONGC"": ""neutral""}",13
7312,NIIT Technologies Q3 revenue in line with expectations,"{""NIIT Technologies"": ""positive""}",8
8478,"Gallant Ispat should move up for few days: Avinash Gorakshekar, Anagram Capital Ltd","{""Gallant Ispat"": ""positive"", ""Anagram Capital Ltd"": ""neutral""}",13
4525,Vote on account 2014 will not move the markets much: Credit Suisse,"{""Credit Suisse"": ""neutral""}",12
2718,"Technology sector is a safe bet: Manish Sonthalia, Motilal Oswal Securities","{""Technology sector"": ""positive"", ""Motilal Oswal Securities"": ""neutral""}",11
2080,Private banks and NBFCs are good investments: Nitin Raheja,"{""Private banks"": ""positive"", ""NBFCs"": ""positive""}",9
8915,Select base metals drop on global cues,"{""base metals"": ""negative""}",7
952,Public offer discounts should be given at bidding time: SEBI,"{""SEBI"": ""neutral""}",10
8059,Commexes turnover to cross Rs 112 lakh crore in 2010-11 fiscal,"{""Commexes"": ""positive""}",11
2483,4930 would be the level to watch out for: BNP Paribas,"{""BNP Paribas"": ""neutral""}",11
9182,"Brent steady under $109, set for second weekly loss","{""B"": ""negative""}",9
1760,Facebook rally has analysts gasping for breath,"{""Facebook"": ""positive""}",7
4423,Infinite Comp slips over 35% in two days on poor FY16 guidance,"{""Infinite Comp"": ""negative""}",12
6705,Lok Sabha Speaker Sumitra Mahajan brother Arun Sathe appointed on Sebi board,"{""Sebi"": ""neutral""}",12
5183,"Q3 Corporate Earning: State Bank of India, M&M, HCL","{""State Bank of India"": ""neutral"", ""M&M, HCL"": ""neutral""}",9
8534,Upcoming festive season likely to augur well for the retail sector: Sudip Bandyopadhyay,"{""retail sector"": ""positive""}",13
3702,DLF IPO disclosure case: Sebi imposes Rs 85-crore penalties,"{""DLF"": ""negative""}",9
4244,"Jignesh Shah, aide Shreekant Javalgekar held in Rs 5,600-crore NSEL scam","{""NSEL"": ""negative""}",11
689,Revise Tata Consultancy Services target to Rs 1152: Kotak,"{""Tata Consultancy Services"": ""neutral""}",9
3433,Groundnut oil prices decline on lower demand,"{""Groundnut oil"": ""negative""}",7
4945,"Pound hits 4-month low after BoE's dovish shift, euro eyes GDP","{""Pound"": ""negative"", ""euro"": ""neutral""}",11
967,"SAT clubs KP Singh, other petitions with main DLF case","{""DLF"": ""neutral"", ""SAT"": ""neutral""}",10
10204,"Iron ore hits 19-mth low as supply overwhelms, Shanghai rebar down 3rd day","{""Iron ore"": ""positive"", ""Shanghai rebar"": ""positive""}",13
2714,Surya Pharmaceutical Q3 net up 30.82 pc to Rs 28.01 cr,"{""Surya Pharmaceutical"": ""positive""}",11
4758,"Most of the BSE100 companie stocks down by 26-35%; GMR, Unitech among the biggest losers","{""GMR"": ""negative"", ""Unitech"": ""negative""}",15
10269,Compliance worries hit shares of Sun Pharma and  Dr Reddy's Laboratories,"{""Sun Pharma"": ""negative"", ""Dr Reddy's Laboratories"": ""negative""}",12
6321,K C Samal is the new director (finance) at NALCO,"{""NALCO"": ""neutral""}",10
5976,Axis Securities elevates Arun Thukral as MD and CEO,"{""Axis Securities"": ""neutral""}",9
3573,Barley futures fall on subdued demand,"{""Barley futures"": ""negative""}",6
5300,Rupee little changed against dollar in early trade,"{""Rupee"": ""neutral"", ""dollar"": ""neutral""}",8
1991,"Gillette India promoters' OFS fully subscribed, stock up 5%","{""Gillette India"": ""positive""}",9
1206,Wonderla Holidays files Draft Red Herring Prospectus with SEBI for IPO,"{""Wonderla Holidays"": ""neutral"", ""SEBI"": ""neutral""}",11
4972,Euro drops back towards 2-week lows vs sterling on Ukraine news,"{""Euro"": ""negative"", ""sterling"": ""neutral""}",11
10461,"IPOs of Shree Pushkar Chemicals, ACB (India) get Sebi's nod","{""Shree Pushkar Chemicals"": ""positive"", ""ACB (India)"": ""positive""}",10
6784,"Fertiliser sector will be re-rated in a few months: Sudip Bandyopadhyay, Convexity Solutions","{""Fertiliser sector"": ""neutral"", ""Convexity Solutions"": ""neutral""}",13
3601,Monsoon Impact: Agri futures hit lower circuit,"{""Agri futures"": ""negative""}",7
6491,D-Street could move 2% on either side on Thursdays Fed outcome,"{""D-Street"": ""neutral""}",11
8610,Chinese markets bounce back over 6% on attempts to stem rout; state intervention to weigh,"{""Chinese markets"": ""positive""}",15
10731,"Gold, silver extend losses in global markets","{""Gold"": ""negative"", ""silver"": ""negative""}",7
8071,DSCL Q1 net jumps over three fold to Rs 114 crore,"{""DSCL"": ""positive""}",11
8578,"Keep UPL in your portfolio for long term returns: Deven Choksey, KR Choksey Securities","{""UPL"": ""positive"", ""KR Choksey Securities"": ""neutral""}",14
7974,Spot demand lifts lead prices by 0.69% at futures trade,"{""lead"": ""positive""}",10
1626,MRF clocks record profit in Q1,"{""MRF"": ""positive""}",6
537,BPCL hires four banks for US dollar bond offering,"{""BPCL"": ""neutral""}",9
8767,Barley futures decline on selling pressure,"{""Barley"": ""negative""}",6
7971,Sony shares hit 3-month high after Q1 profit beats estimates,"{""Sony"": ""positive""}",10
4213,Go short in metal stocks that are in green: Ashwani Gujral,"{""metal stocks"": ""negative""}",11
6457,Bank of China first Chinese bank to join gold price benchmark,"{""Bank of China"": ""neutral"", ""gold"": ""neutral"", ""Chinese bank"": ""neutral""}",11
3508,Copper futures fall 1.13% on global cues,"{""Copper futures"": ""negative""}",7
8394,"Radio Mirchi posts 16% jump in quarterly net profit, revenue grows 11.6%","{""Radio Mirchi"": ""positive""}",12
9525,Oracle Financial Services Software gains; Q1 net profit falls 16%,"{""Oracle Financial Services Software"": ""negative""}",10
7113,Infosys to beat NASSCOM estimate: Sudip Bandyopadhyay,"{""Infosys"": ""positive"", ""NASSCOM"": ""neutral""}",7
2709,Steps taken by management paying off for Tata Sponge: Dipan Mehta,"{""Tata Sponge"": ""positive""}",11
5032,"Euro on defensive after ECB bond buying report, yen soft","{""yen"": ""negative"", ""Euro"": ""neutral""}",10
6515,"Gunit Chadha, Deutsche Bank India CEO to move as co-head Asia","{""Deutsche Bank India"": ""neutral""}",11
4663,"Won't get a 2008-like opportunity where everything was so cheap: Nilesh Shah, Axis Capital","{""Axis Capital"": ""neutral""}",14
4022,Kalindee Rail slumps 10% after board okays merger with Texmaco,"{""Kalindee Rail"": ""negative"", ""Texmaco"": ""neutral""}",10
1855,Jefferies expects upside potential for Ashok Leyland,"{""Ashok Leyland"": ""positive""}",7
10139,USFDA becoming dreaded word in Dalal Street; pharma companies need to keep Street in the loop,"{""pharma companies"": ""negative"", ""USFDA"": ""neutral""}",16
2873,Oriental Bank of Commerce Q4 Net rises marginally to Rs 310 crore,"{""Oriental Bank of Commerce"": ""positive""}",12
3031,Oriental Bank of Commerce Q1 net profit rises 3% to Rs 365 crore,"{""Oriental Bank of Commerce"": ""positive""}",13
9398,Carborundum Universal Q1 net down 25% at Rs 28.78 crore,"{""Carborundum Universal"": ""negative""}",10
1646,"Markets hit all-time high levels, profit-booking likely now","{""Markets"": ""positive""}",8
3418,Industrial oil prices drop on weak demand,"{""Industrial oil"": ""negative""}",7
3477,Europe shares dip on report of stress-test failures,"{""Europe shares"": ""negative""}",8
10276,"Important to go beyond Nifty and Sensex: Arindam Ghosh, Blackridge Capital Advisors","{""Nifty"": ""neutral"", ""Sensex"": ""neutral"", ""Blackridge Capital Advisors"": ""neutral""}",12
1793,Germany's DAX outperforms European shares after strong data,"{""DAX"": ""positive"", ""European shares"": ""negative""}",8
3798,Oracle Financial Services plunges on dispute with Irish customer,"{""Oracle Financial Services"": ""negative""}",9
3369,MOIL prospects dim on falling ore prices,"{""MOIL"": ""negative"", ""ore"": ""negative""}",7
7197,62 smallcap stocks doubled investor wealth in 2015,"{""smallcap stocks"": ""positive""}",8
10374,"Select farm equipment, agri stocks available at attractive valuations: Deven Choksey","{""farm equipment"": ""positive"", ""agri stocks"": ""positive""}",11
5110,"Prefer private banking, midcap IT, pharma stocks:  Nitin Raheja","{""private banking"": ""positive"", ""midcap IT"": ""positive"", ""pharma stocks"": ""positive""}",10
6025,Euro remains range-bound against dollar ahead of ECB meeting,"{""Euro"": ""neutral"", ""dollar"": ""neutral""}",9
8796,Bharti Airtel Africa Q1 net loss widens,"{""Bharti Airtel Africa"": ""negative""}",7
10724,"Asian shares edge higher, oil nurses losses","{""Asian shares"": ""positive"", ""oil"": ""negative""}",7
127,"Sebi, exchanges to tighten grip on speculative stocks","{""Sebi"": ""neutral""}",8
5960,Airtel to raise 250 million more from bond sale,"{""Airtel"": ""neutral""}",9
3877,Transglobal sells Kingfisher Airlines shares worth Rs 7.43 cr,"{""Kingfisher Airlines"": ""negative""}",9
4452,"Nissan to brief on abnormal deployment of Takata air bag, shares sink","{""Nissan"": ""negative""}",12
7148,Ranbaxy hits 52-week high on UBS upgrade,"{""Ranbaxy"": ""positive""}",7
3532,Castor seed prices drop in futures trade,"{""Castor seed"": ""negative""}",7
828,Did IGate's Board wrong its shareholders? Law firms are examining,"{""IGate"": ""neutral""}",10
7791,Egypt unrest may fuel rally in oil & gas stocks,"{""oil"": ""positive"", ""gas"": ""positive""}",10
985,"Seeing sector rotation, investors realigning portfolios: Sanjay Dutt, Quantum Securities","{""Quantum Securities"": ""neutral""}",10
7784,Dishman Pharma shares soar over 13% on robust Q1 results,"{""Dishman Pharma"": ""positive""}",10
2444,Steady track record to drive profit numbers for Shriram Transport,"{""Shriram Transport"": ""positive""}",10
8555,"Cadila Healthcare remains preferred pick in pharma space:  Hemang Jani, Sr VP, Sharekhan","{""Cadila Healthcare"": ""positive"", ""Sharekhan"": ""neutral""}",14
346,IiAS names Hetal Dalal as COO,"{""IiAS"": ""neutral""}",6
815,Cheap valuations of public sector banks: Buy or no buy?,"{""public sector banks"": ""neutral""}",10
6167,Sebi exempts Prozone promoter trust from making open offer,"{""Sebi"": ""neutral"", ""Prozone"": ""neutral""}",9
5780,Hexaware support seen at Rs 110-115: Mitesh Thacker,"{""Hexaware"": ""neutral""}",8
2117,Silver futures up Rs 193 aided by global cues,"{""Silver futures"": ""positive""}",9
794,Amara Raja posts 13% growth; market leader Exide slips 11%,"{""Amara Raja"": ""neutral"", ""Exide"": ""neutral""}",10
6899,Results primer: Investors want some guidance on how Infosys plans to use $5.4 billion cash reserve,"{""Infosys"": ""neutral""}",16
2675,RComm hits highest level since Jan 2011; rallies 20% since June,"{""RComm"": ""positive""}",11
95,Sebi partially lifts curbs on Shantivijay Jewels,"{""Sebi"": ""neutral"", ""Shantivijay Jewels"": ""neutral""}",7
4226,Hikal Q4 net down 66.8 per cent at Rs 3.07 crore,"{""Hikal"": ""negative""}",11
3757,Infotech Enterprises Q4 profit slides 23% in March quarter,"{""Infotech Enterprises"": ""negative""}",9
2892,Replacement demand for tyres to benefit the stocks going forward: Prateek Agarwal,"{""tyres"": ""positive""}",12
2372,"Optimistic on South-based sugar companies: G Chokkalingam, Centrum Wealth Management","{""South-based sugar companies"": ""positive"", ""Centrum Wealth Management"": ""neutral""}",10
10100,Share sales to meet holding norm set by Sebi; secondary market may face severe fund crunch,"{""Sebi"": ""neutral""}",16
3229,"Supply crunch, import curbs up Arecanut prices","{""Arecanut"": ""positive""}",7
7864,Jyothy Laboratories Q3 net up 19.95% at Rs 26.45 crore,"{""Jyothy Laboratories"": ""positive""}",10
6360,Nifty unlikely to get past the 7550-7560 mark: Ashwani Gujral,"{""Nifty"": ""neutral""}",10
9897,SELL Exide Industries Ltd with a target of Rs 113: Mitesh Thacker,"{""Exide Industries"": ""negative""}",12
7327,Petronet LNG to benefit post budget: Prabhudas Lilladher,"{""Petronet LNG"": ""positive"", ""Prabhudas Lilladher"": ""neutral""}",8
6029,"Expect Nifty to trade in 8,100-8,300 range: Sandeep Wagle","{""Nifty"": ""neutral""}",9
1866,Allahabad Bank Q2 net climbs 21%,"{""Allahabad Bank"": ""positive""}",6
4613,Stay away from JSW Steel till clarity on CBI mine inquiry: Deven Choksey,"{""JSW Steel"": ""negative""}",13
2646,Novartis India Q2 net rises over 600% to Rs 104 crore,"{""Novartis India"": ""positive""}",11
2244,ENIL's charts look healthy from short-medium term perspective: Deepak Mohoni,"{""ENIL"": ""positive""}",10
5374,VLCC files IPO papers with Sebi,"{""VLCC"": ""neutral"", ""Sebi"": ""neutral""}",6
2337,Mascot Powersys to expand nine-fold to 74 outlets; plans IPO,"{""Mascot Powersys"": ""neutral""}",10
951,"Prestige Estates Rs 1,200cr IPO subscribed 1.75 times till 2pm","{""Prestige Estates"": ""neutral""}",10
1121,Leo Puri likely to become CMD of UTI Asset Management Company,"{""UTI Asset Management Company"": ""neutral""}",11
2205,Cement stocks are likely to go up higher: Vijay Bhambwani,"{""Cement stocks"": ""positive""}",10
420,Dollar steady in Asia ahead of Fed minutes,"{""Dollar"": ""neutral""}",8
923,NIF may turn co-plaintiff in Modern India suit against NSEL,"{""NSEL"": ""negative"", ""NIF"": ""neutral"", ""Modern India"": ""neutral""}",10
9447,GMR Infrastructure Q1 net loss shrinks to Rs 429 crore,"{""GMR Infrastructure"": ""negative""}",10
8670,"Month on month sales numbers of auto sector have improved: Gaurang Shah, Geojit BNP Paribas Financial Services","{""auto sector"": ""positive"", ""Geojit BNP Paribas Financial Services"": ""neutral""}",17
5409,Oilseeds rule stable in listless trade,"{""Oilseeds"": ""neutral""}",6
5789,India Infoline Finance appoints Rajashree Nambiar as CEO,"{""India Infoline Finance"": ""neutral""}",8
5743,Economist Johan Zyl appointed to Shriram Capital board,"{""Shriram Capital"": ""neutral""}",8
7668,Symphony Q3 net up 35% at Rs 36.51 crore,"{""Symphony"": ""positive""}",9
5568,Leased line users get NSE fee waiver,"{""NSE"": ""neutral""}",7
8136,Kansai Nerolac rallies over 8% as Q1 net profit jumps 19.77%,"{""Kansai Nerolac"": ""positive""}",11
1203,Why US dollar has re-emerged as preferred currency for global investors,"{""US dollar"": ""neutral""}",11
5766,Former Airtel executive director Krish Shankar joins Philips,"{""Airtel"": ""neutral"", ""Philips"": ""neutral""}",8
8390,"Private sector banks poised to outdo PSU peers: Mayuresh Joshi, Angel Broking","{""Private sector banks"": ""positive"", ""PSU"": ""negative"", ""Angel Broking"": ""neutral""}",12
1971,Emami gains 1.4% as it enters male deodorant space,"{""Emami"": ""positive""}",9
4019,Jubilant Foodworks Q1 net down 18% at Rs 27.72 crore,"{""Jubilant Foodworks"": ""negative""}",10
3688,"Copper futures fall 0.08% on Asian cues, weak demand","{""Copper futures"": ""negative""}",9
1998,Gulshan Polyols surges 20% after Reliance fund buys 6.7%,"{""Gulshan Polyols"": ""positive"", ""Reliance"": ""neutral""}",9
4034,"Modi loses, Sensex cracks? Yes, by about 3,000 points: Experts","{""Sensex"": ""negative""}",10
1249,Indian Energy Exchange in talks with FTIL for buying out technology solutions,"{""Indian Energy Exchange"": ""neutral"", ""FTIL"": ""neutral""}",12
2193,Boost in US's macro-economic situation may trigger Wipro's revenue growth,"{""Wipro"": ""positive""}",10
2713,"Surge in government spending to pump up infrastructure, related companies: Analysts","{""infrastructure"": ""positive""}",11
9185,BSE writes to Sebi on NSE 'unfair' trade practices,"{""NSE"": ""negative"", ""Sebi"": ""neutral"", ""BSE"": ""neutral""}",9
2191,BofA-ML's three positives for Indian markets; recommends 'buy' on dips,"{""BofA-ML"": ""neutral""}",10
4671,EIL down over 11% as Q2 net profit slips by 47% to Rs 58.78 crore,"{""EIL"": ""negative""}",15
5143,"TCS, Wipro, Infosys top picks among IT stocks: Mehraboon Irani","{""TCS"": ""positive"", ""Wipro"": ""positive"", ""Infosys"": ""positive""}",10
5985,BNP Paribas launches first equity index linked green bond,"{""BNP Paribas"": ""neutral""}",9
6566,Now open: Narayana Hrudayalaya IPO likely to cross the line today,"{""Narayana Hrudayalaya"": ""neutral""}",11
7805,Force Motors' promoters increase stake as row with Bajajs ends,"{""Force Motors"": ""positive"", ""Bajajs"": ""neutral""}",10
6944,Investors cheer Portuguese bank rescue,"{""Portuguese"": ""positive""}",5
9511,Natural rubber: Dull demand unlikely to help upturn in prices,"{""Natural rubber"": ""negative""}",10
2137,Telcos likely to post higher margins in Q4: Barclays,"{""Telcos"": ""positive"", ""Barclays"": ""neutral""}",9
1066,Eros International appoints Ricky Ghai as the CEO of Eros Digital,"{""Eros International"": ""neutral"", ""Eros Digital"": ""neutral""}",11
601,"IOC investor roadshows in Singapore, Hong Kong this week","{""IOC"": ""neutral""}",9
4228,HT Media Q4 consolidated net down 13.07% at Rs 34.84 crore,"{""HT Media"": ""negative""}",11
7578,MMTC surges after company sees turnaround in Q2 earnings,"{""MMTC"": ""positive""}",9
78,UK data gives battered sterling some respite,"{""sterling"": ""neutral""}",7
7547,Jeera futures surge 1.38 per cent on strong demand,"{""Jeera"": ""positive""}",9
2899,"SBI scales above Rs 2,000 levels on $1 bn fund raising plans","{""SBI"": ""positive""}",12
4821,"General Atlantic in talks to buy stakes in Just Dial, Info Edge: Sources","{""Just Dial"": ""positive"", ""Info Edge"": ""positive"", ""General Atlantic"": ""neutral""}",13
9507,"Monsoon fears, tight NPA norms weigh on Shriram Transport Finance","{""Shriram Transport Finance"": ""negative""}",10
10009,"Swiss franc drops to 2-week low on talk of SNB hand, informal band","{""Swiss franc"": ""negative"", ""SNB"": ""neutral""}",13
6414,Taj Group names P V Ramana Murthy as Global Head-HR,"{""Taj Group"": ""neutral""}",10
9445,Global weakness turned markets towards a flat day: Ashwani Gujral,"{""markets"": ""negative""}",10
9065,More exits from Ranbaxy Laboratorie top management team,"{""Ranbaxy Laboratorie"": ""negative""}",8
8008,"Wheat futures up 0.80 per cent on export, spot demand","{""Wheat"": ""positive""}",10
5469,Broking firms revive expansion plans,"{""Broking firms"": ""neutral""}",5
5952,Why investors should not eagerly await HUL results,"{""HUL"": ""neutral""}",8
3392,Lead futures extend losses on sluggish demand,"{""Lead futures"": ""negative""}",7
5416,Networkplays CEO Ampreet Singh quits,"{""Networkplays"": ""neutral""}",5
2561,"Expect pharma splendid performance to continue: Dhiraj Sachdev, HSBC AM India","{""pharma"": ""positive"", ""HSBC AM India"": ""neutral""}",11
10636,"Brokers' Call: ONGC, DRL, Cipla and Coal India","{""ONGC"": ""positive"", ""DRL"": ""positive"", ""Cipla"": ""positive"", ""Coal India"": ""positive""}",8
8163,NFL share sale subscribed 1.55 times; govt gets Rs 101 cr,"{""NFL"": ""positive""}",11
2636,"Mundra Port looking very attractive: Deven Choksey, MD, KR Choksey Securities","{""Mundra Port"": ""positive"", ""KR Choksey Securities"": ""neutral""}",11
5257,"Gold, silver up on scattered buying, global cues","{""Gold"": ""positive"", ""silver"": ""positive""}",8
3531,Caustic soda prices decline on reduced offtake,"{""Caustic soda"": ""negative""}",7
8568,"Forget Iraq woes, Sensex can still rally another 2,000 points ahead of Budget 2014","{""Sensex"": ""positive""}",14
1909,ADF Foods gains 8% after domestic HNIs buy stake,"{""ADF Foods"": ""positive""}",9
236,Kuldip Singh named new CMD of MTNL,"{""MTNL"": ""neutral""}",7
1605,Driving season boosts oil,"{""oil"": ""positive""}",4
7985,TajGVK Hotels & Resorts Q3 net up at 12.91 crore,"{""TajGVK Hotels & Resorts"": ""positive""}",10
9311,"Rolta India slips 6%, cuts losses after Deutsche upgrade","{""Rolta India"": ""negative"", ""Deutsche"": ""neutral""}",9
3491,Dollar turns defensive on retail sales disappointment,"{""Dollar"": ""negative"", ""retail"": ""negative""}",7
1995,"Gold holds above $1,300, focus on Fed policy meeting","{""Gold"": ""positive""}",9
2825,Infinite Computer FY 11 consolidated net up 35% to Rs 107 crore,"{""Infinite Computer"": ""positive""}",12
9990,Profit booking by institutions may have triggered steep fall in Vakrangee: Ambareesh Baliga.,"{""Vakrangee"": ""negative""}",13
1343,"Just Dial has been a proxy to e-commerce play: Deepak Shenoy, Capital Mind","{""Just Dial"": ""neutral"", ""Capital Mind"": ""neutral""}",13
8513,Option bets soar as Nifty seen at 5800 next month on reform push,"{""Nifty"": ""positive""}",13
1620,"Nalco net jumps 31% to Rs 1,069 crore","{""Nalco"": ""positive""}",8
5288,"ACC, Ambuja Cement gain on cement price hike","{""ACC"": ""positive"", ""Ambuja Cement"": ""positive""}",8
2061,NSE's stock option strategy pays off as volumes soar,"{""NSE"": ""positive""}",9
10703,"Copper, zinc remain weak on global cues","{""Copper"": ""negative"", ""zinc"": ""negative""}",7
2220,Colgate-Palmolive Q2 net profit up 11.8% at Rs 100 cr,"{""Colgate-Palmolive"": ""positive""}",10
6039,Former Randstad India MD E Balaji joins TVS Logistics,"{""Randstad India"": ""neutral"", ""TVS Logistics"": ""neutral""}",9
261,"April 02, 2014: Mecklai Financial report on rupee","{""Mecklai Financial"": ""neutral""}",8
10077,From 30K to 27K; top 5 reasons why there is more pain ahead for Sensex,"{""Sensex"": ""negative""}",15
9094,Recommend to be cautious with NBCC: Jagdish Malkani,"{""NBCC"": ""negative""}",8
3745,Hefty fine for 'insider trade' looms over Reliance Industries,"{""Reliance Industries"": ""negative""}",9
2027,JNPT's October-March Net up 14% at Rs 312 crore,"{""JNPT"": ""positive""}",9
6989,Guarseed futures gain on speculative buying,"{""Guarseed"": ""positive""}",6
4235,"Indian markets may follow world trend, open on a jittery note","{""Indian markets"": ""negative""}",11
1918,"Aussie dollar bears emboldened by China data, others calmer","{""Aussie dollar"": ""positive""}",9
1829,BSE midcap index hits all-time high,"{""BSE midcap index"": ""positive""}",6
9766,Sell TVS Motors with stop loss of Rs 251: Sandeep Wagle,"{""TVS Motors"": ""negative""}",11
6234,Atul Auto will find resistance around Rs 128-130: Ashwani Gujral,"{""Atul Auto"": ""neutral""}",10
10042,Fight against black money: Sebi bars 59 entities including HNIs for executing fictitious trades,"{""Sebi"": ""neutral""}",14
6284,FTIL to 'highlight correct facts' of MCX-SX buyback to CBI,"{""FTIL"": ""neutral"", ""MCX-SX"": ""neutral"", ""CBI"": ""neutral""}",10
4209,Future prices of agriculture commodities tumble on rumours of trade ban,"{""agriculture commodities"": ""negative""}",11
225,NHPC: Timely completion of projects crucial for company,"{""NHPC"": ""neutral""}",8
8916,Selling pressure on Tata Steel: Seshadri Bharathan,"{""Tata Steel"": ""negative""}",7
9334,Shanghai Composite Index reverses gains after weak manufacturing data,"{""Shanghai Composite Index"": ""negative""}",9
6470,"Cheaper inputs help, but weak demand a drag on Asian Paints","{""Asian Paints"": ""neutral""}",11
10127,"Aban and Reliance can be picked up at current levels: Sandeep Wagle, APTART Technical Advisory Services","{""Aban"": ""positive"", ""Reliance"": ""positive"", ""APTART Technical Advisory Services"": ""neutral""}",16
847,Five things to watch out for in TCS Q1 results,"{""TCS"": ""neutral""}",10
4290,Refined soya oil futures fall 0.87 per cent on weak demand,"{""Refined soya oil futures"": ""negative""}",11
5561,Investors hopeful of government reviving tax-free bonds,"{""tax-free bonds"": ""neutral""}",7
2552,DHFL profit rises 18% at Rs 152 crore in July-Sept quarter,"{""DHFL"": ""positive""}",11
118,Sebi grants new status to three clearing corporations,"{""Sebi"": ""neutral""}",8
8838,Five reasons why Sensex fell 360 points,"{""Sensex"": ""negative""}",7
5967,Are you prepared for a bear market? Find out,"{""market"": ""negative""}",9
8196,"Reliance Communications raises Rs 6,100 crore via QIP to reduce debt","{""Reliance Communications"": ""positive""}",11
8660,Rush for higher returns before rate cut: NTPC tax-free bonds oversubscribed 10 times on Day 1,"{""NTPC"": ""positive""}",16
7490,Exchange ratio of 2:17 positive for Tech Mahindra: Analysts,"{""Tech Mahindra"": ""positive""}",9
6,Infosys: Will the strong volume growth sustain?,"{""Infosys"": ""neutral""}",7
5343,"Rice, soya pick up on better rains","{""Rice"": ""positive"", ""soya"": ""positive""}",7
9112,SKS Microfinance scrip tanks 5 pc on BSE,"{""SKS Microfinance"": ""negative"", ""BSE"": ""neutral""}",8
4325,Sensex loses momentum ahead of F&O expiry; top 20 trading ideas,"{""Sensex"": ""negative""}",11
1064,EID Parry December quarter consolidated net profit at Rs 15.15 crore,"{""EID Parry"": ""neutral""}",11
2591,"High on Modi, Gujarat-based stocks return upto 170%; top 10 bets","{""Gujarat-based stocks"": ""positive""}",11
8435,Unichem Lab Q1 net up 9 per cent at Rs 36 crore,"{""Unichem Lab"": ""positive""}",12
9353,Telcos pare gains as SC rejects license extension plea,"{""Telcos"": ""negative""}",9
3736,"Gold below $1,300 on stronger dollar, interest rate fears","{""dollar"": ""positive"", ""Gold"": ""negative""}",9
3518,Coal India down 2.5% on disappointing earnings,"{""Coal India"": ""negative""}",7
6987,"Deposit, credit growth lift HDFC Bank","{""HDFC Bank"": ""positive""}",6
6768,38% of global investors see rupee in 65-70 range in 2015: BofA-ML survey,"{""rupee"": ""neutral"", ""BofA-ML"": ""neutral""}",13
5623,RNRL is a clear sell: Seshadri Bharathan,"{""RNRL"": ""negative""}",7
1606,Noida Toll Bridge stocks gain on value buying,"{""Noida Toll Bridge"": ""positive""}",8
1734,Gold rises 0.36% on global cues,"{""Gold"": ""positive""}",6
10051,"NALCO net dips 21 pc to Rs 1,069 crore in FY12 on lower demand","{""NALCO"": ""negative""}",14
9505,Mining stocks down as iron ore hits 5-1/2 year low,"{""Mining stocks"": ""negative""}",10
3813,Pre-market: Nifty seen opening lower; may retest 6650 levels,"{""Nifty"": ""negative""}",9
10356,Mutual funds favour IT stocks like Infosys over pharma and auto,"{""Infosys"": ""positive"", ""pharma"": ""neutral"", ""auto"": ""neutral""}",11
1762,Eveready outsmarts market indices,"{""Eveready"": ""positive""}",4
5402,Prabhat Dairy to list shares tomorrow,"{""Prabhat Dairy"": ""neutral""}",6
2740,"WestBridge to buy 1.74% SKS stake, to emerge second largest holder","{""WestBridge"": ""positive""}",11
2473,"V-Mart attractive bet in retail space: Vinay Khattar, Edelweiss Financial","{""V-Mart"": ""positive"", ""Edelweiss Financial"": ""neutral""}",10
6739,"Rural Electrification Corporation to raise up to Rs 30,000 cr via debentures","{""Rural Electrification Corporation"": ""neutral""}",12
6892,"Core business performance, Reliance Jio launch to set direction for RIL stock going ahead: Amit Khurana","{""Reliance Jio"": ""neutral"", ""RIL"": ""neutral""}",16
7944,"Rate-sensitive stocks could do well post elections: Jyotivardhan Jaipuria, BofA-ML","{""BofA-ML"": ""neutral""}",10
9686,Indian Hotels Company Q1 net loss widens to Rs 34.82 cr,"{""Indian Hotels Company"": ""negative""}",11
4207,Fortis Q2 net loss at Rs 58 crore; CEO resignation accepted,"{""Fortis"": ""neutral""}",11
6372,"Participatory notes: A sensitive topic for govt, SEBI and investors","{""SEBI"": ""neutral""}",10
9362,US stocks: Wall Street ends down following UPS outlook,"{""UPS"": ""negative""}",9
233,Nasdaq eyes running dark pools for banks: WSJ,"{""Nasdaq"": ""neutral"", ""WSJ"": ""neutral""}",8
8259,Volkswagen stocks rise 4% over better than expected third quarter earnings,"{""Volkswagen"": ""positive""}",11
7562,Life Insurance Corporation increases stake in BHEL to 9%,"{""Life Insurance Corporation"": ""positive"", ""BHEL"": ""neutral""}",9
9796,3 promoters sell 54 lakh DB Corp shares for Rs 159.57 crore,"{""DB Corp"": ""negative""}",12
6169,SEBI may seek litigation information from companies launching IPOs,"{""SEBI"": ""neutral""}",9
3597,Almond declines on reduced offtake,"{""Almond"": ""negative""}",5
6289,German classifieds group Scout24 says to list shares this year,"{""Scout24"": ""neutral""}",10
4633,"Falling rupee to shave Rs 4,000 crore off Nifty companies in December quarter: Crisil","{""rupee"": ""negative"", ""Nifty"": ""negative""}",14
126,Sebi to study surveillance systems in overseas markets,"{""Sebi"": ""neutral""}",8
7642,Shares flirt with record highs on ECB easing bets,"{""ECB"": ""positive""}",9
6230,Akhil Puri joins KKR Capstone in Asia as India Director,"{""KKR Capstone"": ""neutral"", ""Asia"": ""neutral""}",10
1297,Today's bet for F&O: Strong support seen at 5180 level for Nifty,"{""Nifty"": ""neutral""}",12
1977,Europe rebounds as Ukraine rebels hand over black boxes,"{""Europe"": ""positive""}",9
10200,"BSE, NSE to move 25 companies to restricted trade segment from October 7","{""BSE"": ""neutral"", ""NSE"": ""neutral""}",13
10151,"Need to be patient while investing in oil and gas stocks: IV Subramaniam, Quantum AMC","{""oil and gas stocks"": ""positive"", ""Quantum AMC"": ""neutral""}",15
5751,Euro steadies after slumping on dovish Draghi comments,"{""Euro"": ""neutral""}",8
8153,Mirc Electronics Q4 net up 87 pc at Rs 9.7 cr,"{""Mirc Electronics"": ""positive""}",11
3087,"FTIL sells stake in NBHC for Rs 300 crore, say sources; stock surges 14%","{""FTIL"": ""positive"", ""NBHC"": ""neutral""}",14
9981,MphasiS Q1 net profit declines 2 per cent  to Rs 180.6 crore,"{""MphasiS"": ""negative""}",13
6883,"Shriram Transport Finance to raise Rs 1k crore via NCDs to meet lending, redemption requirements","{""Shriram Transport Finance"": ""neutral""}",15
10013,Vijaya Bank's third  quarter  net profit  plummets 91 per cent,"{""Vijaya Bank"": ""negative""}",13
7674,TCS continues to remain most favoured pick: Sudip Bandyopadhyay,"{""TCS"": ""positive""}",9
3346,Nifty's market cap way behind global indices,"{""Nifty"": ""negative""}",7
8173,Oil's 45% rebound could be testing nerves of markets and policymakers,"{""Oil"": ""positive""}",11
10135,"Sales growth of top 10 listed consumer cos like HUL, ITC, Dabur halves over year-ago period","{""HUL"": ""negative"", ""ITC"": ""negative"", ""Dabur"": ""negative""}",16
5871,Race hots up for U K Sinha's successor,"{""Race"": ""neutral""}",8
6507,"FTIL sells SMX for $150 mn; clear dues, say NSEL investors","{""FTIL"": ""neutral"", ""NSEL"": ""neutral""}",11
2798,Divis Lab  can climb to levels closer to 1160: Prakash Gaba,"{""Divis Lab"": ""positive""}",12
919,Near term outlook remains muted for cement space: Amit Khurana,"{""cement space"": ""neutral""}",10
1647,Markets to remain in an uptrend: Mitesh Thacker,"{""Markets"": ""positive""}",8
5123,"Sensex in red; technology, auto and realty lead the fall","{""Sensex"": ""negative"", ""technology"": ""negative"", ""auto"": ""negative"", ""realty"": ""negative""}",10
5127,"Sensex rangebound, Nifty holds 7300; top ten stocks in focus","{""Sensex"": ""neutral"", ""Nifty"": ""neutral""}",10
4622,UltraTech Jun qtr net dips 14% to Rs 673 crore on lower sales,"{""UltraTech"": ""negative""}",13
6810,Max Life posts PAT at Rs 326 cr for Apr-Dec period in FY14,"{""Max Life"": ""neutral""}",13
365,KK Maheshwari appointed as Grasim MD,"{""Grasim"": ""neutral""}",6
2126,Suneeta Reddy promoted as Apollo's Joint MD; stock up,"{""Apollo"": ""positive""}",9
8151,Media report on DVR led Tata Motors to surge: Jagdish Malkani,"{""Tata Motors"": ""positive"", ""DVR"": ""neutral""}",11
8718,Pearson slump drags Britain's FTSE lower,"{""Pearson"": ""negative""}",6
56,Tokyo stocks flat by the break,"{""Tokyo stocks"": ""neutral""}",6
639,Nifty might retest earlier high of 7800: Mitesh Thacker,"{""Nifty"": ""neutral""}",9
303,US Generic launches are key to Lupin growth,"{""Lupin"": ""neutral""}",8
5812,Lowe names Narayan Ram as India Managing Director,"{""Lowe"": ""neutral""}",8
1277,Refinery stocks go up during downtrends & fall during uptrends: Deepak Mohoni,"{""Refinery stocks"": ""neutral""}",12
4433,"Lack of BB penetration will slow BWA revenues: Karan Mittal, ICICI Direct","{""BWA"": ""negative"", ""ICICI Direct"": ""neutral""}",12
3645,Asian shares fall as Malaysia jet downing hits sentiment,"{""Asian shares"": ""negative""}",9
4144,Bill Gates dumped a huge amount of Microsoft stock this year,"{""Microsoft"": ""negative""}",11
2879,"Pre-open: Nifty likely to open on positive note, find support at 8,100","{""Nifty"": ""positive""}",12
6494,Exchanges need to change mindset: Bombay Stock Exchange chief Ashish Chauhan,"{""Bombay Stock Exchange"": ""neutral""}",11
5241,"Dealing room buzz: Cipla, M&M, Tata Steel, SBI","{""Cipla"": ""neutral"", ""M&M"": ""neutral"", ""Tata Steel"": ""neutral"", ""SBI"": ""neutral""}",8
10121,"L&T, others in the infra sector to do well in the medium term: Ajay Bodke, Prabhudas Lilladher","{""L&T"": ""positive""}",17
6938,Satyam Computer basks in IT glory,"{""Satyam Computer"": ""positive""}",6
7241,Coriander futures up 2.51 pc on strong demand,"{""Coriander"": ""positive""}",8
9946,BNP Paribas to suspend some US dollar-clearing for one year: New York regulator,"{""BNP Paribas"": ""negative""}",13
2594,HSIL Q3 turnaround in building products division may trigger a re-rating,"{""HSIL"": ""positive""}",11
2394,Prefer Tata Motors among largecap auto stocks: P Phani Sekhar,"{""Tata Motors"": ""positive""}",10
524,Anil Dua quits Hero MotoCorp; to pursue career abroad,"{""Hero MotoCorp"": ""neutral""}",9
6377,Pre-market: Nifty seen opening flat; may find support around 7460,"{""Nifty"": ""neutral""}",10
6982,iGate stock gallops despite warnings,"{""iGate"": ""positive""}",5
6678,Five things to know about trading securities smartly in the stock market,"{""stock market"": ""neutral""}",12
3901,200 tonnes of gold to illegally enter India this year,"{""gold"": ""neutral""}",10
10366,Prefer Idea Cellular over Bharti Airtel in Telecom space: Ajay Bodke,"{""Idea Cellular"": ""positive"", ""Bharti Airtel"": ""neutral""}",11
5586,Multi-year stock market rally on cards: Analysts,"{""stock market"": ""positive""}",7
10072,"Brace for further fall; Nifty likely to slip below recent low of 7,997: Mitesh Thacker","{""Nifty"": ""negative""}",15
7957,Sensex can correct max by 5-10%; uptrend remains intact: Analysts,"{""Sensex"": ""positive""}",10
7571,Markets at 3-week high despite muted Asia: Top bets,"{""Markets"": ""positive""}",9
6778,Do not expect to see change in PSU bank fundamentals soon: Prashasta Seth,"{""PSU bank"": ""neutral""}",13
672,"Pre-market: Nifty seen opening flat; may reclaim 7,800 levels","{""Nifty"": ""neutral""}",9
4189,Escorts Q1 net down 41.49 per cent at Rs 34.11 crore,"{""Escorts"": ""negative""}",11
667,"Pipavav is steady: Ambareesh Baliga, Way2Wealth Brokers Pvt. Ltd","{""Pipavav"": ""neutral""}",9
3267,"Taiwan stocks down, tracking global markets","{""Taiwan stocks"": ""negative""}",6
1888,Sterling treads water just off six-year high,"{""Sterling"": ""positive""}",7
8473,Diageo stock surges on news of takeover by Brazillian billionaire Jorge Paulo Lemann,"{""Diageo"": ""positive""}",13
9912,Somany Ceramics drops 7% as firm sets QIP floor price at discount,"{""Somany Ceramics"": ""negative""}",12
9092,Raw sugar deals slow down after subsidy announcement,"{""Raw sugar"": ""negative""}",8
7688,"Upbeat earnings lift European shares, China still a drag","{""European shares"": ""positive""}",9
6032,F&O Tracker: Nifty Likely to Trade in 8650-8280 Zone,"{""Nifty"": ""neutral""}",9
6091,Maruti Suzuki could have avoided the mix-up: Prateek Agarwal,"{""Maruti Suzuki"": ""neutral""}",9
6239,BSE eyes trading speed of 20 microseconds in three years,"{""BSE"": ""neutral""}",10
7351,SBI: Growing loan book expected to boost margins,"{""SBI"": ""positive""}",8
7831,Hindalco bags one more coal mine in auction; stk gains,"{""Hindalco"": ""positive""}",10
761,U K Sinha gets two-year extension as Sebi chief,"{""Sebi"": ""neutral""}",9
6255,Commex regulator steps in to scotch rumours on agricultural futures,"{""Commex"": ""neutral"", ""agricultural futures"": ""neutral""}",10
1907,300 nifty points led by banking sector: Jagdish Malkani,"{""banking sector"": ""positive""}",9
3819,Ranbaxy Laboratories: Settlement takes away gains from Lipitor launch,"{""Ranbaxy Laboratories"": ""negative""}",9
6270,F&O Tracker: Call bunching at 7500 on Nifty shows resistance,"{""Nifty"": ""neutral""}",10
4301,SAT rejects Rose Valley's plea seeking more time to sell properties,"{""Rose Valley"": ""negative"", ""SAT"": ""neutral""}",11
5570,Mahalingam Balaji appointed IDC India Research Director,"{""IDC India"": ""neutral""}",7
7942,Ranbaxy Laboratories posts a better-than-expected net profit; stock up 4.5%,"{""Ranbaxy Laboratories"": ""positive""}",10
4165,Cipla Q4 net down 22.33 per cent to Rs 214 cr,"{""Cipla"": ""negative""}",11
5972,"Asset Reconstruction Company appoints Sanjay Jain as president, COO","{""Asset Reconstruction Company"": ""neutral""}",9
3580,Erratic gas supply hits Assam tea production,"{""Assam tea"": ""negative""}",7
2833,"ITC looks interesting at current levels: Prashasta Seth, IIFL Wealth, India Infoline","{""ITC"": ""positive"", ""IIFL Wealth"": ""neutral"", ""India Infoline"": ""neutral""}",12
5450,Gur ends flat in thin trade,"{""Gur"": ""neutral""}",6
3473,European shares resume slide as Russia fears persist,"{""European shares"": ""negative""}",8
6328,LSE Group names Nikhil Rathi CEO of London Stock Exchange,"{""LSE Group"": ""neutral"", ""London Stock Exchange"": ""neutral""}",10
138,Samsonite International appoints Ramesh Tainwala as global COO,"{""Samsonite International"": ""neutral""}",8
7044,Aanjaneya has been rising steadily: Deepak Mohoni,"{""Aanjaneya"": ""positive""}",7
4893,"Euronext, Shanghai Stock Exchange tie up to boost data business in China","{""Euronext"": ""neutral"", ""Shanghai Stock Exchange"": ""neutral""}",12
2181,ARSS Infra PAT up by 2% at Rs 26.11 cr,"{""ARSS Infra"": ""positive""}",10
7731,Automotive Stampings to raise Rs 29 cr via rights issue,"{""Automotive Stampings"": ""positive""}",10
3178,"IOB rises over 17% as Q4 net sees 4-fold jump; Experts up bets, see 27% upside","{""IOB"": ""positive""}",16
4855,Recommend to stay cautious on Cox & Kings and Tex Rail: Mayuresh Joshi,"{""Cox & Kings"": ""negative"", ""Tex Rail"": ""negative""}",13
4638,"Gillette to get costly, not a standard BT/ST call in long term: Jagdish Malkani","{""Gillette"": ""negative""}",14
5116,"Rally in IT stocks, RIL drives Sensex to one-month high","{""IT stocks"": ""positive"", ""RIL"": ""positive"", ""Sensex"": ""positive""}",10
10008,"Suzlon: Orders rise, but high debt may take wind out of its sails","{""Suzlon"": ""negative""}",13
7649,Smallcaps that can give good returns in near term,"{""Smallcaps"": ""positive""}",9
4262,Nifty50 in a no-trade zone due to holiday-truncated week: Sandeep Wagle,"{""Nifty50"": ""negative""}",11
1332,Helion co-founder Kanwaljit Singh moving out as VC firm names two new partners,"{""Helion"": ""neutral""}",13
7003,Den demerger talk lifts stock,"{""Den"": ""positive""}",5
9551,SREI Infra slumps on low valuation of American Tower-Viom deal,"{""SREI Infra"": ""negative""}",10
6942,Off-market divestment boosts PSU share performance,"{""PSU"": ""positive""}",6
8018,"22,214 is new closing high for Sensex: Top bets from experts","{""Sensex"": ""positive""}",11
6242,BSE to auction investment limits for Rs 332-crore government bonds,"{""BSE"": ""neutral"", ""government bonds"": ""neutral""}",10
9522,"Oil dives to new depths, rush to safety aids yen","{""Oil"": ""negative""}",10
10740,"Wipro, Siemens to exit Nifty from Monday","{""Wipro"": ""neutral"", ""Siemens"": ""neutral""}",7
6882,Reforms planned by the government will have a strong bearing on the market: Vinay Khattar,"{""market"": ""neutral""}",15
4531,Aditya Birla Nuvo Q1 Net down 20.41 per cent to Rs 263.7 crore,"{""Aditya Birla Nuvo"": ""negative""}",13
4674,Go short on Renuka Sugars once it starts trading below levels of 35: Mitesh Thacker,"{""Renuka Sugars"": ""negative""}",15
6997,Duncans surges after 50% stake sale,"{""Duncans"": ""positive""}",6
1253,IOT Infrastructure & Energy Services raises Rs 3000 crore from domestic investors,"{""IOT Infrastructure & Energy Services"": ""neutral""}",12
3375,Cautious on metal stocks: IV Subramaniam,"{""metal stocks"": ""negative""}",6
2815,"HCC a good pick in the construction space: Abhijit Paul, Brics Securities","{""HCC"": ""positive""}",12
4720,"ONGC, Oil India top pick in oil & gas space; can rally up to 46% in one year: Macquarie","{""ONGC"": ""positive"", ""Oil India"": ""positive"", ""Macquarie"": ""neutral""}",19
6545,"Macro data, FIIs to decide Indian mkt trend this week: Experts","{""Indian mkt"": ""neutral""}",11
4859,"Yen, Swiss franc rise on Iraq concerns, pound at 5-yr high vs dollar","{""Yen"": ""positive"", ""Swiss franc"": ""positive"", ""pound"": ""positive"", ""dollar"": ""neutral""}",13
7902,Nasdaq edges to record high to open busy earnings week,"{""Nasdaq"": ""positive""}",10
8581,"Offshore yuan surges by more than 1 per cent, set for biggest daily gain","{""yuan"": ""positive""}",14
8428,Titagarh Wagons launches open offer to buy up to 25% in Cimmco,"{""Titagarh Wagons"": ""positive"", ""Cimmco"": ""neutral""}",12
1078,Finance Ministry to give in-principle approval for UTI MF IPO soon,"{""UTI MF"": ""neutral""}",11
4364,"AAP may decimate Cong, no big moves seen on Sensex: Credit Suisse","{""Sensex"": ""negative"", ""Credit Suisse"": ""neutral""}",12
771,VRL Logistics sets Rs 195-205 price band for IPO,"{""VRL Logistics"": ""neutral""}",9
8866,JSPL down on CAG report: Prakash Diwan,"{""JSPL"": ""negative"", ""CAG"": ""neutral""}",7
250,"July 31, 2014: Mecklai Financial report on Rupee","{""Mecklai Financial"": ""neutral"", ""Rupee"": ""neutral""}",8
9767,Sensex plunges 400 points; over 70 stocks hit fresh 52-week lows,"{""Sensex"": ""negative""}",11
7240,Coriander futures gain 2.42 pc on rising demand,"{""Coriander"": ""positive""}",8
3420,Deutsche Bank downgrades Indian equities to neutral,"{""Indian equities"": ""negative"", ""Deutsche Bank"": ""neutral""}",7
10016,Warren Buffett's Berkshire equity portfolio goes awry; loses $5 bn since June 30,"{""Berkshire"": ""negative""}",13
4977,"JSPL, Monnet & NIIT Tech; three stocks that stole the show","{""JSPL"": ""positive"", ""Monnet"": ""positive"", ""NIIT Tech"": ""positive""}",11
4545,"China shares post biggest daily loss in six months on economy, liquidity worries","{""China"": ""negative""}",13
5566,JSW Steel promoter hikes stake in company,"{""JSW Steel"": ""neutral""}",7
7940,"Quality stocks will lead the rally: Vijai Mantri, Pramerica MF","{""Pramerica MF"": ""neutral""}",10
717,Sebi to soon notify norms to regulate research analysts,"{""Sebi"": ""neutral""}",9
10386,"Underweight on metals & manufacturing stocks : Vijai Mantri, Pramerica MF","{""metals"": ""negative"", ""manufacturing stocks"": ""negative"", ""Pramerica MF"": ""neutral""}",11
2049,Mid-caps could outperm large-caps in 6-12 months: Hemang Jani,"{""Mid-caps"": ""positive"", ""large-caps"": ""neutral""}",9
5998,Central Bank sells entire stake in CIBIL to Transunion,"{""CIBIL"": ""negative"", ""Central Bank"": ""neutral"", ""Transunion"": ""neutral""}",9
6601,Sebi mulls stronger norms to check misuse of POAs by brokers,"{""Sebi"": ""neutral""}",11
7246,"Dow tops 11,000 for first time since May","{""Dow"": ""positive""}",8
4179,Deccan Chronicle Holdings posts loss of Rs 46.57 cr in Q4,"{""Deccan Chronicle Holdings"": ""neutral""}",11
4810,"LIC, GIC and Indiabulls Housing Finance are good bets now: Phani Shekhar, Angel Broking","{""LIC"": ""positive"", ""GIC"": ""positive"", ""Indiabulls Housing Finance"": ""positive"", ""Angel Broking"": ""neutral""}",14
10202,D-Street trading: Mid & small cap stocks not yet out of the woods,"{""Mid"": ""neutral"", ""small cap stocks"": ""neutral""}",13
7141,PNB raises Rs 500 crore through bonds,"{""PNB"": ""positive""}",7
7191,Yamaha domestic sales up 35.81% in July,"{""Yamaha"": ""positive""}",7
1461,DLF has become extremely flat: Ashwani Gujral,"{""DLF"": ""neutral""}",7
5990,BSE asks brokers to remit excess STT to government,"{""BSE"": ""neutral""}",9
9861,IRB Infrastructure Q3 net profit down 24 pc at Rs 109 crore,"{""IRB Infrastructure"": ""negative""}",12
2001,Heritage Foods Q1 net profit rises 76 per cent,"{""Heritage Foods"": ""positive""}",9
8176,"Oracle Financial FY'11 net profit up 43.60% to Rs 1,111 crore","{""Oracle Financial"": ""positive""}",11
405,Euro back around $1.37 as ECB meets again,"{""Euro"": ""neutral"", ""ECB"": ""neutral""}",8
385,FMC unveils uniform warehouse accreditation norms for bourses,"{""FMC"": ""neutral"", ""bourses"": ""neutral""}",8
10165,"8200 holds the key for Nifty; Sensex likely to climb to 27,375: Mitesh Thacker","{""Sensex"": ""positive"", ""Nifty"": ""neutral""}",14
10207,"Pharma stocks rally after SC's Novartis verdict; analysts positive on DRL, Cipla, Natco","{""Pharma stocks"": ""positive"", ""DRL"": ""positive"", ""Cipla"": ""positive"", ""Natco"": ""positive""}",13
1634,Metal cos are having good volume growth',"{""Metal cos"": ""positive""}",7
10279,"Many stocks like BHEL, Siemens, Ambuja Cement, SAIL and Hindalco overvalued: Analysts","{""BHEL"": ""negative"", ""Siemens"": ""negative"", ""Ambuja Cement"": ""negative"", ""SAIL"": ""negative"", ""Hindalco"": ""negative""}",12
4785,"IT stocks fall after UBS downgrades Infosys to 'sell'; Wipro, TCS down over 1%","{""IT stocks"": ""negative"", ""Infosys"": ""negative"", ""Wipro"": ""negative"", ""TCS"": ""negative"", ""UBS"": ""neutral""}",14
10176,From fragile five to two good: Dollar flexing muscles but rupee is fit too,"{""rupee"": ""positive"", ""Dollar"": ""positive""}",14
6971,Manufacturing stuns markets with best show,"{""Manufacturing"": ""positive""}",6
3926,"China shares edge lower on supply concerns, Hong Kong weaker","{""China shares"": ""negative"", ""Hong Kong"": ""negative""}",10
4159,"Challenging for companies to raise money: U K Sinha, Sebi Chairman","{""Sebi"": ""neutral""}",11
7450,CFCL Q1 net up 81% at Rs 146.32 cr,"{""CFCL"": ""positive""}",9
8416,"Strides' Q4 profit jumps 47-fold to Rs 3,525 crore on investment sale","{""Strides"": ""positive""}",12
2194,"Brent holds above $107 on US crude draw, China data","{""Brent"": ""positive""}",10
10017,Wockhardt slips nearly 4 per cent as Illinois unit comes under USFDA scanner,"{""Wockhardt"": ""negative""}",13
1016,"Watch out for 720-725 band in Reliance: Vijay Bhambwani, BSPLindia.com","{""Reliance"": ""neutral"", ""BSPLindia.com"": ""neutral""}",10
5125,"Sensex rangebound, Nifty below 7800; top fifteen stocks in focus","{""Nifty"": ""negative"", ""Sensex"": ""neutral""}",10
7419,AstraZeneca Pharma rallies over 12% as shareholders approve delisting,"{""AstraZeneca Pharma"": ""positive""}",9
7410,"America, Q3 results or politics; what's making markets surge?","{""America"": ""positive""}",9
8990,Credit Suisse downgrades Ipca Labs; stock plunges 15%,"{""Ipca Labs"": ""negative"", ""Credit Suisse"": ""neutral""}",8
2872,Opto Circuits gains over 12% on stake sale reports to Goldman Sachs,"{""Opto Circuits"": ""positive"", ""Goldman Sachs"": ""neutral""}",12
10,Genpact appoints Edward J Fitzpatrick as CFO,"{""Genpact"": ""neutral""}",7
1839,LIC buys 5.94% stake in BHEL,"{""BHEL"": ""positive"", ""LIC"": ""neutral""}",6
4805,"HPCL, BPCL, IOC excellent stocks to buy if subsidy issues get cleared: Sudip Bandyopadhyay","{""HPCL"": ""positive"", ""BPCL"": ""positive"", ""IOC"": ""positive""}",14
256,"Mecklai Financial Report: Novermber 03, 2014","{""Mecklai Financial"": ""neutral""}",6
7027,Bajaj Finserv pretty attractive: Hemang Jani,"{""Bajaj Finserv"": ""positive""}",6
5714,BSE to launch IRF trading from January 20,"{""BSE"": ""neutral""}",8
3325,Not bullish on power sector: Manish Sonthalia,"{""power sector"": ""negative""}",7
7715,Allahabad Bank Q4 profit up 15% to Rs 257.6 crore,"{""Allahabad Bank"": ""positive""}",10
1582,Premier Explosives surges on licence for defense products,"{""Premier Explosives"": ""positive""}",8
925,Nifty may be on its way to 6800: Ashwani Gujral,"{""Nifty"": ""neutral""}",10
2780,"Cabinet clears bills on Sebi, insurance FDI; market gives thumbs-up to development","{""Sebi"": ""positive""}",12
7892,Mindtree's Q4 net up 14 pc at Rs 78.9 cr,"{""Mindtree"": ""positive""}",10
6133,Pre-market: Nifty likely to open gap-down on Greece woes,"{""Nifty"": ""neutral""}",9
5321,"IOC, BPCL, HPCL slipped on Moody's view","{""IOC"": ""negative"", ""BPCL"": ""negative"", ""HPCL"": ""negative"", ""Moody's"": ""neutral""}",7
7313,No serious corrections expected in market: Ashwani Gujral,"{""market"": ""neutral""}",8
7103,Hindalco gains upto 6% on value buying,"{""Hindalco"": ""positive""}",7
6043,Gold dips but Malaysian plane downing seen aiding sentiment,"{""Gold"": ""neutral""}",9
3776,Market taking bearish or a negative position: Ashwani Gujral,"{""Market"": ""negative""}",9
4836,"BPCL, HPCL on declines look like a good bet: Mayuresh Joshi, Angel Broking","{""BPCL"": ""positive"", ""HPCL"": ""positive"", ""Angel Broking"": ""neutral""}",13
4965,"CNX IT, tech stocks look poised for fresh highs: Ashwani Gujral","{""CNX IT"": ""positive"", ""tech stocks"": ""positive""}",11
540,BSE and NSE announce trading holiday on April 24,"{""NSE"": ""neutral"", ""BSE"": ""neutral""}",9
7484,Equity to outperform other asset classes in 2015: Experts,"{""Equity"": ""positive""}",9
2746,Zydus Wellness Q3 net profit up 66% at Rs 44 crore,"{""Zydus Wellness"": ""positive""}",11
3720,European shares fall for fourth session in a row,"{""European shares"": ""negative""}",9
6820,RIL AGM will be a landmark event for corporate India and telecom sector,"{""RIL"": ""neutral"", ""corporate India"": ""neutral"", ""telecom sector"": ""neutral""}",13
9338,Silver remains down in futures trade tracking global cues,"{""Silver"": ""negative""}",9
4469,RComm will see further upside on plans to reduce debt: Shashank Khade,"{""RComm"": ""positive""}",12
668,Piramal Enterprises Q3 net profit at Rs 249 crore,"{""Piramal Enterprises"": ""neutral""}",9
7576,Miners boost Britain's FTSE on bullishness over China's economy,"{""FTSE"": ""positive""}",9
8550,"Are IT stocks losing touch? No, it's the right time to buy, say experts","{""IT stocks"": ""positive""}",14
5064,"Chill on street continues; Sensex slips 93 points, Infosys shines","{""Infosys"": ""positive"", ""Sensex"": ""negative""}",10
1354,Taking DVR route to Tata Motors' rights issue may be a better play,"{""Tata Motors"": ""neutral"", ""DVR"": ""neutral""}",13
7115,Insecticides is a strong stock: Deepak Mohoni,"{""Insecticides"": ""positive""}",7
10511,"Tech, healthcare shares lead China market higher; Hong Kong up","{""Tech"": ""positive"", ""healthcare shares"": ""positive"", ""China market"": ""positive"", ""Hong Kong"": ""positive""}",10
8663,Snowman may be a cool long-term buy; large cold storage network gives it a competitive edge,"{""Snowman"": ""positive""}",16
2704,Sobha Developers: A realty counter that may give over 45% returns,"{""Sobha Developers"": ""positive""}",11
3331,Pantaloon shares slump as net loss widens,"{""Pantaloon"": ""negative""}",7
8054,City Union Bank Q4 Net rises 1% to Rs 83.34 crore,"{""City Union Bank"": ""positive""}",11
9589,Zenotech Laboratories Q3 net loss widens to Rs 3.75 cr,"{""Zenotech Laboratories"": ""negative""}",10
3585,Bearish on Ashok Leyland: Gaurang Shah,"{""Ashok Leyland"": ""negative""}",6
10157,"State-run Cos REC, PFC, PGC etc expect rates to fall, may offer short tenure bonds","{""REC"": ""neutral"", ""PFC"": ""neutral"", ""PGC"": ""neutral""}",15
5646,Should investors subscribe to Shemaroo Entertainment IPO?,"{""Shemaroo Entertainment"": ""neutral""}",7
3377,Mentha oil falls 0.35 per cent on profit-booking,"{""Mentha oil"": ""negative""}",8
1257,"Keshub Mahindra retires as Mahindra & Mahindra Chairman, Anand Mahindra takes over","{""Mahindra & Mahindra"": ""neutral""}",12
6191,Sunil Mittal appointed co-chair of India Africa Business Council,"{""India Africa Business Council"": ""neutral""}",9
9443,GlaxoSmithKline Pharma Q2 Net down 14.56% to Rs 98.29 crore,"{""GlaxoSmithKline Pharma"": ""negative""}",10
5349,"Chilli, jeera rise on increased buying","{""Chilli"": ""positive"", ""jeera"": ""positive""}",6
4176,"Credit Suisse cuts Bharti Airtel to Underperform, stock falls over 4%","{""Bharti Airtel"": ""negative"", ""Credit Suisse"": ""neutral""}",11
4911,"Positive on oil and gas stocks: Sadanand Shetty, Taurus Asset Management Company","{""oil and gas stocks"": ""positive"", ""Taurus Asset Management Company"": ""neutral""}",12
1853,AstraZeneca Pharma surges on strong Q4 results,"{""AstraZeneca Pharma"": ""positive""}",7
6317,Japan's Recruit prices $2 billion IPO at top of range,"{""Recruit"": ""neutral""}",10
10598,"Yuan touches 6-month low, Taiwan dollar hits 4-year low","{""Yuan"": ""negative"", ""Taiwan dollar"": ""negative""}",9
2106,SCI soars 8 pc in early trade on BSE,"{""SCI"": ""positive""}",9
134,"Saudi market opens, may affect global fund flows","{""Saudi market"": ""neutral""}",8
5030,"Dollar steadies from payrolls wobble, Aussie firmer on house data","{""Dollar"": ""neutral"", ""Aussie"": ""neutral""}",10
929,"Nifty to trade in a range of 8350-8,550: Ashwani Gujral","{""Nifty"": ""neutral""}",10
824,Cos with high IPO grades have higher PE multiples: Crisil,"{""Crisil"": ""neutral""}",10
7577,"Miners help FTSE bounce, but weak results cap gains","{""FTSE"": ""positive""}",9
1532,CLSA maintains 'Buy' on Shree Cement,"{""Shree Cement"": ""positive"", ""CLSA"": ""neutral""}",6
1215,Beaten down counters aid Sensex; Top ten stocks to watch this week,"{""Sensex"": ""neutral""}",12
505,Sanjiv Mediratta joins Amalgamated Bean Coffee Trading Company,"{""Amalgamated Bean Coffee Trading Company"": ""neutral""}",8
6531,"Investment banker Manish Chokhani to head TPGs India, SE Asia play","{""TPGs India"": ""neutral"", ""SE Asia play"": ""neutral""}",11
3073,Bharti Infratel fourth quarter net profit may rise  by 36 per cent: Report,"{""Bharti Infratel"": ""positive""}",14
9577,Videocon Industries Q4 Net down 47% at Rs 86.42 crore,"{""Videocon Industries"": ""negative""}",10
9087,Potato futures fall 2.58 pc on sluggish demand,"{""Potato"": ""negative""}",8
8648,Adlabs' IPO a good opportunity for investors willing to invest in entertainment  biz: Deven Choksey,"{""Adlabs"": ""positive""}",16
6620,"Still enough trading opportunities in primary sectors: Prakash Diwan, Altamount Capital","{""Altamount Capital"": ""neutral""}",11
9274,Moser Baer Q2 standalone loss at Rs 131.75 cr,"{""Moser Baer"": ""negative""}",9
3710,DTC proposal to create volatility in stock markets: Analysts,"{""DTC"": ""negative""}",9
10311,US stocks: Wall Street ends down 5th session; oil prices fall further,"{""Wall Street"": ""negative"", ""oil"": ""negative""}",12
4850,"Large cap IT stocks like TCS, Infosys are a decent buy: Ashwani Gujral","{""TCS"": ""positive"", ""Infosys"": ""positive""}",13
4749,"Ranbaxy, Cipla and Glenmark may go up by 20-25% in longer term: K R Choksey Securities","{""Ranbaxy"": ""positive"", ""Cipla"": ""positive"", ""Glenmark"": ""positive"", ""K R Choksey Securities"": ""neutral""}",16
4269,Panacea Biotec posts net loss at Rs 66 crore in Q1,"{""Panacea Biotec"": ""neutral""}",11
10623,"Rupee, government bonds hit by US data, Bihar results","{""Rupee"": ""negative"", ""government bonds"": ""negative""}",9
8906,RBIs balancing act amid shaky currency market,"{""currency market"": ""negative""}",7
4187,Elder Pharma defaults on Rs 261 crore interest payment on debentures,"{""Elder Pharma"": ""negative""}",11
5302,"SBI, HDFC best bets in banking: Deepak Mohoni","{""SBI"": ""positive"", ""HDFC"": ""positive""}",8
2924,Suzlon Energy rallies 20% in two sessions as Q4 net loss narrows,"{""Suzlon Energy"": ""positive""}",12
6589,Results announcement: NTPC asks directors not to trade in its shares,"{""NTPC"": ""neutral""}",11
1811,Coffee Day gains; Citi starts at 'buy',"{""Coffee Day"": ""positive"", ""Citi"": ""neutral""}",7
3487,"Edible oils decline on easing demand, adequate supply","{""Edible oils"": ""negative""}",8
7420,Aurobindo Pharma rallies over 8% on strong Q2 results,"{""Aurobindo Pharma"": ""positive""}",9
3142,Kansai Nerolac Paints Q2 net profit up by 40.62 per cent at Rs 72.66 crore,"{""Kansai Nerolac Paints"": ""positive""}",15
10020,"Zinc futures fall 0.17 per cent on low spot demand, weak global cues","{""Zinc"": ""negative""}",13
9348,Steady supply keeps Brent oil below $100 a barrel,"{""Brent oil"": ""negative""}",9
1325,Forward Markets Commission steps up vigil to curb volatility on NCDEX and MCX,"{""Forward Markets Commission"": ""neutral""}",13
4313,Sell Indiabulls Realty with a target of Rs 60: Mitesh Thacker,"{""Indiabulls Realty"": ""negative""}",11
7495,FCCBs weigh on Subex as new orders raise hopes,"{""Subex"": ""positive""}",9
8703,Select grains down on reduced offtake,"{""Select grains"": ""negative""}",6
9873,Panacea Biotec slips as Q1 net loss widens to Rs 37 crore,"{""Panacea Biotec"": ""negative""}",12
8692,Legal hurdle sours sugar exports,"{""sugar"": ""negative""}",5
10224,EID Parry is a good pick from sugar and agri space: Shrikant Chouhan,"{""EID Parry"": ""positive""}",13
10049,MD CP Gurnani sells 1.46 lakh shares of Tech Mahindra for Rs 15.51 crore,"{""Tech Mahindra"": ""negative"", ""MD CP Gurnani"": ""neutral""}",14
9581,Volatility higher but fall in contract value hits gold turnover,"{""gold"": ""negative""}",10
5542,Gold barely changed on mixed economic signals,"{""Gold"": ""neutral""}",7
6173,Sebi seeks clarification from 3 firms on IPO plans,"{""Sebi"": ""neutral""}",9
1541,Bernanke comments push Sensex by over 350 points,"{""Sensex"": ""positive""}",8
9410,"Copper weakens in futures trade on global cues, subdued demand","{""Copper"": ""negative""}",10
2682,"Revival in demand fueling Ashok Leyland stock: Ajay Bodke, Prabhudas Lilladher","{""Ashok Leyland"": ""positive""}",11
10627,"Stocks, dollar, climb as Fed takes a first step","{""Stocks"": ""positive"", ""dollar"": ""positive""}",9
6314,Investors should be judicious in the IT space: Ajay Bodke,"{""IT space"": ""neutral""}",10
1192,"To keep growing in 2010, stock markets want costs under check","{""stock markets"": ""neutral""}",11
5294,"Guarseed, gum margins on longs raised to 30%","{""Guarseed"": ""positive"", ""gum"": ""positive""}",8
1543,Selan Oil Exploration shares rally on buy-back plans,"{""Selan Oil Exploration"": ""positive""}",8
7057,Buoyant StanChart helps Europe stocks bounce back,"{""StanChart"": ""positive"", ""Europe stocks"": ""positive""}",7
2540,Commodity market can create additional 5 mn jobs in 5 years',"{""Commodity"": ""positive""}",11
954,"Q1 earnings: Lanco Infratech PAT seen at Rs 3,480 crore","{""Lanco Infratech"": ""neutral""}",10
7242,Crude palm oil futures up on spot demand,"{""Crude palm oil"": ""positive""}",8
6732,RBI monetary policy to set the tone for stock market this week,"{""RBI"": ""neutral"", ""stock market"": ""neutral""}",12
4847,"ICICI, Axis & HDFC Bank will gain most from economic revival, say analysts","{""ICICI"": ""positive"", ""Axis"": ""positive"", ""HDFC Bank"": ""positive""}",13
6802,"JPMorgan downgrades RIL rating  to 'Neutral', raises target price to Rs 1,100","{""JPMorgan"": ""neutral"", ""RIL"": ""neutral""}",13
8011,Why you should buy L&T at lows despite weak earnings,"{""L&T"": ""positive""}",10
4331,"Sistema Shyam Q2 loss widens Rs 1,180 crore on weak rupee","{""Sistema Shyam"": ""negative""}",11
8925,"Sugar futures fall on govt measures, profit-booking","{""Sugar"": ""negative""}",7
5335,"Gold, silver spike catches traders off guard","{""Gold"": ""positive"", ""silver"": ""positive""}",7
7331,"Premium drive, new bike key to Bajaj's momentum","{""Bajaj"": ""positive""}",8
9349,Steel stocks decline on weak China factory output data,"{""Steel stocks"": ""negative""}",9
4730,"Etsy, Virtu Financial & Party City IPOs may end slow start for 2015 debuts on Wall Street","{""Etsy"": ""neutral"", ""Virtu Financial"": ""neutral"", ""Party City"": ""neutral""}",17
6542,Lakshmi Vilas Bank seeks Sebi nod for Rs 505-cr rights issue,"{""Lakshmi Vilas Bank"": ""neutral"", ""Sebi"": ""neutral""}",11
5306,"Venus Fibres, GS Oils put IPOs on hold","{""Venus Fibres"": ""negative"", ""GS Oils"": ""negative""}",8
5162,"Expect CIL, ONGC, REC to perform, says Jagannadham Thunuguntla","{""CIL"": ""positive"", ""ONGC"": ""positive"", ""REC"": ""positive""}",9
7861,JSW Energy Q2 net up 54% at Rs 492 crore,"{""JSW Energy"": ""positive""}",10
2157,Whirlpool Q3 net up 49.13% to Rs 24.10 cr,"{""Whirlpool"": ""positive""}",9
1063,"Early elections could provide needed impetus to markets: Pankaj Pandey, ICICIdirect.com","{""ICICIdirect.com"": ""neutral""}",11
1168,"Relief temporary for DLF, analysts advise investors to avoid long bets","{""DLF"": ""neutral""}",11
3637,Analyst View: Frontline banking stocks trading below psychological levels,"{""Frontline banking stocks"": ""negative""}",9
7652,Somany Ceramics among top picks for 2016: Pankaj Pandey,"{""Somany Ceramics"": ""positive""}",9
5589,NCDEX introduces hedge policy for commodity markets,"{""NCDEX"": ""neutral""}",7
7193,$40 oil could be a game-changer for Russia,"{""oil"": ""positive"", ""Russia"": ""positive""}",8
4492,Sell Tata Motors Ltd with a target of Rs 415: Mitesh Thacker,"{""Tata Motors Ltd"": ""negative""}",12
7267,Germany DAX latest market to strike record high,"{""Germany DAX"": ""positive""}",8
4981,"Like Abbott, Ambelic Pharma, but high valuations a concern: Mehraboon Irani","{""Abbott"": ""positive"", ""Ambelic Pharma"": ""positive""}",11
8336,ICRA jumps 20% on Moody's open offer;M-cap swells by Rs 318 crore,"{""ICRA"": ""positive"", ""Moody"": ""neutral"", ""M-cap"": ""neutral""}",12
10700,Wall Street opens flat as Microsoft offsets Amazon,"{""Microsoft"": ""positive"", ""Wall Street"": ""neutral"", ""Amazon"": ""neutral""}",8
4947,"Two-wheelers, private banks, consumption story to play out well: Ajay Bagga","{""Two-wheelers"": ""positive"", ""private banks"": ""positive"", ""consumption"": ""positive""}",11
2783,City Union Bank Q1 net profit up 12% at Rs 112 crore,"{""City Union Bank"": ""positive""}",12
718,Sebi to study global systems to catch manipulators early,"{""Sebi"": ""neutral""}",9
10012,"Tough competition, slow revival in domestic cycle make steel stocks avoidable: Ajay Bagga","{""steel stocks"": ""negative""}",13
2503,Asia seen buying more Black Sea wheat as rain boosts yields,"{""Black Sea wheat"": ""positive""}",11
4361,You think the stock market is crazy? Look at oil prices,"{""oil"": ""negative""}",11
4172,Controlling shareholders to sell $300 mn of shares in Hero MotoCorp,"{""Hero MotoCorp"": ""negative""}",11
8083,Financial Technologies rallies over 8% on signing technology contract with MCX,"{""Financial Technologies"": ""positive"", ""MCX"": ""neutral""}",11
10497,"Sensex rangebound, Nifty flirts with 6800; top 20 trading bets","{""Nifty"": ""negative"", ""Sensex"": ""neutral""}",10
396,Fatpipe to raise Rs 49 cr through IPO,"{""Fatpipe"": ""neutral""}",8
7187,VRL Logistics ends 42% up on debut,"{""VRL Logistics"": ""positive""}",7
10563,"Long-term outlook on IT, private sector banks: Arindam Ghosh","{""IT"": ""positive"", ""private sector banks"": ""positive""}",9
4493,Sell Tata Power Ltd with a target of Rs 79: Ashwani Gujral,"{""Tata Power Ltd"": ""negative""}",12
1366,"Citigroup sees Sensex at 35,000 by June 2016, but trims Dec-2015 target to 32,200","{""Citigroup"": ""neutral"", ""Sensex"": ""neutral""}",14
10248,"2011: Gold, silver touch all-time highs amid economic turmoil and rising inflation","{""Gold"": ""positive"", ""silver"": ""positive""}",12
8788,"Amazon shares slide on disappointing earnings, outlook","{""Amazon"": ""negative""}",7
5918,SKS Microfinance issues NCDs worth Rs 200 crore,"{""SKS Microfinance"": ""neutral""}",8
4969,"Do not prefer Bharti, Idea; exit at current levels: Ambareesh Baliga","{""Bharti"": ""positive"", ""Idea"": ""positive""}",11
2915,"Spice India debuts in Delhi; will offer spices-infused chocolate slabs, beauty creams","{""Spice India"": ""neutral""}",12
5645,"Sharp correction on Nifty unlikely, say analysts","{""Nifty"": ""neutral""}",7
3767,JSW Steel slips over 4% as CBI registers inquiry,"{""JSW Steel"": ""negative""}",9
3441,"Gold drops on stockists selling, weak global cues","{""Gold"": ""negative""}",8
7358,Sharda Cropchem has good business model: Kunj Bansal,"{""Sharda Cropchem"": ""positive""}",8
6807,Many promoters still own physical shares despite Sebi mandate on dematerialisation of shares,"{""Sebi"": ""neutral""}",13
9880,Rakesh Jhunjhunwala's sale of holdings in Praj Industries surprise many on D-Street,"{""Praj Industries"": ""negative""}",12
2144,"Uco Bank still has the momentum: Deepak Mohoni, trendwatchindia.com","{""Uco Bank"": ""positive"", ""trendwatchindia.com"": ""neutral""}",9
5105,"Offshore yuan strengthens, premium over onshore yuan at 19-month high","{""Offshore yuan"": ""positive"", ""onshore yuan"": ""neutral""}",10
5074,"Dow, S&P 500 fall on Fed nervousness; Nasdaq inches up","{""Nasdaq"": ""positive"", ""Dow"": ""negative"", ""S&P 500"": ""negative""}",10
1572,Ramsarup Industries surges on stake sale reports,"{""Ramsarup Industries"": ""positive""}",7
4080,Silver demand could fall 7 per cent in 2014: Report,"{""Silver"": ""negative""}",10
1123,Market is contracting; preparing itself for a big move: Ashwani Gujral,"{""Market"": ""neutral""}",11
2787,Cox & Kings Q3 profit jumps 10 fold to Rs 30.91 crore,"{""Cox & Kings"": ""positive""}",12
2968,Deutsche Bank sees Sensex 20% up in 2014; top  7 midcap ideas,"{""Sensex"": ""positive"", ""Deutsche Bank"": ""neutral""}",13
2505,Axis Bank Q1 Net rises 18 per cent in first quarter,"{""Axis Bank"": ""positive""}",11
5989,Brokers should not bank on one IT vendor: Sebi,"{""Sebi"": ""neutral"", ""IT vendor"": ""neutral""}",9
8868,Karvy Computershare indulged in IPO irregularities: Sebi,"{""Karvy Computershare"": ""negative"", ""Sebi"": ""neutral""}",7
7165,Silver rates spike on robust foreign trends,"{""Silver"": ""positive""}",7
729,Servalakshmi Paper Ltd receives SEBI approval for its IPO,"{""Servalakshmi Paper Ltd"": ""neutral"", ""SEBI"": ""neutral""}",9
7588,Nestle Q3 net up 9.22% at Rs 311.29 crore,"{""Nestle"": ""positive""}",9
7544,Jain Irrigation to consider raising $200 million; stock up,"{""Jain Irrigation"": ""positive""}",9
413,Day Trading Guide from Edelweiss Securities,"{""Edelweiss Securities"": ""neutral""}",6
9709,"Marginally bearish on Nifty, sell a 6400 strike call: Mitesh Thacker","{""Nifty"": ""negative""}",11
5746,Emerging stocks set for second week in red,"{""Emerging stocks"": ""negative""}",8
7669,Syria stir may take Jeera futures to record high,"{""Jeera"": ""positive""}",9
826,"Definance Technologies, now Hinduja Tech, plans to enter new markets","{""Definance Technologies"": ""positive"", ""Hinduja Tech"": ""positive""}",10
3268,Suzlon Energy reports biggest quarterly loss,"{""Suzlon Energy"": ""negative""}",6
3975,"Godrej Properties October-December net profit up 5%, income down 9%","{""Godrej Properties"": ""positive""}",10
8809,Castor seed futures decline on weak demand,"{""Castor seed"": ""negative""}",7
8307,Dishman Pharma surges 6% on clarification for receipt of USFDA warning letter,"{""Dishman Pharma"": ""positive""}",12
418,How the dollar impacts you,"{""dollar"": ""neutral""}",5
9818,"Coca-Cola loses fizz, volume growth dips to single digits year on year","{""Coca-Cola"": ""negative""}",12
6749,Skyrocketing gold imports in October prompts government and RBI to review restrictions,"{""gold"": ""neutral"", ""RBI"": ""neutral""}",12
8968,Blue chip stocks trade lower than their highs,"{""Blue chip stocks"": ""negative""}",8
2083,Rakesh Jhunjhunwala bullish on NCC; stock gains over 6%,"{""NCC"": ""positive""}",9
8946,Alibaba investors beware: History not on your side,"{""Alibaba"": ""negative""}",8
3374,Metals will continue to remain weak: Sandip Sabharwal,"{""Metals"": ""negative""}",8
5727,CIL IPO priced ar Rs 245 per share,"{""CIL"": ""neutral""}",8
4108,Vikram Oberoi revokes all pledged shares in EIH; shares fall,"{""EIH"": ""negative"", ""Vikram Oberoi"": ""neutral""}",10
4381,"Brent steady below $60, heads for 4th weekly decline as oversupply persists","{""Brent"": ""negative""}",12
7724,Arvind Q1 net profit increases twofold to Rs 67.62 crore,"{""Arvind"": ""positive""}",10
1067,"Eros International holds high potential, but need some clarity: Deven Choksey","{""Eros International"": ""neutral""}",11
3914,"Brent falls below $86, heads for worst month since 2012","{""Brent"": ""negative""}",10
5537,Forex Lawsuit Settlements near $2 billion: WSJ,"{""Forex"": ""neutral"", ""WSJ"": ""neutral""}",7
8003,Venus Remedies get UK approval for cancer drug; stock up,"{""Venus Remedies"": ""positive""}",10
5388,SCORES: Sebi's complaint redressal system,"{""Sebi"": ""neutral""}",5
5733,Could diamond be the new gold for traders?,"{""diamond"": ""neutral"", ""gold"": ""neutral""}",8
2739,Weakness on BJP's Bihar loss would be a buying opportunity: CLSA,"{""CLSA"": ""neutral""}",11
5053,"Bharti, Idea are out for some more time: CK Narayan","{""Bharti"": ""positive"", ""Idea"": ""positive""}",10
4001,Illegal money pooling activities: Sebi bars three companies from Street,"{""Sebi"": ""neutral""}",10
9761,Sell HUL Ltd with target price of Rs 535: Mitesh Thacker,"{""HUL Ltd"": ""negative""}",11
2428,Sensex @ life high; outshines global peers post QE era,"{""Sensex"": ""positive""}",10
6834,China central bank seen ready to intervene again if offshore pushes yuan too far,"{""China central bank"": ""neutral""}",14
10124,Upside left in oil PSUs; infra and engineering stocks need to justify their current pricing: IV Subramaniam,"{""oil PSUs"": ""positive"", ""infra"": ""neutral"", ""engineering stocks"": ""neutral""}",17
1688,Infosys reclaims status of top Sensex stock,"{""Infosys"": ""positive""}",7
852,F-Secure appoints Amit Nath as Country Manager India & SAARC,"{""F-Secure"": ""neutral""}",10
6304,India Inc taps into corporate bond market to fund expansions,"{""India Inc"": ""neutral""}",10
9088,Pressure on rupee persists as geo-political woes mount,"{""rupee"": ""negative""}",8
5879,Reliance Capital Q4 profit at Rs 267 crore,"{""Reliance Capital"": ""neutral""}",8
8528,"Some upside still left in Vijaya Bank: Devang Mehta, Anand Rathi Financial Services","{""Vijaya Bank"": ""positive"", ""Anand Rathi Financial Services"": ""neutral""}",13
2840,JM Asset Reconstruction Company profits up 142 per cent in H1 2015,"{""JM Asset Reconstruction Company"": ""positive""}",12
4612,"Start exiting positions, have negative bias if Nifty breaches 8,900 : Mitesh Thacker","{""Nifty"": ""negative""}",13
9541,"Sell HDFC with a target of Rs 1,320: Mitesh Thacker","{""HDFC"": ""negative""}",10
9208,"Dalal Street experts see Sensex sinking 1,000 points more","{""Sensex"": ""negative""}",9
9824,Diageo and BAE fall as UK's FTSE backs off from record high,"{""Diageo"": ""negative"", ""BAE"": ""negative"", ""UK's FTSE"": ""negative""}",12
2490,Ajanta Pharma Q3 net profit rises 38% to Rs 85 crore,"{""Ajanta Pharma"": ""positive""}",11
6906,"Duncan Fertilisers acquisition wont have a major impact on JP Associates stock: Fayeza Hafizee, Intime Spectrum Securities","{""Duncan Fertilisers"": ""neutral"", ""JP Associates"": ""neutral"", ""Intime Spectrum Securities"": ""neutral""}",17
7391,Very bullish about current market scenario: Taher Badshah,"{""market"": ""positive""}",8
2850,Liberty Shoes Q2 net up 25.24 per cent at Rs 2.53 crore,"{""Liberty Shoes"": ""positive""}",12
6666,DK Sarraf to become new ONGC head; govt rejects Sudhir Vasudevas extension,"{""ONGC"": ""neutral""}",12
5882,Reliance Infrastructure Q3 Net at Rs 452 crore,"{""Reliance Infrastructure"": ""neutral""}",8
10263,"BPCL, HPCL in red on fuel price cut, rise in global prices","{""BPCL"": ""negative"", ""HPCL"": ""negative""}",12
4453,"Nokia losses narrow to $355 million, shares tumble 9% on sales dip","{""Nokia"": ""negative""}",12
9950,CARE Ratings initiates process to offload PSU bank's stake in the company: Sources,"{""PSU bank"": ""negative"", ""CARE Ratings"": ""neutral""}",13
7422,Bank of Baroda raises $500 mn via bond issue,"{""Bank of Baroda"": ""positive""}",9
9828,"Double whammy for BHEL: Project delays, fall in order inflow a worry","{""BHEL"": ""negative""}",12
6485,"December quarter earnings, macro data to drive markets this week: Experts","{""markets"": ""neutral""}",11
2480,XL Energy bags Rs 130 mn solar power contract;stk up,"{""XL Energy"": ""positive""}",10
6618,Star appoints M K Srinivasan as senior VP for North America,"{""Star"": ""neutral""}",11
2142,Turn positive on Infosys post Q1 show: Gaurav Mehta,"{""Infosys"": ""positive""}",9
5189,"Sensex rangebound ahead of Christmas holiday; Nifty50 holds 7,850","{""Sensex"": ""neutral"", ""Nifty50"": ""neutral""}",9
10439,"CERC order positive for Adani Power, Tata Power, say brokerages","{""Adani Power"": ""positive"", ""Tata Power"": ""positive"", ""CERC"": ""neutral""}",10
2745,"Yes Bank a good stock to invest: Rajesh Jain, Market Strategist","{""Yes Bank"": ""positive""}",11
7254,ETFs outpacing retail stock funds by wide margin,"{""ETF"": ""positive""}",8
3507,Copper futures down on weak global cues,"{""Copper futures"": ""negative""}",7
1680,Right time to get into ITC: Ashwani Gujral,"{""ITC"": ""positive""}",8
4250,"Limited upside seen in Texmaco & Kalindee: Ambareesh Baliga, Market Expert","{""Texmaco"": ""negative"", ""Kalindee"": ""negative""}",11
3148,"Nano price hike a good news for the company: Fayeza Hafizee, Intime Spectrum Securities Ltd","{""Intime Spectrum Securities Ltd"": ""neutral""}",15
8131,JP Infratech is a very very unique project of the country',"{""JP Infratech"": ""positive""}",11
7005,Copper recovers on global cues,"{""Copper"": ""positive""}",5
581,Have stock-specific view on consumer durables space: Hemindra Hazari,"{""consumer durables"": ""neutral""}",9
9663,Gold at 2-week low on easing of import curbs by RBI,"{""Gold"": ""negative""}",11
4071,Sell Hexaware with target price of Rs 109: Prakash Gaba,"{""Hexaware"": ""negative""}",10
3344,"NTPC: Execution delays, fuel availability key concerns","{""NTPC"": ""negative""}",7
7405,ABB India shares jump over 12% on good results,"{""ABB India"": ""positive""}",9
3673,"Broking firms lower earnings estimates for Nifty, Sensex companies","{""Nifty"": ""negative"", ""Sensex"": ""negative""}",9
560,Dollar steadies in Asian markets despite weak GDP data,"{""Dollar"": ""neutral""}",9
5238,"Britain's FTSE rallies, buoyed by banks and retail","{""FTSE"": ""positive"", ""banks"": ""positive"", ""retail"": ""positive""}",8
7806,Force Motors soars 4% post 65% jump in Q2 profits,"{""Force Motors"": ""positive""}",10
513,ABB relying on short-term orders to lower risk,"{""ABB"": ""neutral""}",8
1082,"Franklin Templeton buys record Rs 16,000-crore government securities in a day","{""Franklin Templeton"": ""neutral""}",11
1665,Kingfisher Airlines flies 20% higher on short unwinding,"{""Kingfisher Airlines"": ""positive""}",8
9205,Copper softens in futures trade on weak global cues,"{""Copper"": ""negative""}",9
1932,Blue Star will continue to do better: Sharmila Joshi,"{""Blue Star"": ""positive""}",9
10400,"Auto, realty and bank stocks gain on economic reforms hopes","{""Auto"": ""positive"", ""realty"": ""positive"", ""bank stocks"": ""positive""}",10
1151,NSEL Director Jignesh Shah quizzed again; focus now on broking firms,"{""NSEL"": ""neutral""}",11
2839,Jimmy Choo narrows IPO price range to 140-160 pence a share: Sources,"{""Jimmy Choo"": ""neutral""}",12
5950,What should investors expect from HDFC Q4 results?,"{""HDFC"": ""neutral""}",8
8309,"Dollar near 4-month high as data lifts sentiment, euro wary of ECB","{""Dollar"": ""positive""}",12
8933,Turmoil continues in the mutual fund industry,"{""mutual fund"": ""negative""}",7
10526,"BSE, NSE to suspend share trading of non-compliant companies","{""BSE"": ""neutral"", ""NSE"": ""neutral""}",9
5178,"NSE, BSE caution against trade in over 1900 securities","{""NSE"": ""neutral"", ""BSE"": ""neutral""}",9
831,DSK Developers launches Rs 200 crore public issue of debentures,"{""DSK Developers"": ""neutral""}",10
8312,Expect Maruti stocks to hold up with upcoming product launches: Pramod Gubbi,"{""Maruti"": ""positive""}",12
4753,Broader market likely to outperform; Nifty could further move up by 100-120 points: Ashwani Gujral,"{""Nifty"": ""positive""}",15
10495,"Sensex opens in red, oil & gas, FMCG, tech decline","{""Sensex"": ""negative"", ""oil & gas"": ""negative"", ""FMCG"": ""negative"", ""tech"": ""negative""}",10
10456,"Great Eastern Energy, Shemaroo IPOs among five cleared by Sebi","{""Great Eastern Energy"": ""neutral"", ""Shemaroo"": ""neutral"", ""Sebi"": ""neutral""}",10
636,Nifty likely to revisit 7450-7500 support levels: Mitesh Thacker,"{""Nifty"": ""neutral""}",9
4466,"Promoters take biggest hit of Rs 5,500 crore in DLF share plunge","{""DLF"": ""negative""}",12
6800,"Infosys results, cues on banking reforms to dictate trends for markets next week","{""Infosys"": ""neutral""}",13
7988,Tech Mahindra may turn positive after 580 levels: Mitesh Thacker,"{""Tech Mahindra"": ""positive""}",10
7080,Dollar holds firm ahead of Fed meeting,"{""Dollar"": ""positive""}",7
6967,Wait and watch Monsanto: Sudip Bandyopadhyay,"{""Monsanto"": ""positive""}",6
4143,Bhushan Steel slips 5% on rating downgrade; down 60% since August,"{""Bhushan Steel"": ""negative""}",11
7028,Ashoka Buildcon shares surge over 15%,"{""Ashoka Buildcon"": ""positive""}",6
9184,Brokerages lower Nestle Indias target price on disappointing results,"{""Nestle India"": ""negative""}",9
877,ICICI not very expensive compared to previous cycle: Anish Damania,"{""ICICI"": ""neutral""}",10
4870,"HUL, TCS, Asian Paints, Lupin show resilience in a falling market: CLSA","{""HUL"": ""positive"", ""TCS"": ""positive"", ""Asian Paints"": ""positive"", ""Lupin"": ""positive"", ""CLSA"": ""neutral""}",12
5316,"European shares pause for breath, BoI sinks","{""European shares"": ""negative"", ""BoI"": ""negative""}",7
5223,"Sensex directionless, Nifty holds 7600; top 20 trading ideas","{""Sensex"": ""neutral"", ""Nifty"": ""neutral""}",9
5,"Market seeing patience, if not conviction: Prakash Diwan","{""Market"": ""neutral""}",8
3052,"Smallcap capital goods players stare at big opportunities, look attractive bets: Harendra Kumar","{""capital goods players"": ""positive""}",13
5692,Are markets overplaying Iraq factor? Most likely: Experts,"{""Iraq"": ""neutral""}",8
3125,Anil Ambani Group firm Reliance Infra Q3 net profit jumps 26% at Rs 450 crore,"{""Reliance Infra"": ""positive""}",15
2492,Alembic Pharma Q4 net profit rises 14.74% to Rs 70.33 crore,"{""Alembic Pharma"": ""positive""}",11
3855,Sistema chairman Vladimir Yevtushenkov's house arrest sends stocks crashing,"{""Sistema"": ""negative""}",9
4778,Revision in contract between RasGas and Petronet to benefit tile makers like Kajaria and Prism,"{""Kajaria"": ""positive"", ""Prism"": ""positive""}",15
9908,Sensex loses 305 points: Is it the start of a market meltdown?,"{""Sensex"": ""negative""}",12
7510,Genesys International shareholders' nod for raising Rs 150 cr,"{""Genesys International"": ""positive""}",9
6458,Battery companies an interesing prospect in the coming days: Ajay Bagga,"{""Battery companies"": ""neutral""}",11
6294,"GST isn't a disappointment for market: Gaurav Mehta, Ambit Capital","{""Ambit Capital"": ""neutral""}",10
1149,Nokia India appoints V Sembian as new head of Chennai factory,"{""Nokia India"": ""neutral""}",11
575,"Gold steady near $1,160; US dollar, data in focus","{""Gold"": ""neutral"", ""US dollar"": ""neutral""}",9
3770,"Koutons Retail: High debt, inventory to weigh on co","{""Koutons Retail"": ""negative""}",9
4147,"Bloodbath on Dalal Street, but do not short markets, say analysts","{""markets"": ""neutral""}",11
854,"FTIL, brokers fight to tell 'their side of the story'","{""FTIL"": ""neutral""}",10
10175,"Eros International, Mandhana Industries tank up to 6% after court's verdict on Salman Khan","{""Eros International"": ""negative"", ""Mandhana Industries"": ""negative""}",14
5920,Srei Infrastructure Finance  exploring' Diageo open offer,"{""Srei Infrastructure Finance"": ""neutral""}",8
9359,Unitech net profit slips to Rs 111.36 cr;stk down,"{""Unitech"": ""negative""}",9
6615,Southeast Asia stocks most higher; Philippines retreats after May export drop,"{""Southeast Asia stocks"": ""neutral"", ""Philippines"": ""neutral""}",11
6003,Chinese developers to suffer little from yuan devaluation: S&P,"{""yuan"": ""neutral"", ""S&P"": ""neutral""}",9
9164,Aviva stake buyers walk out of negotiations over valuations,"{""Aviva"": ""negative""}",9
4496,Sell Ultratech Cement with a stop loss of Rs 2500: Mitesh Thacker,"{""Ultratech Cement"": ""negative""}",12
8174,Opto Circuits Q4 net profit up 68% at Rs 111.05 crore,"{""Opto Circuits"": ""positive""}",11
6656,Chinese firm New Crystal Material Holdings appeals against Taiwan regulators over IPO,"{""New Crystal Material Holdings"": ""neutral""}",12
2369,OnMobile expects to raise Rs 47.6 crore through open offer,"{""OnMobile"": ""neutral""}",10
4781,"Absorb the upmove and then buy ICICI Bank, Crompton Greaves and L&T: Ajay Bodke","{""ICICI Bank"": ""positive"", ""Crompton Greaves"": ""positive"", ""L&T"": ""positive""}",14
7993,TV Today Network Q2 up 84% at Rs 24.31 crore,"{""TV Today Network"": ""positive""}",10
2951,"Aptech's roof on the upside is 115 to 117: Ashwani Gujral, Market Strategist","{""Aptech"": ""positive""}",13
5626,Rupee rules steady against dollar at 59.11,"{""Rupee"": ""neutral"", ""dollar"": ""neutral""}",7
6972,Maize futures gain 2.68 per cent,"{""Maize"": ""positive""}",6
8717,Switch out of Piramal: Deepak Mohoni,"{""Piramal"": ""negative""}",6
1842,Bharat' linked stocks can become multibaggers: Experts,"{""Bharat"": ""positive""}",7
5987,Bond market expects US Fed to wait till March,"{""US Fed"": ""neutral""}",9
538,Brokerages have mixed views on Wipro post Q4 results,"{""Wipro"": ""neutral""}",9
2807,Fiscal deficit of 4.8% GDP very prudent signal from govt: Axis Bank,"{""Axis Bank"": ""neutral""}",12
5802,"June 16, 2014: Mecklai Financial report on Rupee","{""Mecklai Financial"": ""neutral"", ""Rupee"": ""neutral""}",8
5597,NSE group firm launches Quality 30 index,"{""NSE"": ""neutral""}",7
7207,Amtek Auto shoots up 54% after management clarification,"{""Amtek Auto"": ""positive""}",8
7344,Regulatory steps will improve banking sector: BP Singh,"{""banking sector"": ""positive""}",8
7561,LIC stake in Axis Bank crosses 10 per cent,"{""LIC"": ""positive"", ""Axis Bank"": ""neutral""}",9
8097,Havells Q2 Net up 1 per cent to Rs 113 crore,"{""Havells"": ""positive""}",11
785,"Yuan flat, central bank signals stability with steady midpoint","{""Yuan"": ""neutral""}",9
1410,IBJA hires consultancy firm EY to draw blueprint for developing bullion spot exchange in India,"{""IBJA"": ""neutral"", ""EY"": ""neutral""}",15
155,Sandip Bansal joins Religare Capital Markets,"{""Religare Capital Markets"": ""neutral""}",6
7807,"Force Motors, others surge on BSE revision of circuit limits","{""Force Motors"": ""positive"", ""BSE"": ""neutral""}",10
3010,"Mahindra & Mahindra lags forecast, Q4 net up 6.4% at Rs 606.5 cr","{""Mahindra & Mahindra"": ""positive""}",13
1687,"Trade long on infrastructure stocks: Devang Visaria, Devangvisaria.com","{""infrastructure stocks"": ""positive"", ""Devangvisaria.com"": ""neutral""}",8
4015,"Jaypee Group stocks plunge on high volumes, interest rate scenario","{""Jaypee Group"": ""negative""}",10
7456,CMC's Q3 profit rises 16% to Rs 70.54 crore,"{""CMC"": ""positive""}",9
3864,Sugar futures trade lower by 0.15% on higher supply,"{""Sugar futures"": ""negative""}",9
2734,Vedanta to merge subsidiary Cairn with itself to help ease debt,"{""Vedanta"": ""neutral"", ""Cairn"": ""neutral""}",11
1896,Recommend hold for HDFC Bank: Gaurang Shah,"{""HDFC Bank"": ""neutral""}",7
5443,Initiate trade on IDFC: Mitesh Thacker,"{""IDFC"": ""neutral""}",6
570,Force Motors Q3 net profit at Rs 9.99 crore,"{""Force Motors"": ""neutral""}",9
6710,MCX-SX: Sebi may soon pass order on FTIL's fit & proper status,"{""MCX-SX"": ""neutral"", ""Sebi"": ""neutral"", ""FTIL"": ""neutral""}",12
5855,PACL Bhangoo approaches SAT against Sebi recovery order,"{""PACL Bhangoo"": ""neutral"", ""SAT"": ""neutral"", ""Sebi"": ""neutral""}",8
1817,CIL net profit rises 7.85% in Q1,"{""CIL"": ""positive""}",7
10258,"Australian, New Zealand dollars slide vs sterling on early Scottish vote results","{""Australian"": ""negative"", ""New Zealand dollars"": ""negative"", ""sterling"": ""neutral""}",12
8320,Gillette India Q1 Net up 16.57 per cent at Rs 17.68 crore,"{""Gillette India"": ""positive""}",12
3395,Proceed cautiously in Larsen & Toubro: Jagdish Malkani,"{""Larsen & Toubro"": ""negative""}",8
3328,Avoid taking risks in pharma sector: Nitin Raheja,"{""pharma sector"": ""negative""}",8
10735,"Oil, global markets may weigh on Gulf","{""Oil"": ""neutral"", ""Gulf"": ""neutral""}",7
6103,MT Educare plans IPO for college campus in Karnataka,"{""MT Educare"": ""neutral""}",9
2976,FIIs' interest in India nears peak; top eight stocks from CLSA's model portfolio,"{""CLSA"": ""neutral""}",13
981,Sebi seeks fresh clarification on UFO Moviez Rs 750-crore IPO,"{""Sebi"": ""neutral"", ""UFO Moviez"": ""neutral""}",10
191,Seven rules for investing in penny stocks,"{""penny stocks"": ""neutral""}",7
9332,Sensex falls in-line with emerging markets; feels selling pressure,"{""Sensex"": ""negative""}",9
5089,"Hopeful of Tata Motors, Maruti in auto pack: Dimensions Consulting","{""Tata Motors"": ""positive"", ""Maruti"": ""positive"", ""Dimensions Consulting"": ""neutral""}",10
700,Satisfactory PAT nos from FMCG majors: Networth Stock Broking,"{""FMCG"": ""neutral"", ""Networth Stock Broking"": ""neutral""}",9
10496,"Sensex rangebound, Nifty below 8050; top fifteen stocks in focus","{""Nifty"": ""negative"", ""Sensex"": ""neutral""}",10
607,Jyotivardhan Jaipuria leads exit of senior analysts at BofA-ML,"{""BofA-ML"": ""neutral""}",9
302,Lux Industries lists on NSE at Rs 3342.05,"{""Lux Industries"": ""neutral""}",8
3421,Crisil sees Indian companies' EBITDA margins bottoming out,"{""Indian companies"": ""negative"", ""Crisil"": ""neutral""}",8
10543,European stock slip at open; London FTSE down 0.21%,"{""European stock"": ""positive"", ""London FTSE"": ""positive""}",9
1061,"D-St upset with AAP populist measures, sees no threat to BJP","{""D-St"": ""neutral""}",11
3445,Gold futures decline 0.23% on profit-booking; global cues,"{""Gold"": ""negative""}",8
1070,European Central Bank could fix euro zone flaw with risk-free bond,"{""European Central Bank"": ""neutral""}",11
2206,Cera Sanitaryware Q3 net up 50.18% at Rs 16.16 crore,"{""Cera Sanitaryware"": ""positive""}",10
9436,Eyes on euro zone inflation after Fed tempers dollar rally,"{""euro"": ""negative""}",10
7340,Recommend slow accumulation into IT sector: Harendra Kumar,"{""IT sector"": ""positive""}",8
8209,Shalimar Paints Q2 increases 48.02 per cent to Rs 4.13 crore,"{""Shalimar Paints"": ""positive""}",11
7680,Twitter shares spike as 4Q results fly above expectations,"{""Twitter"": ""positive""}",9
4643,Lakshmi Vilas Bank Q3 net down 76% at Rs 7.42 crore on bad loans,"{""Lakshmi Vilas Bank"": ""negative""}",14
7684,Uflex shares rally nearly 9% post good Q2 show,"{""Uflex"": ""positive""}",9
9008,"Europe subdued, Russia shares tumble on new sanctions","{""Europe"": ""negative"", ""Russia"": ""negative""}",8
7997,Urad climbs by Rs 500 per quintal on tight supply,"{""Urad"": ""positive""}",10
5601,Oberoi Realty IPO price-band quite stretched: Swastika,"{""Oberoi Realty"": ""neutral""}",7
9152,"2014 will remain challenging for Indian banks, say analysts","{""Indian banks"": ""negative""}",9
7023,Brokerage stocks looking good: Hemen Kapadia,"{""Brokerage stocks"": ""positive""}",6
4894,Federal Bank and Karnataka Bank safe bets in PSU banks: Mehraboon Irani,"{""Federal Bank"": ""positive"", ""Karnataka Bank"": ""positive""}",12
226,Network18 names Anuj Gandhi as Group distribution director,"{""Network18"": ""neutral""}",8
3355,New Zealand dollar slips to five-month low,"{""New Zealand dollar"": ""negative""}",7
5896,SEBI lets IDR holders convert 25% into equity,"{""SEBI"": ""neutral""}",8
8755,Commodities market comes back to bite,"{""Commodities market"": ""negative""}",6
3437,"Gold declines on sluggish demand, global cues","{""Gold"": ""negative""}",7
1694,Indraprastha Gas surges as SC rejects PNGRB's plea,"{""Indraprastha Gas"": ""positive""}",8
6894,"Engineering and cap goods companies to benefit if investment cycle in mining, railways happen: Dhiraj Sachdev","{""Engineering and cap goods companies"": ""neutral"", ""mining"": ""neutral"", ""railways"": ""neutral""}",16
1046,China yuan seen to play a bigger role as funding currency,"{""China yuan"": ""neutral""}",11
3447,"Gold imports down in December, says trade body","{""Gold"": ""negative""}",8
8051,Charting Technicals: Investors can expect a multi-year bull run in Wipro,"{""Wipro"": ""positive""}",11
9147,Zinc futures soften 0.67 pc on global cues,"{""Zinc"": ""negative""}",8
10734,"NTPC, Axis revel in Indian credit rally","{""NTPC"": ""positive"", ""Axis"": ""positive""}",7
4736,"Axis Bank, Infosys, Coal India among hot stock picks; banking sector to stand out: ET poll","{""Axis Bank"": ""positive"", ""Infosys"": ""positive"", ""Coal India"": ""positive"", ""banking sector"": ""positive""}",16
4497,Sell Yes Bank Ltd with target price of Rs 290: Ashwani Gujral,"{""Yes Bank Ltd"": ""negative""}",12
1219,Can't take more than 200 points view on the Nifty: Ashwani Gujral,"{""Nifty"": ""neutral""}",12
6016,Did Federal Reserve Janet Yellen just enter currency wars?,"{""Federal Reserve"": ""neutral""}",9
9720,NFL stock tanks 5%; issue subscribed 24 pc in early trade,"{""NFL"": ""negative""}",11
3988,"Hong Kong shares close down on weak financials, mainland fall","{""Hong Kong shares"": ""negative""}",10
4912,"Pre-market: Nifty seen opening flat; ITC, SBI eyed ahead of Q4 results","{""Nifty"": ""neutral"", ""ITC"": ""neutral"", ""SBI"": ""neutral""}",12
9493,"Liquidity overhang hits SBI margin, net flat at Rs 2,479cr","{""SBI"": ""negative""}",10
4494,Sell Tata Steel at a stop loss of Rs 518: Sandeep Wagle,"{""Tata Steel"": ""negative""}",12
6945,Pistachio gains on festive demand,"{""Pistachio"": ""positive""}",5
5700,Avon India appoints R M Sirbu Managing Director,"{""Avon India"": ""neutral""}",8
8353,JP Associates is a decent buy closer to 60-62 levels: Ambareesh Baliga,"{""JP Associates"": ""positive""}",12
957,RBI governor may shift focus to government bonds from rupee,"{""RBI"": ""neutral""}",10
2870,"NPCIL rides corporate bond wave, to raise up to Rs 2,500 crore","{""NPCIL"": ""neutral""}",12
4434,Large cap stocks have not seen correction post Q1 results: Deepak Shenoy,"{""Large cap stocks"": ""negative""}",12
4974,"Expecting corrections in FMCG, IT & auto: Ashit Suri, JV Capital","{""FMCG"": ""positive"", ""IT"": ""positive"", ""auto"": ""positive"", ""JV Capital"": ""neutral""}",11
2962,Consistent performance behind Bajaj Finance's premium valuations; stock a long-term play: Deven Choksey,"{""Bajaj Finance"": ""positive""}",13
2201,"Calculus: Recovery in China, new models may help Tata Motors","{""Tata Motors"": ""positive""}",10
99,Sebi notifies new ESOP regulations,"{""Sebi"": ""neutral""}",5
10591,"Shares cautious on Ukraine anxiety; China, India lead gains","{""China"": ""positive"", ""India"": ""positive"", ""Shares"": ""negative""}",9
2558,Eicher's profit jumps 63 pc to Rs 107 cr in July-September,"{""Eicher"": ""positive""}",11
8446,25% minimum upside in the South India Bank over one year: Angel Broking,"{""South India Bank"": ""positive"", ""Angel Broking"": ""neutral""}",13
4200,"Falling prices, quality concerns, NSEL scam hampers trading of rubber futures","{""NSEL"": ""negative""}",11
9638,Don't recommend buying in IT space at current levels: Sandip Sabharwal,"{""IT space"": ""negative""}",11
5540,Geometric appoints Parth Gandhi as Non-Executive Director,"{""Geometric"": ""neutral""}",7
1649,Top nine trading strategies in a rising market,"{""market"": ""positive""}",8
9889,Sanofi India Q4 net down 44.22 per cent at Rs 51.7 crore,"{""Sanofi India"": ""negative""}",12
6198,"Tata Sons appoints Sunil Sinha Resident Director, MENA region","{""Tata Sons"": ""neutral""}",9
6296,Harish Bhat to be member-Group Executive Council of Tata Sons,"{""Tata Sons"": ""neutral""}",10
4500,Siemens net slump 90 pc to Rs 29.9 cr in March qtr,"{""Siemens"": ""negative""}",12
1155,"Post RBI surprise, LKP Securities seven big ideas for next quarter","{""RBI"": ""neutral"", ""LKP Securities"": ""neutral""}",11
2256,Festive time: Jewellery makers rally upto 48% ahead of Diwali,"{""Jewellery makers"": ""positive""}",10
9875,Polaris Financial Technology slips over 21% as the stock goes ex-demerger today,"{""Polaris Financial Technology"": ""negative""}",12
3171,FIPB approval would be a key trigger for HDFC Bank's stock: Mayuresh Joshi of Angel Broking,"{""HDFC Bank"": ""positive""}",16
7401,Yes Bank performed better than expectation: Ambareesh Baliga,"{""Yes Bank"": ""positive""}",8
10249,Asia forex rattled by Federal Reserve rates view; ringgit at four-month low,"{""Asia forex"": ""negative"", ""ringgit"": ""negative""}",12
7159,Satyam soars 10% on tax row settlement,"{""Satyam"": ""positive""}",7
3109,"Rajan pulls off a surprise, cuts repo rate by 50 basis points, stocks rally","{""stocks"": ""positive""}",14
4549,Cost imposed on Sebi not warranted: Supreme Court to the Securities Appellate Tribunal,"{""Sebi"": ""neutral""}",13
5424,"Mecklai Financial Report: September 11, 2014","{""Mecklai Financial"": ""neutral""}",6
2050,Mindtree shares hit 52-week high on strong Q1 numbers,"{""Mindtree"": ""positive""}",9
9209,Dhanlaxmi Bank posts Rs 11.8 crore loss for April-June,"{""Dhanlaxmi Bank"": ""negative""}",9
8816,Chilli futures weaken 1.55 pc on profit-booking,"{""Chilli"": ""negative""}",7
10536,"Dow closes at new record as Intel, IBM gain","{""Dow"": ""positive"", ""Intel"": ""positive"", ""IBM"": ""positive""}",9
263,"April 16, 2014: Mecklai Financial report on rupee","{""Mecklai Financial"": ""neutral""}",8
4062,Risk to reward ratio looks unattractive in Indian markets: CLSA,"{""Indian markets"": ""negative"", ""CLSA"": ""neutral""}",10
5535,FMC open to restarting sugar futures trading,"{""FMC"": ""neutral"", ""sugar futures"": ""neutral""}",7
6617,"SREI Infrastructure to raise up to Rs 1,500 crore via NCDs","{""SREI Infrastructure"": ""neutral""}",11
8121,Infotech Enterprises: Investors should use the correction to buy the stock,"{""Infotech Enterprises"": ""positive""}",11
8156,MTNL well placed for a next probable upmove: Aditya Birla Money,"{""MTNL"": ""positive"", ""Aditya Birla Money"": ""neutral""}",11
1803,Heres how to double your money on crude,"{""crude"": ""positive""}",8
4737,"Axis, Kotak Mahindra Bank look good bets with 6-12 months view; further downside unlikely: Rajat Sharma","{""Axis"": ""positive"", ""Kotak Mahindra Bank"": ""positive""}",16
2386,Polaris rallies as tech majors make beeline for controlling stake,"{""Polaris"": ""positive""}",10
6695,Investors should go for judicious mix of defensives and cyclicals: Ajay Bodke,"{""defensives"": ""neutral"", ""cyclicals"": ""neutral""}",12
5760,"February 3, 2014: Mecklai Financial report on rupee","{""Mecklai Financial"": ""neutral"", ""rupee"": ""neutral""}",8
1960,Deutsche Bank and Diageo outperform weaker European stock markets,"{""Deutsche Bank"": ""positive"", ""Diageo"": ""positive""}",9
2977,FMCGs are a good bet on revival of the Indian economy: Dipan Mehta,"{""FMCG"": ""positive""}",13
8681,Wheat futures down on profit-booking,"{""Wheat"": ""negative""}",5
1844,Restructuring helps Bata India stay a step ahead,"{""Bata India"": ""positive""}",8
1735,"Post-correction, buyers return to gold stores","{""gold"": ""positive""}",6
2912,Sistema deal will help RCom launch 4G services later on: Nitin Soni,"{""RCom"": ""positive"", ""Sistema"": ""neutral""}",12
8339,"IFC sells Masala Re Bonds; raises Rs 1,000 cr for Axis Bank","{""IFC"": ""positive"", ""Axis Bank"": ""neutral""}",12
1987,"FPIs stay bullish on India despite China, US worries","{""India"": ""positive"", ""China"": ""negative"", ""US"": ""negative""}",9
9562,Telcos weighed down due to ongoing spectrum auctions: Deven Choksey,"{""Telcos"": ""negative""}",10
6547,"Market driven by expectation of a reformist government, says Vijai Mantri","{""Market"": ""neutral""}",11
7099,Gruh Finance Q1 Net profit up 26%,"{""Gruh Finance"": ""positive""}",7
2812,Godfrey Philips rallies over 6% as IDFC MF buys 2.5 lakh shares,"{""Godfrey Philips"": ""positive""}",12
660,Oil steady around $114 as Iraq exports in focus,"{""Oil"": ""neutral""}",9
9987,"Outlook for most defence stocks not sunny: G Chokkalingam, Equinomics Research & Advisory","{""defence stocks"": ""negative"", ""Equinomics Research & Advisory"": ""neutral""}",13
2512,"Bharat Forge looks rich in valuations, further corrections likely: Sudip Bandopadhyay","{""Bharat Forge"": ""positive""}",11
4283,Q1 earnings: Aurobindo Pharma net loss seen at Rs 65 cr,"{""Aurobindo Pharma"": ""neutral""}",11
9340,Slumps at Volkswagen and RSA weigh on European shares,"{""Volkswagen"": ""negative""}",9
8801,Bond yields fall slightly; liquidity in focus,"{""Bond yields"": ""negative""}",7
6288,Gateway Distriparks arm Snowman Logistics plans Rs 200 crore IPO,"{""Gateway Distriparks"": ""neutral"", ""Snowman Logistics"": ""neutral""}",10
1931,Birla Power Solutions to raise $100 million; stock up,"{""Birla Power Solutions"": ""positive""}",9
7126,Lower subsidy burden to boost OMCs growth,"{""OMCs"": ""positive""}",7
198,Oil ends steady in thin trade,"{""Oil"": ""neutral""}",6
7778,"Deal with Adidas will benefit Lovable: Phani Shekhar, Angel Broking","{""Lovable"": ""positive"", ""Adidas"": ""neutral"", ""Angel Broking"": ""neutral""}",10
2932,TV Today Network Q3 jumps 34.46 per cent to Rs 20.64 crore,"{""TV Today Network"": ""positive""}",12
8005,VIP Industries Q1 Net up 16.52% at Rs 26.8 crore,"{""VIP Industries"": ""positive""}",10
2328,Lodestone deal much needed inorganic booster for Infosys: Prabhudas Lilladher,"{""Infosys"": ""positive"", ""Lodestone"": ""neutral""}",10
4390,"Defensives go on the back foot; steep valuations hurt ITC, Sun Pharma","{""ITC"": ""negative"", ""Sun Pharma"": ""negative""}",12
8959,Be prepared for 5-10% decline in markets: Experts,"{""markets"": ""negative""}",8
4219,Gold extends losses for 3rd day on subdued demand; global cues,"{""Gold"": ""negative""}",11
203,OBC may go for FPO post-capital infusion,"{""OBC"": ""neutral""}",7
3511,Copper softens on global cues,"{""Copper"": ""negative""}",5
4932,"US stocks: Dow, S&P end at records, starting July with a bang","{""Dow"": ""positive"", ""S&P"": ""positive""}",12
5536,Foreign investors scramble to buy Indian Bonds,"{""Indian Bonds"": ""neutral""}",7
9926,Zee Entertainment Q1 net down 6.26 per cent at Rs 210.57 crore,"{""Zee Entertainment"": ""negative""}",12
5792,IPO for startups: Will SEBI get this right?,"{""SEBI"": ""neutral""}",8
1708,HMT surges on hopes government may delay shut-down,"{""HMT"": ""positive""}",8
5173,"Markets rangebound; Nifty near 8,100; top 20 trading ideas","{""Markets"": ""neutral"", ""Nifty"": ""neutral""}",9
5250,European shares dip; Carlsberg hit by Russia concerns,"{""European shares"": ""negative"", ""Carlsberg"": ""negative""}",8
6529,Infosys riding on Vishal Sikka anticipated turnaround strategy: P Phani Sekhar,"{""Infosys"": ""neutral""}",11
10589,"Sensex, rupee brace for election storm: Is government prepared?","{""Sensex"": ""negative"", ""rupee"": ""negative""}",9
5856,PBOC steps up intervention in yuan trading: Sources,"{""PBOC"": ""neutral""}",8
8165,NIIT bounces back to profits; revenue rises to Rs 225.3 crore,"{""NIIT"": ""positive""}",11
855,FTSE adds 9 Indian firms to key Asia Pacific index,"{""FTSE"": ""neutral"", ""Asia Pacific index"": ""neutral""}",10
4738,"Fall in order inflows shows more pain ahead for industrial stocks such as L&T, BHEL, Thermax","{""L&T"": ""positive"", ""BHEL"": ""positive"", ""Thermax"": ""positive""}",16
10353,"Midcap, smallcaps outperform large cap stocks, better results cited as reason","{""Midcap"": ""positive"", ""smallcaps"": ""positive"", ""large cap stocks"": ""neutral""}",11
699,SAT to hear Alchemist Capital case on September 29,"{""Alchemist Capital"": ""neutral""}",9
3697,Dalmia Bharat posts Rs 12.39 crore loss in Q3,"{""Dalmia Bharat"": ""negative""}",9
1637,Strong spot demand lifts mentha oil futures 1.15%,"{""mentha oil futures"": ""positive""}",8
7281,Huge activity in Nifty December series surprises market,"{""Nifty"": ""positive"", ""market"": ""neutral""}",8
7555,Kitex Garments surges as Motilal Oswal sees 50% upside,"{""Kitex Garments"": ""positive"", ""Motilal Oswal"": ""neutral""}",9
3582,Asian shares tread cautiously after Brack Obama speech,"{""Asian shares"": ""negative""}",8
1292,Symantec appoints Adrian Jones as Asia Pacific and Japan senior vice president,"{""Symantec"": ""neutral""}",12
6586,Reduction in diesel prices will not be taken negatively: Ajay Bodke,"{""diesel"": ""neutral""}",11
1854,Asian shares prove resilient to euro jitters,"{""Asian shares"": ""positive"", ""euro"": ""negative""}",7
5233,"Asian stocks dip, euro stuck near one-year lows","{""Asian stocks"": ""negative"", ""euro"": ""negative""}",8
3764,Jindal Stainless Q3 net loss at Rs 301 crore,"{""Jindal Stainless"": ""neutral""}",9
3305,Rupee hits 2-week low on defence-related dollar demand,"{""Rupee"": ""negative""}",8
1496,Brokers' Call: HSBC upgrades Tata Power,"{""Tata Power"": ""positive"", ""HSBC"": ""neutral""}",6
7995,"Upside expected in the market, post-budget : KR Choksey Securities","{""market"": ""positive"", ""KR Choksey Securities"": ""neutral""}",10
1999,Heard on the street: Glodyne Technoserve soars on 3k-order,"{""Glodyne Technoserve"": ""positive""}",9
664,"PE funds Multiples, IVFA eye stake in Dodsal Group","{""Multiples"": ""neutral"", ""IVFA"": ""neutral"", ""Dodsal Group"": ""neutral""}",9
3749,"Hong Kong shares close down on China, global jitters","{""Hong Kong shares"": ""negative""}",9
4414,HT Media Q2 Net down 24.56 per cent to Rs 43.89 crore,"{""HT Media"": ""negative""}",12
5531,Fewer investors trade on Multi Commodity Exchange,"{""Multi Commodity Exchange"": ""neutral""}",7
5576,"MCX, FTIL debate over preferential share allotment","{""MCX"": ""neutral"", ""FTIL"": ""neutral""}",7
8902,Pulse push unlikely to yield result soon,"{""Pulse"": ""negative""}",7
7527,Hindustan Zinc climbs 6% after Glencore's production cut announcement,"{""Hindustan Zinc"": ""positive"", ""Glencore"": ""negative""}",9
9475,IFCI slips over 14% after govt raises stake to 55.57%,"{""IFCI"": ""negative""}",10
5865,Pre-RBI Policy: Here how bonds and rupee react,"{""RBI"": ""neutral""}",8
6777,"Diversification is key for success of EPC business: M Goutham Reddy, Ramky Infrastructure","{""Ramky Infrastructure"": ""neutral""}",13
1307,AIA share sale set to be World's second largest IPO of the year,"{""AIA"": ""neutral""}",13
7393,"Video: Hot midcap stocks on move: IDBI, Wockhardt","{""midcap stocks"": ""positive"", ""IDBI"": ""neutral"", ""Wockhardt"": ""neutral""}",8
10430,Rupiah rises from 16-year low; won buoyed by firmer yen,"{""Rupiah"": ""positive"", ""won"": ""positive"", ""yen"": ""neutral""}",10
5593,Nihilent Technologies considering IPO in 12-18 months,"{""Nihilent Technologies"": ""neutral""}",7
10231,"Mutual funds sell IT, banking stocks in March; go long on auto, pharma","{""auto"": ""positive"", ""pharma"": ""positive"", ""IT"": ""negative"", ""banking"": ""negative""}",13
9722,NIfty once again fails to get pass 6350 mark: Mitesh Thacker,"{""NIfty"": ""negative""}",11
1664,Kirloskar Electric surges 17% on block deal,"{""Kirloskar Electric"": ""positive""}",7
5451,Gur settles quiet in thin trade,"{""Gur"": ""neutral""}",6
10681,"Global oil worries, rupeee fall weigh on stocks","{""oil"": ""negative"", ""rupee"": ""negative""}",8
10702,"Australia, NZ dlrs trapped by holiday lull","{""Australi"": ""negative"", ""NZ dlrs"": ""negative""}",7
3628,Major currencies eerily calm as geopolitical risk lingers,"{""currencies"": ""neutral""}",8
2694,"Sensex@new high: 5 reasons why bears, not bulls, should be smiling","{""Sensex"": ""positive""}",11
9790,VW hits 4-year low as diesel emissions fallout spreads to France,"{""VW"": ""negative""}",11
5916,Shell Lubricants appoints Nitin Prasad as India head,"{""Shell Lubricants"": ""neutral""}",8
3158,"Rise in US bond yields may direct realignment towards EM pack: Gaurav Mehta, Ambit Capital","{""Ambit Capital"": ""neutral""}",15
9915,Tara Jewels Q2 net dips by 29 pc to Rs 11.03 crore,"{""Tara Jewels"": ""negative""}",12
6669,Drug firm Strides Arcolab reports Q4 net profit at Rs 69.66 crore,"{""Strides Arcolab"": ""positive""}",12
1060,"Dollar flat in Asia ahead of key data, Federal Policy meeting","{""Dollar"": ""neutral""}",11
4637,General Electric to sell $12 billion worth equity business to exit from banking sector,"{""banking sector"": ""negative""}",14
3243,Sebi bars Kolkata Weird Industries from raising funds,"{""Weird Industries"": ""negative""}",8
1679,IVRCL buy a profit venture for Essel Group,"{""IVRCL"": ""positive"", ""Essel Group"": ""positive""}",8
6893,"Difficult for markets to scale newer highs in current scenario: Dipan Mehta, Member BSE & NSE","{""BSE"": ""neutral"", ""NSE"": ""neutral""}",16
6375,"Post 2G spectrum auction, are telecom stocks good picks now?","{""telecom stocks"": ""neutral""}",10
7575,Merrill Lynch buys 2.35 lakh shares in Financial Technologies,"{""Financial Technologies"": ""positive"", ""Merrill Lynch"": ""neutral""}",9
1758,Indices on firm footing; financial stocks in focus,"{""financial stocks"": ""positive"", ""Indices"": ""positive""}",8
6020,Directors on PSB boards to get market fee soon,"{""PSB"": ""neutral""}",9
5117,"Rally will be led by cyclicals, rate sensitives: Ashwani Gujral","{""cyclicals"": ""positive"", ""rate sensitives"": ""positive""}",10
8756,Bearish on commodities: Mehrab Irani,"{""commodities"": ""negative""}",5
7409,Amara Raja hits 52-week high on strong Q2 results,"{""Amara Raja"": ""positive""}",9
2791,DB Realty rallies over 17% on hopes of approvals on stuck projects,"{""DB Realty"": ""positive""}",12
864,Guidance framework soon for companies to make right disclosures: BSE,"{""BSE"": ""neutral""}",10
7859,Jeera futures rise 1.70 per cent on pick-up in demand,"{""Jeera"": ""positive""}",10
1485,"Thomas Cook, Sterling Holidays extend gains post merger","{""Thomas Cook"": ""positive"", ""Sterling Holidays"": ""positive""}",8
7036,Egypt Suez Canal May revenue rises,"{""Egypt Suez Canal"": ""positive""}",6
7722,Apollo Tyres Q1 net rises 37.36% to Rs 227.94 crore,"{""Apollo Tyres"": ""positive""}",10
5978,Bank on the lenders for superb returns in 2016,"{""Bank"": ""neutral""}",9
5135,"Sensex, Nifty hit fresh record high ahead of RBI policy","{""Sensex"": ""positive"", ""Nifty"": ""positive"", ""RBI"": ""neutral""}",10
207,NSE operationalises SME platform with first listing,"{""NSE"": ""neutral""}",7
4489,Sell IndusInd Bank with a stop loss of Rs 560: Ashwani Gujral,"{""IndusInd Bank"": ""negative""}",12
6939,RComm volumes are good: Devang Visaria,"{""RComm"": ""positive""}",6
9063,Mentha oil falls 0.58 per cent on profit-booking,"{""Mentha oil"": ""negative""}",8
6911,Rashtriya Ispat Nigam Limited to go ahead with IPO plan despite damage by Hudhud: CMD P Madhusudan,"{""Rashtriya Ispat Nigam Limited"": ""neutral""}",17
503,Ameriprise Financial closes financial planning division in India,"{""Ameriprise Financial"": ""neutral""}",8
7386,Unichem Laboratories jumps on report of sale plans,"{""Unichem Laboratories"": ""positive""}",8
1029,Amar Ujala plans another IPO to raise about Rs 450 crore,"{""Amar Ujala"": ""neutral""}",11
3841,Sebi bars Haldhar Realty from raising money from investors,"{""Haldhar Realty"": ""negative"", ""Sebi"": ""neutral""}",9
8111,IFCI Q1 net rises 7.5 per cent to Rs 102 crore,"{""IFCI"": ""positive""}",11
5057,"Brokerages' views on Pidilite, Bosch, Sun Pharma, Nestle India, UPL","{""Pidilite"": ""neutral"", ""Bosch"": ""neutral"", ""Sun Pharma"": ""neutral"", ""Nestle India"": ""neutral"", ""UPL"": ""neutral""}",10
9763,Sell JSPL at a stop loss of Rs 290: Ashwani Gujral,"{""JSPL"": ""negative""}",11
8155,Moody's gives fifth reason for markets to cheer; record highs seen,"{""markets"": ""positive"", ""Moody"": ""neutral""}",11
2732,"Until Nifty crosses 8350-8400 zone, markets to remain rangebound: Ashwani Gujral","{""Nifty"": ""neutral"", ""markets"": ""neutral""}",11
8997,DLF: Reviewing $8.4 million penalty slapped by SEBI,"{""DLF"": ""negative"", ""SEBI"": ""neutral""}",8
2455,Torrent Pharmaceuticals Q2 net zooms three-fold to Rs 568 crore,"{""Torrent Pharmaceuticals"": ""positive""}",10
7216,"Barclays overweight on HCL Tech, target Rs 1,065.","{""HCL Tech"": ""positive"", ""Barclays"": ""neutral""}",8
3105,Novelis third quarter net profit jumps 3-fold to $46 million on new business model,"{""Novelis"": ""positive""}",14
8393,Radico Khaitan hits 52-week high as Rakesh Jhunjhunwala picks 6.85 lakh shares,"{""Radico Khaitan"": ""positive""}",12
6279,Former LIC Chairman Dinesh Kumar Mehrotra named to MCX board,"{""LIC"": ""neutral"", ""MCX"": ""neutral""}",10
3100,Marico posts 28 per cent jump in Q1 net profit to Rs 238 crore,"{""Marico"": ""positive""}",14
6185,"Srikanth Srinivas joins Adfactors as senior V-P, Public Affairs","{""Adfactors"": ""neutral""}",9
10471,"Network18, TV18 shares drop over 6 per cent on BSE","{""Network18"": ""negative"", ""TV18"": ""negative"", ""BSE"": ""neutral""}",10
3562,Birla Corporation Q3 Net falls 50%,"{""Birla Corporation"": ""negative""}",6
5893,Sebi directs Suraksha Agrotech to refund investor money,"{""Suraksha Agrotech"": ""negative"", ""Sebi"": ""neutral""}",8
392,Financial Technologies receives non-binding bids for its stake,"{""Financial Technologies"": ""neutral""}",8
6737,Risk premium narrows between government bonds and state-backed securities on lower supply,"{""government bonds"": ""neutral""}",12
5619,RBI agility helps tame money market volatility,"{""RBI"": ""neutral""}",7
5259,"HPCL, BPCL, IOC pare gains after firm start","{""HPCL"": ""negative"", ""BPCL"": ""negative"", ""IOC"": ""negative""}",8
9688,IndusInd Bank shares fall over four per cent on RBI move,"{""IndusInd Bank"": ""negative"", ""RBI"": ""neutral""}",11
2696,Share sale proceeds to help Prestige Estates Projects cut debt component,"{""Prestige Estates Projects"": ""neutral""}",11
2028,JSW Energy closes up a paltry 0.75% on BSE,"{""JSW Energy"": ""positive""}",9
5464,Anant Goenka promoted as Ceat MD,"{""Ceat"": ""neutral""}",6
2569,"Foreign institutional investors pump in Rs 4,900 crore in Indian stocks","{""Indian stocks"": ""positive""}",11
8007,Wealthy investors lap up NHAI's Rs 10k cr bond issue,"{""NHAI"": ""positive""}",10
65,Tata Sons names Gopichand Katragadda chief technology officer,"{""Tata Sons"": ""neutral""}",8
2063,Oil near 9-month high as Iraq battles for refinery,"{""Oil"": ""positive""}",9
5277,"Sensex ends flat, above 25000; Nifty holds 7450","{""Sensex"": ""neutral"", ""Nifty"": ""neutral""}",8
7209,Ashok Leyland Q4 net up at 298.23 crore,"{""Ashok Leyland"": ""positive""}",8
8685,Cautious on two-wheeler space: David Pezarkar,"{""two-wheeler"": ""negative""}",6
8572,IIFL recommends Apollo Tyres with a `Buy and a target price of Rs 94,"{""Apollo Tyres"": ""positive"", ""IIFL"": ""neutral""}",14
6332,Maharashtra Seamless' Board approves Rs 100 crore share buy back,"{""Maharashtra Seamless"": ""neutral""}",10
4860,"China stocks drop as yuan falls further; airlines, property in the crosshairs","{""China stocks"": ""negative"", ""yuan"": ""negative"", ""airlines"": ""negative"", ""property"": ""negative""}",12
4888,"Chart Check from IIFL Private Wealth for Monday, March 19: Idea, Ranbaxy","{""Idea"": ""neutral"", ""Ranbaxy"": ""neutral""}",12
9269,MF agent's guaranteed returns to Flipkart violate Sebi norms,"{""Flipkart"": ""negative"", ""Sebi"": ""neutral""}",9
879,"Info Edge: Economic turnaround, improved hiring to be immediate trigger","{""Info Edge"": ""neutral""}",10
8530,Sugar stocks see sweet gains as govt approves subsidy on raw sugar export,"{""Sugar stocks"": ""positive""}",13
7917,"OMCs may cut petrol, diesel price in November; stocks gain","{""OMC"": ""positive""}",10
6864,Suggest to wait till ICICI Bank plans to list its insurance arm: Deepak Shenoy,"{""ICICI Bank"": ""neutral""}",14
7893,"Momentum in markets looks upbeat: Anand Tandon, CEO, JRG Securities","{""markets"": ""positive"", ""JRG Securities"": ""neutral""}",10
6440,100 Infosys shares for 9.5K in 1993 now worth 4 crore,"{""Infosys"": ""neutral""}",11
7870,Liberty Shoes logs 20 pc rise in June quarter Net,"{""Liberty Shoes"": ""positive""}",10
1017,What should investors do with RIL ahead of Q2 results?,"{""RIL"": ""neutral""}",10
9468,Higher supply pulls down crude palm oil at futures trade,"{""crude palm oil"": ""negative""}",10
7630,"Safe-haven bids keep gold above $1,300; physical demand eyed","{""gold"": ""positive""}",9
996,Sugar companies & investors get the sweet smell of revival,"{""Sugar companies"": ""positive""}",10
10174,"Discom revival plan fails to lift power stocks; REC, PFC fall up to 13%","{""REC"": ""negative"", ""PFC"": ""negative"", ""power stocks"": ""negative""}",14
4298,"Rubber prices likely to struggle, no rebound in sight :Industry body","{""Rubber"": ""negative""}",11
162,RBI Deputy Governor Anand Sinha retires,"{""RBI"": ""neutral""}",6
5676,6 smart things to know about gold loans,"{""gold"": ""neutral""}",8
6874,Hard to say if the rebound in the markets will sustain or not: Ashwani Gujral,"{""markets"": ""neutral""}",15
9693,IRB Infra Q2 net profit down 12% at Rs 107 crore,"{""IRB Infra"": ""negative""}",11
7990,"Thin world markets rally may run longer, draw new cash","{""world markets"": ""positive""}",10
3844,Sebi imposes Rs 5 lakh fine on Serene Industries,"{""Serene Industries"": ""negative"", ""Sebi"": ""neutral""}",9
1022,Worldpay Group Ltd valued at $7.4 billion in London listing,"{""Worldpay Group Ltd"": ""neutral""}",10
3074,Both private and PSU banks look good at this point in time: Arindam Ghosh,"{""private"": ""positive"", ""PSU banks"": ""positive""}",14
7556,L&T in talk to supply nuclear equipments; stock up,"{""L&T"": ""positive""}",9
3944,DLF Ltd slips as High Court cancels 300-acre land allotment,"{""DLF Ltd"": ""negative""}",10
1586,Pistachio up on fresh buying,"{""Pistachio"": ""positive""}",5
10148,"Impact of delay in gas price hike: RIL, ONGC may fall in the short term","{""RIL"": ""negative"", ""ONGC"": ""negative""}",15
3153,"Outlook for auto ancilliary stocks bright in medium to long term: Mayuresh Joshi, Angel Broking","{""auto ancilliary stocks"": ""positive""}",15
8227,Star Network's Balaji exit sparks excitement in entertainment space: Deven Choksey,"{""Star Network"": ""neutral"", ""Balaji"": ""neutral""}",11
776,What analysts have to say about Infosys Q3 results,"{""Infosys"": ""neutral""}",9
9671,"Growth fears weigh on major shares, dollar up after big slide","{""dollar"": ""positive""}",11
7100,Guargum futures recover on rising spot demand,"{""Guargum"": ""positive""}",7
5487,Overweight on IT sector: BP Singh,"{""IT sector"": ""neutral""}",6
6236,Bharat Forge Q2 profit nearly flat at Rs 175 crore,"{""Bharat Forge"": ""neutral""}",10
9556,Sterling edges down on dovish BoE comments; eyes on Fed,"{""Sterling"": ""negative"", ""BoE"": ""neutral""}",10
7042,"22,715 new all-time closing high for Sensex","{""Sensex"": ""positive""}",7
2613,Jyothy Labs registers 89.9% jump in net profit in Q2 FY15,"{""Jyothy Labs"": ""positive""}",11
7514,Gold's safe-haven gains from Greece fizzle on robust dollar,"{""Gold"": ""positive"", ""dollar"": ""positive""}",9
10234,"Private banks, power, oil & gas, auto, tourism to outperform in 2015: Emkay","{""Private banks"": ""positive"", ""power"": ""positive"", ""oil & gas"": ""positive"", ""auto"": ""positive"", ""tourism"": ""positive""}",13
8434,TV18 posts multi-fold decline in FY-11 net loss at Rs 20.11 crore,"{""TV18"": ""positive""}",12
10254,"Gold glitters to top Rs 32,000 mark on global cues; silver shines","{""Gold"": ""positive"", ""silver"": ""positive""}",12
10556,InterGlobe on a high; other airline stocks also gain,"{""InterGlobe"": ""positive"", ""airline stocks"": ""positive""}",9
8793,Asian markets: Tokyo stocks open 0.28% lower,"{""Tokyo stocks"": ""negative""}",7
10628,"Stocks, FX slip lower as steep annual losses loom","{""Stocks"": ""negative"", ""FX"": ""negative""}",9
5394,Sebi revamps secondary market advisory committee,"{""Sebi"": ""neutral""}",6
8839,"Further downside likely: Sonam Udasi, IDBI Capital","{""IDBI Capital"": ""neutral""}",7
3891,"Weak demand, higher supply drag down mentha oil futures","{""mentha oil futures"": ""negative""}",9
3557,"BP shares plunge, US threatens new penalties","{""BP"": ""negative""}",7
1529,Siemens shares gain after strong earnings,"{""Siemens"": ""positive""}",6
1268,NSEL-FTIL merger issue: Govt to seek more time from Bombay High Court,"{""NSEL"": ""neutral"", ""FTIL"": ""neutral""}",12
7735,"Berger Paints gains 8% on robust Q1 results, expansion plans","{""Berger Paints"": ""positive""}",10
1900,Broader markets valuations look attractive: Ambit Capital,"{""Ambit Capital"": ""neutral""}",7
4659,Spice Communications IPO case: Sebi bans Dipti Kirit Parekh from markets for 2 years,"{""Spice Communications"": ""negative""}",14
3006,Larsen & Toubro's Q1 net profit soars 111% on sale of assets and stake,"{""Larsen & Toubro"": ""positive""}",13
2735,Vedanta's weight in key indices to rise post Cairn India buyout,"{""Vedanta"": ""positive"", ""Cairn India"": ""neutral""}",11
190,Things that influence pharmaceutical sector growth story,"{""pharmaceutical sector"": ""neutral""}",7
9999,Shameful that listed firms not finding women directors: Sebi Chief U K Sinha,"{""Sebi"": ""neutral""}",13
9168,Balance sheet oriented news driving telecom stocks: Nitin Raheja,"{""telecom stocks"": ""negative""}",9
2748,365 days of Modi govt: Global funds seen increasing India weightage: HSBC,"{""HSBC"": ""neutral""}",12
2048,Metals and banking are likely to outperform: Ashwani Gujral,"{""Metals"": ""positive"", ""banking"": ""positive""}",9
7850,IT stocks to benefit in the short term: Mitesh Thacker,"{""IT stocks"": ""positive""}",10
2559,Escorts been trading up pretty well around Rs 80: CK Narayan,"{""Escorts"": ""positive""}",11
9275,MRF Q2 net dips 19% at Rs 171 crore,"{""MRF"": ""negative""}",9
8667,"Make a base right now, trade in low volatile ranges: Gaurang Shah, Geojit BNP Paribas Financial Services","{""Geojit BNP Paribas Financial Services"": ""neutral""}",17
6397,Sebi to participate in India International Trade Fair at Delhi,"{""Sebi"": ""neutral"", ""India International Trade Fair"": ""neutral""}",10
3386,Manali Petrochemicals Q4 net down 72.6 pc,"{""Manali Petrochemicals"": ""negative""}",7
4556,DLF slips over 4% as Q1 net profit slips on lower home sales,"{""DLF"": ""negative""}",13
1185,Standard Chartered appoints former SBI chief OP Bhatt as board member,"{""Standard Chartered"": ""neutral"", ""SBI"": ""neutral""}",11
6421,Top three reasons why rupee is gaining strength against USD,"{""rupee"": ""neutral"", ""USD"": ""neutral""}",10
5052,"Bharat Forge, Bharti Infra may make it to MSCI India","{""Bharat Forge"": ""positive"", ""Bharti Infra"": ""positive"", ""MSCI India"": ""neutral""}",10
5312,"Chilli, turmeric prices rise on fresh buying","{""Chilli"": ""negative"", ""turmeric"": ""negative""}",7
2434,SJVNL Q3 net profit rises 10% to Rs 210.93 crore,"{""SJVNL"": ""positive""}",10
6950,Street mood lifts Oriental Hotels,"{""Oriental Hotels"": ""positive""}",5
10584,"Sensex hits record all-time high; Nifty races past 7,600","{""Sensex"": ""positive"", ""Nifty"": ""positive""}",9
770,VRL Logistics IPO subscribed 0.47 times on Day 1,"{""VRL Logistics"": ""neutral""}",9
1686,Insecticides India Q1 net up 29 per cent,"{""Insecticides India"": ""positive""}",8
8323,Go for bigger names like SBI in public sector banks: IV Subramaniam,"{""SBI"": ""positive""}",12
5579,Mid-cap stocks set to play catch-up soon,"{""Mid-cap stocks"": ""neutral""}",7
4427,J&K Bank can slide down to levels closer to 1370: Prakash Gaba,"{""J&K Bank"": ""negative""}",12
467,BS Transcomm debuts at Rs 257/share on NSE,"{""BS Transcomm"": ""neutral""}",8
6266,ET in the Classroom: Simple strategies to play Nifty F&O,"{""Nifty"": ""neutral""}",10
5735,D K Sarraf takes over as ONGC Chairman,"{""ONGC"": ""neutral""}",8
5192,Sensex slips over 100 points; Nifty tests 7900 levels,"{""Sensex"": ""negative"", ""Nifty"": ""neutral""}",9
5391,Sebi finalises norms for research analysts,"{""Sebi"": ""neutral""}",6
861,"Goldman Sachs prices 30-year, $974 million bond in Taiwan: Sources","{""Goldman Sachs"": ""neutral""}",10
7271,GSK Consumer gains 1.7% on in-line Q4 results,"{""GSK Consumer"": ""positive""}",8
